codigo_recurso;descripcion;categoria;unidad_fuente;pais_codigo;moneda;precio_referencia;precio_min;precio_max;fuente;fecha_consulta;confianza;incluye_iva;incluye_transporte;origen;observaciones
MO-OF1;Oficial de 1ª.;mano_obra;h;CO;COP;13750.0;;;docs/INVESTIGACION_PRECIOS_RONDA_1.md;2026-08-19;referencia;por_verificar;no_confirmado;nacional;"Referencia central; validar presentación y proveedor."
MO-OF1;Oficial de 1ª.;mano_obra;h;PE;PEN;8.71875;;;docs/INVESTIGACION_PRECIOS_RONDA_1.md;2026-08-19;referencia;por_verificar;no_confirmado;nacional;"Referencia central; validar presentación y proveedor."
MO-OF1;Oficial de 1ª.;mano_obra;h;MX;MXN;93.75;;;docs/INVESTIGACION_PRECIOS_RONDA_1.md;2026-08-19;referencia;por_verificar;no_confirmado;nacional;"Referencia central; validar presentación y proveedor."
MO-OF1;Oficial de 1ª.;mano_obra;h;EC;USD;2.70875;;;docs/INVESTIGACION_PRECIOS_RONDA_1.md;2026-08-19;referencia;por_verificar;no_confirmado;nacional;"Referencia central; validar presentación y proveedor."
MO-OF1-PISO;Oficial de 1ª colocador de pisos.;mano_obra;h;CO;COP;;;;;;pendiente;por_verificar;no_confirmado;pendiente;Pendiente de investigación específica.
MO-OF1-PISO;Oficial de 1ª colocador de pisos.;mano_obra;h;PE;PEN;;;;;;pendiente;por_verificar;no_confirmado;pendiente;Pendiente de investigación específica.
MO-OF1-PISO;Oficial de 1ª colocador de pisos.;mano_obra;h;MX;MXN;;;;;;pendiente;por_verificar;no_confirmado;pendiente;Pendiente de investigación específica.
MO-OF1-PISO;Oficial de 1ª colocador de pisos.;mano_obra;h;EC;USD;;;;;;pendiente;por_verificar;no_confirmado;pendiente;Pendiente de investigación específica.
MO-OF1-ALI;Oficial de 1ª alicatador.;mano_obra;h;CO;COP;;;;;;pendiente;por_verificar;no_confirmado;pendiente;Pendiente de investigación específica.
MO-OF1-ALI;Oficial de 1ª alicatador.;mano_obra;h;PE;PEN;;;;;;pendiente;por_verificar;no_confirmado;pendiente;Pendiente de investigación específica.
MO-OF1-ALI;Oficial de 1ª alicatador.;mano_obra;h;MX;MXN;;;;;;pendiente;por_verificar;no_confirmado;pendiente;Pendiente de investigación específica.
MO-OF1-ALI;Oficial de 1ª alicatador.;mano_obra;h;EC;USD;;;;;;pendiente;por_verificar;no_confirmado;pendiente;Pendiente de investigación específica.
MO-OF1-ALB;Oficial de 1ª albañil.;mano_obra;h;CO;COP;;;;;;pendiente;por_verificar;no_confirmado;pendiente;Pendiente de investigación específica.
MO-OF1-ALB;Oficial de 1ª albañil.;mano_obra;h;PE;PEN;;;;;;pendiente;por_verificar;no_confirmado;pendiente;Pendiente de investigación específica.
MO-OF1-ALB;Oficial de 1ª albañil.;mano_obra;h;MX;MXN;;;;;;pendiente;por_verificar;no_confirmado;pendiente;Pendiente de investigación específica.
MO-OF1-ALB;Oficial de 1ª albañil.;mano_obra;h;EC;USD;;;;;;pendiente;por_verificar;no_confirmado;pendiente;Pendiente de investigación específica.
MO-OF1-MON;Oficial de 1ª montador de prefabricados interiores.;mano_obra;h;CO;COP;;;;;;pendiente;por_verificar;no_confirmado;pendiente;Pendiente de investigación específica.
MO-OF1-MON;Oficial de 1ª montador de prefabricados interiores.;mano_obra;h;PE;PEN;;;;;;pendiente;por_verificar;no_confirmado;pendiente;Pendiente de investigación específica.
MO-OF1-MON;Oficial de 1ª montador de prefabricados interiores.;mano_obra;h;MX;MXN;;;;;;pendiente;por_verificar;no_confirmado;pendiente;Pendiente de investigación específica.
MO-OF1-MON;Oficial de 1ª montador de prefabricados interiores.;mano_obra;h;EC;USD;;;;;;pendiente;por_verificar;no_confirmado;pendiente;Pendiente de investigación específica.
MO-AYU-ESP;Ayudante especializado.;mano_obra;h;CO;COP;;;;;;pendiente;por_verificar;no_confirmado;pendiente;Pendiente de investigación específica.
MO-AYU-ESP;Ayudante especializado.;mano_obra;h;PE;PEN;;;;;;pendiente;por_verificar;no_confirmado;pendiente;Pendiente de investigación específica.
MO-AYU-ESP;Ayudante especializado.;mano_obra;h;MX;MXN;;;;;;pendiente;por_verificar;no_confirmado;pendiente;Pendiente de investigación específica.
MO-AYU-ESP;Ayudante especializado.;mano_obra;h;EC;USD;;;;;;pendiente;por_verificar;no_confirmado;pendiente;Pendiente de investigación específica.
MO-AYU;Ayudante.;mano_obra;h;CO;COP;9000.0;;;docs/INVESTIGACION_PRECIOS_RONDA_1.md;2026-08-19;referencia;por_verificar;no_confirmado;nacional;"Referencia central; validar presentación y proveedor."
MO-AYU;Ayudante.;mano_obra;h;PE;PEN;7.85;;;docs/INVESTIGACION_PRECIOS_RONDA_1.md;2026-08-19;referencia;por_verificar;no_confirmado;nacional;"Referencia central; validar presentación y proveedor."
MO-AYU;Ayudante.;mano_obra;h;MX;MXN;50.0;;;docs/INVESTIGACION_PRECIOS_RONDA_1.md;2026-08-19;referencia;por_verificar;no_confirmado;nacional;"Referencia central; validar presentación y proveedor."
MO-AYU;Ayudante.;mano_obra;h;EC;USD;2.5;;;docs/INVESTIGACION_PRECIOS_RONDA_1.md;2026-08-19;referencia;por_verificar;no_confirmado;nacional;"Referencia central; validar presentación y proveedor."
MO-OF1-PIN;Oficial de 1ª pintor.;mano_obra;h;CO;COP;;;;;;pendiente;por_verificar;no_confirmado;pendiente;Pendiente de investigación específica.
MO-OF1-PIN;Oficial de 1ª pintor.;mano_obra;h;PE;PEN;;;;;;pendiente;por_verificar;no_confirmado;pendiente;Pendiente de investigación específica.
MO-OF1-PIN;Oficial de 1ª pintor.;mano_obra;h;MX;MXN;;;;;;pendiente;por_verificar;no_confirmado;pendiente;Pendiente de investigación específica.
MO-OF1-PIN;Oficial de 1ª pintor.;mano_obra;h;EC;USD;;;;;;pendiente;por_verificar;no_confirmado;pendiente;Pendiente de investigación específica.
MO-OF1-PLO;Oficial de 1ª plomero.;mano_obra;h;CO;COP;;;;;;pendiente;por_verificar;no_confirmado;pendiente;Pendiente de investigación específica.
MO-OF1-PLO;Oficial de 1ª plomero.;mano_obra;h;PE;PEN;;;;;;pendiente;por_verificar;no_confirmado;pendiente;Pendiente de investigación específica.
MO-OF1-PLO;Oficial de 1ª plomero.;mano_obra;h;MX;MXN;;;;;;pendiente;por_verificar;no_confirmado;pendiente;Pendiente de investigación específica.
MO-OF1-PLO;Oficial de 1ª plomero.;mano_obra;h;EC;USD;;;;;;pendiente;por_verificar;no_confirmado;pendiente;Pendiente de investigación específica.
MO-OF1-ELE;Oficial de 1ª electricista.;mano_obra;h;CO;COP;;;;;;pendiente;por_verificar;no_confirmado;pendiente;Pendiente de investigación específica.
MO-OF1-ELE;Oficial de 1ª electricista.;mano_obra;h;PE;PEN;;;;;;pendiente;por_verificar;no_confirmado;pendiente;Pendiente de investigación específica.
MO-OF1-ELE;Oficial de 1ª electricista.;mano_obra;h;MX;MXN;;;;;;pendiente;por_verificar;no_confirmado;pendiente;Pendiente de investigación específica.
MO-OF1-ELE;Oficial de 1ª electricista.;mano_obra;h;EC;USD;;;;;;pendiente;por_verificar;no_confirmado;pendiente;Pendiente de investigación específica.
MO-OF1-CAB;Oficial de 1ª cabillero (armador de acero de refuerzo).;mano_obra;h;CO;COP;;;;;;pendiente;por_verificar;no_confirmado;pendiente;Pendiente de investigación específica.
MO-OF1-CAB;Oficial de 1ª cabillero (armador de acero de refuerzo).;mano_obra;h;PE;PEN;;;;;;pendiente;por_verificar;no_confirmado;pendiente;Pendiente de investigación específica.
MO-OF1-CAB;Oficial de 1ª cabillero (armador de acero de refuerzo).;mano_obra;h;MX;MXN;;;;;;pendiente;por_verificar;no_confirmado;pendiente;Pendiente de investigación específica.
MO-OF1-CAB;Oficial de 1ª cabillero (armador de acero de refuerzo).;mano_obra;h;EC;USD;;;;;;pendiente;por_verificar;no_confirmado;pendiente;Pendiente de investigación específica.
MO-OF1-CARP;Oficial de 1ª carpintero de obra (encofrador).;mano_obra;h;CO;COP;;;;;;pendiente;por_verificar;no_confirmado;pendiente;Pendiente de investigación específica.
MO-OF1-CARP;Oficial de 1ª carpintero de obra (encofrador).;mano_obra;h;PE;PEN;;;;;;pendiente;por_verificar;no_confirmado;pendiente;Pendiente de investigación específica.
MO-OF1-CARP;Oficial de 1ª carpintero de obra (encofrador).;mano_obra;h;MX;MXN;;;;;;pendiente;por_verificar;no_confirmado;pendiente;Pendiente de investigación específica.
MO-OF1-CARP;Oficial de 1ª carpintero de obra (encofrador).;mano_obra;h;EC;USD;;;;;;pendiente;por_verificar;no_confirmado;pendiente;Pendiente de investigación específica.
MO-OF1-SOLD;Oficial de 1ª soldador.;mano_obra;h;CO;COP;;;;;;pendiente;por_verificar;no_confirmado;pendiente;Pendiente de investigación específica.
MO-OF1-SOLD;Oficial de 1ª soldador.;mano_obra;h;PE;PEN;;;;;;pendiente;por_verificar;no_confirmado;pendiente;Pendiente de investigación específica.
MO-OF1-SOLD;Oficial de 1ª soldador.;mano_obra;h;MX;MXN;;;;;;pendiente;por_verificar;no_confirmado;pendiente;Pendiente de investigación específica.
MO-OF1-SOLD;Oficial de 1ª soldador.;mano_obra;h;EC;USD;;;;;;pendiente;por_verificar;no_confirmado;pendiente;Pendiente de investigación específica.
MO-OF1-CARPM;Oficial de 1ª carpintero de madera estructural.;mano_obra;h;CO;COP;;;;;;pendiente;por_verificar;no_confirmado;pendiente;Pendiente de investigación específica.
MO-OF1-CARPM;Oficial de 1ª carpintero de madera estructural.;mano_obra;h;PE;PEN;;;;;;pendiente;por_verificar;no_confirmado;pendiente;Pendiente de investigación específica.
MO-OF1-CARPM;Oficial de 1ª carpintero de madera estructural.;mano_obra;h;MX;MXN;;;;;;pendiente;por_verificar;no_confirmado;pendiente;Pendiente de investigación específica.
MO-OF1-CARPM;Oficial de 1ª carpintero de madera estructural.;mano_obra;h;EC;USD;;;;;;pendiente;por_verificar;no_confirmado;pendiente;Pendiente de investigación específica.
MO-OF1-VIDR;Oficial de 1ª vidriero.;mano_obra;h;CO;COP;;;;;;pendiente;por_verificar;no_confirmado;pendiente;Pendiente de investigación específica.
MO-OF1-VIDR;Oficial de 1ª vidriero.;mano_obra;h;PE;PEN;;;;;;pendiente;por_verificar;no_confirmado;pendiente;Pendiente de investigación específica.
MO-OF1-VIDR;Oficial de 1ª vidriero.;mano_obra;h;MX;MXN;;;;;;pendiente;por_verificar;no_confirmado;pendiente;Pendiente de investigación específica.
MO-OF1-VIDR;Oficial de 1ª vidriero.;mano_obra;h;EC;USD;;;;;;pendiente;por_verificar;no_confirmado;pendiente;Pendiente de investigación específica.
MO-OF1-AC;Oficial de 1ª técnico en refrigeración y climatización.;mano_obra;h;CO;COP;;;;;;pendiente;por_verificar;no_confirmado;pendiente;Pendiente de investigación específica.
MO-OF1-AC;Oficial de 1ª técnico en refrigeración y climatización.;mano_obra;h;PE;PEN;;;;;;pendiente;por_verificar;no_confirmado;pendiente;Pendiente de investigación específica.
MO-OF1-AC;Oficial de 1ª técnico en refrigeración y climatización.;mano_obra;h;MX;MXN;;;;;;pendiente;por_verificar;no_confirmado;pendiente;Pendiente de investigación específica.
MO-OF1-AC;Oficial de 1ª técnico en refrigeración y climatización.;mano_obra;h;EC;USD;;;;;;pendiente;por_verificar;no_confirmado;pendiente;Pendiente de investigación específica.
MO-OF1-JARD;Oficial de 1ª jardinero.;mano_obra;h;CO;COP;;;;;;pendiente;por_verificar;no_confirmado;pendiente;Pendiente de investigación específica.
MO-OF1-JARD;Oficial de 1ª jardinero.;mano_obra;h;PE;PEN;;;;;;pendiente;por_verificar;no_confirmado;pendiente;Pendiente de investigación específica.
MO-OF1-JARD;Oficial de 1ª jardinero.;mano_obra;h;MX;MXN;;;;;;pendiente;por_verificar;no_confirmado;pendiente;Pendiente de investigación específica.
MO-OF1-JARD;Oficial de 1ª jardinero.;mano_obra;h;EC;USD;;;;;;pendiente;por_verificar;no_confirmado;pendiente;Pendiente de investigación específica.
MT-ADH-C2TE;Adhesivo cementoso mejorado tipo C2 TE, de deslizamiento reducido y tiempo abierto ampliado, para colocación de porcelanato en capa fina.;materiales;kg;CO;COP;;;;;;pendiente;por_verificar;no_confirmado;pendiente;Pendiente de investigación específica.
MT-ADH-C2TE;Adhesivo cementoso mejorado tipo C2 TE, de deslizamiento reducido y tiempo abierto ampliado, para colocación de porcelanato en capa fina.;materiales;kg;PE;PEN;;;;;;pendiente;por_verificar;no_confirmado;pendiente;Pendiente de investigación específica.
MT-ADH-C2TE;Adhesivo cementoso mejorado tipo C2 TE, de deslizamiento reducido y tiempo abierto ampliado, para colocación de porcelanato en capa fina.;materiales;kg;MX;MXN;;;;;;pendiente;por_verificar;no_confirmado;pendiente;Pendiente de investigación específica.
MT-ADH-C2TE;Adhesivo cementoso mejorado tipo C2 TE, de deslizamiento reducido y tiempo abierto ampliado, para colocación de porcelanato en capa fina.;materiales;kg;EC;USD;;;;;;pendiente;por_verificar;no_confirmado;pendiente;Pendiente de investigación específica.
MT-ADH-C1;Adhesivo cementoso normal tipo C1, color gris, para colocación de cerámica en capa fina.;materiales;kg;CO;COP;;;;;;pendiente;por_verificar;no_confirmado;pendiente;Pendiente de investigación específica.
MT-ADH-C1;Adhesivo cementoso normal tipo C1, color gris, para colocación de cerámica en capa fina.;materiales;kg;PE;PEN;;;;;;pendiente;por_verificar;no_confirmado;pendiente;Pendiente de investigación específica.
MT-ADH-C1;Adhesivo cementoso normal tipo C1, color gris, para colocación de cerámica en capa fina.;materiales;kg;MX;MXN;;;;;;pendiente;por_verificar;no_confirmado;pendiente;Pendiente de investigación específica.
MT-ADH-C1;Adhesivo cementoso normal tipo C1, color gris, para colocación de cerámica en capa fina.;materiales;kg;EC;USD;;;;;;pendiente;por_verificar;no_confirmado;pendiente;Pendiente de investigación específica.
MT-JUN-CG2;Mortero de juntas cementoso tipo CG2, de absorción reducida y resistencia elevada a la abrasión, en el color elegido.;materiales;kg;CO;COP;;;;;;pendiente;por_verificar;no_confirmado;pendiente;Pendiente de investigación específica.
MT-JUN-CG2;Mortero de juntas cementoso tipo CG2, de absorción reducida y resistencia elevada a la abrasión, en el color elegido.;materiales;kg;PE;PEN;;;;;;pendiente;por_verificar;no_confirmado;pendiente;Pendiente de investigación específica.
MT-JUN-CG2;Mortero de juntas cementoso tipo CG2, de absorción reducida y resistencia elevada a la abrasión, en el color elegido.;materiales;kg;MX;MXN;;;;;;pendiente;por_verificar;no_confirmado;pendiente;Pendiente de investigación específica.
MT-JUN-CG2;Mortero de juntas cementoso tipo CG2, de absorción reducida y resistencia elevada a la abrasión, en el color elegido.;materiales;kg;EC;USD;;;;;;pendiente;por_verificar;no_confirmado;pendiente;Pendiente de investigación específica.
MT-CRU-NIV;Sistema de crucetas y cuñas niveladoras de un solo uso para colocación de baldosa.;materiales;ud;CO;COP;;;;;;pendiente;por_verificar;no_confirmado;pendiente;Pendiente de investigación específica.
MT-CRU-NIV;Sistema de crucetas y cuñas niveladoras de un solo uso para colocación de baldosa.;materiales;ud;PE;PEN;;;;;;pendiente;por_verificar;no_confirmado;pendiente;Pendiente de investigación específica.
MT-CRU-NIV;Sistema de crucetas y cuñas niveladoras de un solo uso para colocación de baldosa.;materiales;ud;MX;MXN;;;;;;pendiente;por_verificar;no_confirmado;pendiente;Pendiente de investigación específica.
MT-CRU-NIV;Sistema de crucetas y cuñas niveladoras de un solo uso para colocación de baldosa.;materiales;ud;EC;USD;;;;;;pendiente;por_verificar;no_confirmado;pendiente;Pendiente de investigación específica.
MT-AUT-NIV;Mortero autonivelante de base cemento para regularización de soportes interiores.;materiales;kg;CO;COP;;;;;;pendiente;por_verificar;no_confirmado;pendiente;Pendiente de investigación específica.
MT-AUT-NIV;Mortero autonivelante de base cemento para regularización de soportes interiores.;materiales;kg;PE;PEN;;;;;;pendiente;por_verificar;no_confirmado;pendiente;Pendiente de investigación específica.
MT-AUT-NIV;Mortero autonivelante de base cemento para regularización de soportes interiores.;materiales;kg;MX;MXN;;;;;;pendiente;por_verificar;no_confirmado;pendiente;Pendiente de investigación específica.
MT-AUT-NIV;Mortero autonivelante de base cemento para regularización de soportes interiores.;materiales;kg;EC;USD;;;;;;pendiente;por_verificar;no_confirmado;pendiente;Pendiente de investigación específica.
MT-IMP-PRIM;Imprimación tapaporos de resinas acrílicas en dispersión acuosa, para regular la absorción del soporte.;materiales;l;CO;COP;;;;;;pendiente;por_verificar;no_confirmado;pendiente;Pendiente de investigación específica.
MT-IMP-PRIM;Imprimación tapaporos de resinas acrílicas en dispersión acuosa, para regular la absorción del soporte.;materiales;l;PE;PEN;;;;;;pendiente;por_verificar;no_confirmado;pendiente;Pendiente de investigación específica.
MT-IMP-PRIM;Imprimación tapaporos de resinas acrílicas en dispersión acuosa, para regular la absorción del soporte.;materiales;l;MX;MXN;;;;;;pendiente;por_verificar;no_confirmado;pendiente;Pendiente de investigación específica.
MT-IMP-PRIM;Imprimación tapaporos de resinas acrílicas en dispersión acuosa, para regular la absorción del soporte.;materiales;l;EC;USD;;;;;;pendiente;por_verificar;no_confirmado;pendiente;Pendiente de investigación específica.
MT-PER-BANDA;Banda perimetral de polietileno expandido de 10 mm para desolidarizar el afirmado de los paramentos.;materiales;m;CO;COP;;;;;;pendiente;por_verificar;no_confirmado;pendiente;Pendiente de investigación específica.
MT-PER-BANDA;Banda perimetral de polietileno expandido de 10 mm para desolidarizar el afirmado de los paramentos.;materiales;m;PE;PEN;;;;;;pendiente;por_verificar;no_confirmado;pendiente;Pendiente de investigación específica.
MT-PER-BANDA;Banda perimetral de polietileno expandido de 10 mm para desolidarizar el afirmado de los paramentos.;materiales;m;MX;MXN;;;;;;pendiente;por_verificar;no_confirmado;pendiente;Pendiente de investigación específica.
MT-PER-BANDA;Banda perimetral de polietileno expandido de 10 mm para desolidarizar el afirmado de los paramentos.;materiales;m;EC;USD;;;;;;pendiente;por_verificar;no_confirmado;pendiente;Pendiente de investigación específica.
MT-SAC-ESC;Saco de rafia de alta resistencia para retirada manual de escombro.;materiales;ud;CO;COP;;;;;;pendiente;por_verificar;no_confirmado;pendiente;Pendiente de investigación específica.
MT-SAC-ESC;Saco de rafia de alta resistencia para retirada manual de escombro.;materiales;ud;PE;PEN;;;;;;pendiente;por_verificar;no_confirmado;pendiente;Pendiente de investigación específica.
MT-SAC-ESC;Saco de rafia de alta resistencia para retirada manual de escombro.;materiales;ud;MX;MXN;;;;;;pendiente;por_verificar;no_confirmado;pendiente;Pendiente de investigación específica.
MT-SAC-ESC;Saco de rafia de alta resistencia para retirada manual de escombro.;materiales;ud;EC;USD;;;;;;pendiente;por_verificar;no_confirmado;pendiente;Pendiente de investigación específica.
MT-PYL-CANAL;Canal de acero galvanizado de 70 mm para arranque y remate de tabique autoportante.;materiales;m;CO;COP;;;;;;pendiente;por_verificar;no_confirmado;pendiente;Pendiente de investigación específica.
MT-PYL-CANAL;Canal de acero galvanizado de 70 mm para arranque y remate de tabique autoportante.;materiales;m;PE;PEN;;;;;;pendiente;por_verificar;no_confirmado;pendiente;Pendiente de investigación específica.
MT-PYL-CANAL;Canal de acero galvanizado de 70 mm para arranque y remate de tabique autoportante.;materiales;m;MX;MXN;;;;;;pendiente;por_verificar;no_confirmado;pendiente;Pendiente de investigación específica.
MT-PYL-CANAL;Canal de acero galvanizado de 70 mm para arranque y remate de tabique autoportante.;materiales;m;EC;USD;;;;;;pendiente;por_verificar;no_confirmado;pendiente;Pendiente de investigación específica.
MT-PYL-MONT;Montante de acero galvanizado de 70 mm para estructura de tabique autoportante.;materiales;m;CO;COP;;;;;;pendiente;por_verificar;no_confirmado;pendiente;Pendiente de investigación específica.
MT-PYL-MONT;Montante de acero galvanizado de 70 mm para estructura de tabique autoportante.;materiales;m;PE;PEN;;;;;;pendiente;por_verificar;no_confirmado;pendiente;Pendiente de investigación específica.
MT-PYL-MONT;Montante de acero galvanizado de 70 mm para estructura de tabique autoportante.;materiales;m;MX;MXN;;;;;;pendiente;por_verificar;no_confirmado;pendiente;Pendiente de investigación específica.
MT-PYL-MONT;Montante de acero galvanizado de 70 mm para estructura de tabique autoportante.;materiales;m;EC;USD;;;;;;pendiente;por_verificar;no_confirmado;pendiente;Pendiente de investigación específica.
MT-PYL-PLACA;Placa de yeso laminado estándar de 15 mm de espesor, borde afinado.;materiales;m2;CO;COP;;;;;;pendiente;por_verificar;no_confirmado;pendiente;Pendiente de investigación específica.
MT-PYL-PLACA;Placa de yeso laminado estándar de 15 mm de espesor, borde afinado.;materiales;m2;PE;PEN;;;;;;pendiente;por_verificar;no_confirmado;pendiente;Pendiente de investigación específica.
MT-PYL-PLACA;Placa de yeso laminado estándar de 15 mm de espesor, borde afinado.;materiales;m2;MX;MXN;;;;;;pendiente;por_verificar;no_confirmado;pendiente;Pendiente de investigación específica.
MT-PYL-PLACA;Placa de yeso laminado estándar de 15 mm de espesor, borde afinado.;materiales;m2;EC;USD;;;;;;pendiente;por_verificar;no_confirmado;pendiente;Pendiente de investigación específica.
MT-PYL-LANA;Panel de lana mineral de 60 mm para aislamiento térmico y acústico en cámara de tabique.;materiales;m2;CO;COP;;;;;;pendiente;por_verificar;no_confirmado;pendiente;Pendiente de investigación específica.
MT-PYL-LANA;Panel de lana mineral de 60 mm para aislamiento térmico y acústico en cámara de tabique.;materiales;m2;PE;PEN;;;;;;pendiente;por_verificar;no_confirmado;pendiente;Pendiente de investigación específica.
MT-PYL-LANA;Panel de lana mineral de 60 mm para aislamiento térmico y acústico en cámara de tabique.;materiales;m2;MX;MXN;;;;;;pendiente;por_verificar;no_confirmado;pendiente;Pendiente de investigación específica.
MT-PYL-LANA;Panel de lana mineral de 60 mm para aislamiento térmico y acústico en cámara de tabique.;materiales;m2;EC;USD;;;;;;pendiente;por_verificar;no_confirmado;pendiente;Pendiente de investigación específica.
MT-PYL-BANDA;Banda estanca autoadhesiva de polietileno para junta perimetral de tabique.;materiales;m;CO;COP;;;;;;pendiente;por_verificar;no_confirmado;pendiente;Pendiente de investigación específica.
MT-PYL-BANDA;Banda estanca autoadhesiva de polietileno para junta perimetral de tabique.;materiales;m;PE;PEN;;;;;;pendiente;por_verificar;no_confirmado;pendiente;Pendiente de investigación específica.
MT-PYL-BANDA;Banda estanca autoadhesiva de polietileno para junta perimetral de tabique.;materiales;m;MX;MXN;;;;;;pendiente;por_verificar;no_confirmado;pendiente;Pendiente de investigación específica.
MT-PYL-BANDA;Banda estanca autoadhesiva de polietileno para junta perimetral de tabique.;materiales;m;EC;USD;;;;;;pendiente;por_verificar;no_confirmado;pendiente;Pendiente de investigación específica.
MT-PYL-PASTA;Pasta de juntas y cinta de papel microperforada para tratamiento de uniones.;materiales;kg;CO;COP;;;;;;pendiente;por_verificar;no_confirmado;pendiente;Pendiente de investigación específica.
MT-PYL-PASTA;Pasta de juntas y cinta de papel microperforada para tratamiento de uniones.;materiales;kg;PE;PEN;;;;;;pendiente;por_verificar;no_confirmado;pendiente;Pendiente de investigación específica.
MT-PYL-PASTA;Pasta de juntas y cinta de papel microperforada para tratamiento de uniones.;materiales;kg;MX;MXN;;;;;;pendiente;por_verificar;no_confirmado;pendiente;Pendiente de investigación específica.
MT-PYL-PASTA;Pasta de juntas y cinta de papel microperforada para tratamiento de uniones.;materiales;kg;EC;USD;;;;;;pendiente;por_verificar;no_confirmado;pendiente;Pendiente de investigación específica.
MT-TORN;Tornillería y fijaciones mecánicas para montaje de estructura y placas.;materiales;ud;CO;COP;;;;;;pendiente;por_verificar;no_confirmado;pendiente;Pendiente de investigación específica.
MT-TORN;Tornillería y fijaciones mecánicas para montaje de estructura y placas.;materiales;ud;PE;PEN;;;;;;pendiente;por_verificar;no_confirmado;pendiente;Pendiente de investigación específica.
MT-TORN;Tornillería y fijaciones mecánicas para montaje de estructura y placas.;materiales;ud;MX;MXN;;;;;;pendiente;por_verificar;no_confirmado;pendiente;Pendiente de investigación específica.
MT-TORN;Tornillería y fijaciones mecánicas para montaje de estructura y placas.;materiales;ud;EC;USD;;;;;;pendiente;por_verificar;no_confirmado;pendiente;Pendiente de investigación específica.
MT-PIN-FONDO;Fondo fijador o sellador acrílico al agua, para consolidar y regular la absorción de paramentos interiores.;materiales;l;CO;COP;;;;;;pendiente;por_verificar;no_confirmado;pendiente;Pendiente de investigación específica.
MT-PIN-FONDO;Fondo fijador o sellador acrílico al agua, para consolidar y regular la absorción de paramentos interiores.;materiales;l;PE;PEN;;;;;;pendiente;por_verificar;no_confirmado;pendiente;Pendiente de investigación específica.
MT-PIN-FONDO;Fondo fijador o sellador acrílico al agua, para consolidar y regular la absorción de paramentos interiores.;materiales;l;MX;MXN;;;;;;pendiente;por_verificar;no_confirmado;pendiente;Pendiente de investigación específica.
MT-PIN-FONDO;Fondo fijador o sellador acrílico al agua, para consolidar y regular la absorción de paramentos interiores.;materiales;l;EC;USD;;;;;;pendiente;por_verificar;no_confirmado;pendiente;Pendiente de investigación específica.
MT-PIN-CAUCHO;Pintura de caucho acrílico mate lavable para interiores, base blanca tintable.;materiales;l;CO;COP;;;;;;pendiente;por_verificar;no_confirmado;pendiente;Pendiente de investigación específica.
MT-PIN-CAUCHO;Pintura de caucho acrílico mate lavable para interiores, base blanca tintable.;materiales;l;PE;PEN;;;;;;pendiente;por_verificar;no_confirmado;pendiente;Pendiente de investigación específica.
MT-PIN-CAUCHO;Pintura de caucho acrílico mate lavable para interiores, base blanca tintable.;materiales;l;MX;MXN;;;;;;pendiente;por_verificar;no_confirmado;pendiente;Pendiente de investigación específica.
MT-PIN-CAUCHO;Pintura de caucho acrílico mate lavable para interiores, base blanca tintable.;materiales;l;EC;USD;;;;;;pendiente;por_verificar;no_confirmado;pendiente;Pendiente de investigación específica.
MT-PIN-ESMALTE;Esmalte sintético brillante para carpintería metálica y de madera.;materiales;l;CO;COP;;;;;;pendiente;por_verificar;no_confirmado;pendiente;Pendiente de investigación específica.
MT-PIN-ESMALTE;Esmalte sintético brillante para carpintería metálica y de madera.;materiales;l;PE;PEN;;;;;;pendiente;por_verificar;no_confirmado;pendiente;Pendiente de investigación específica.
MT-PIN-ESMALTE;Esmalte sintético brillante para carpintería metálica y de madera.;materiales;l;MX;MXN;;;;;;pendiente;por_verificar;no_confirmado;pendiente;Pendiente de investigación específica.
MT-PIN-ESMALTE;Esmalte sintético brillante para carpintería metálica y de madera.;materiales;l;EC;USD;;;;;;pendiente;por_verificar;no_confirmado;pendiente;Pendiente de investigación específica.
MT-PIN-MASILLA;Masilla de reparación en pasta para alisado de paramentos interiores.;materiales;kg;CO;COP;;;;;;pendiente;por_verificar;no_confirmado;pendiente;Pendiente de investigación específica.
MT-PIN-MASILLA;Masilla de reparación en pasta para alisado de paramentos interiores.;materiales;kg;PE;PEN;;;;;;pendiente;por_verificar;no_confirmado;pendiente;Pendiente de investigación específica.
MT-PIN-MASILLA;Masilla de reparación en pasta para alisado de paramentos interiores.;materiales;kg;MX;MXN;;;;;;pendiente;por_verificar;no_confirmado;pendiente;Pendiente de investigación específica.
MT-PIN-MASILLA;Masilla de reparación en pasta para alisado de paramentos interiores.;materiales;kg;EC;USD;;;;;;pendiente;por_verificar;no_confirmado;pendiente;Pendiente de investigación específica.
MT-PIN-LIJA;Lija, cinta de enmascarar y plástico de protección. Consumibles de preparación y protección.;materiales;ud;CO;COP;;;;;;pendiente;por_verificar;no_confirmado;pendiente;Pendiente de investigación específica.
MT-PIN-LIJA;Lija, cinta de enmascarar y plástico de protección. Consumibles de preparación y protección.;materiales;ud;PE;PEN;;;;;;pendiente;por_verificar;no_confirmado;pendiente;Pendiente de investigación específica.
MT-PIN-LIJA;Lija, cinta de enmascarar y plástico de protección. Consumibles de preparación y protección.;materiales;ud;MX;MXN;;;;;;pendiente;por_verificar;no_confirmado;pendiente;Pendiente de investigación específica.
MT-PIN-LIJA;Lija, cinta de enmascarar y plástico de protección. Consumibles de preparación y protección.;materiales;ud;EC;USD;;;;;;pendiente;por_verificar;no_confirmado;pendiente;Pendiente de investigación específica.
MT-PLO-PPR20;Tubería de polipropileno PPR de 20 mm para agua fría y caliente, con termofusión.;materiales;m;CO;COP;;;;;;pendiente;por_verificar;no_confirmado;pendiente;Pendiente de investigación específica.
MT-PLO-PPR20;Tubería de polipropileno PPR de 20 mm para agua fría y caliente, con termofusión.;materiales;m;PE;PEN;;;;;;pendiente;por_verificar;no_confirmado;pendiente;Pendiente de investigación específica.
MT-PLO-PPR20;Tubería de polipropileno PPR de 20 mm para agua fría y caliente, con termofusión.;materiales;m;MX;MXN;;;;;;pendiente;por_verificar;no_confirmado;pendiente;Pendiente de investigación específica.
MT-PLO-PPR20;Tubería de polipropileno PPR de 20 mm para agua fría y caliente, con termofusión.;materiales;m;EC;USD;;;;;;pendiente;por_verificar;no_confirmado;pendiente;Pendiente de investigación específica.
MT-PLO-ACC20;Accesorios de PPR de 20 mm: codos, tees, uniones y adaptadores roscados.;materiales;ud;CO;COP;;;;;;pendiente;por_verificar;no_confirmado;pendiente;Pendiente de investigación específica.
MT-PLO-ACC20;Accesorios de PPR de 20 mm: codos, tees, uniones y adaptadores roscados.;materiales;ud;PE;PEN;;;;;;pendiente;por_verificar;no_confirmado;pendiente;Pendiente de investigación específica.
MT-PLO-ACC20;Accesorios de PPR de 20 mm: codos, tees, uniones y adaptadores roscados.;materiales;ud;MX;MXN;;;;;;pendiente;por_verificar;no_confirmado;pendiente;Pendiente de investigación específica.
MT-PLO-ACC20;Accesorios de PPR de 20 mm: codos, tees, uniones y adaptadores roscados.;materiales;ud;EC;USD;;;;;;pendiente;por_verificar;no_confirmado;pendiente;Pendiente de investigación específica.
MT-PLO-PVC4;Tubería de PVC sanitario de 4 pulgadas para desagüe, con junta cementada.;materiales;m;CO;COP;;;;;;pendiente;por_verificar;no_confirmado;pendiente;Pendiente de investigación específica.
MT-PLO-PVC4;Tubería de PVC sanitario de 4 pulgadas para desagüe, con junta cementada.;materiales;m;PE;PEN;;;;;;pendiente;por_verificar;no_confirmado;pendiente;Pendiente de investigación específica.
MT-PLO-PVC4;Tubería de PVC sanitario de 4 pulgadas para desagüe, con junta cementada.;materiales;m;MX;MXN;;;;;;pendiente;por_verificar;no_confirmado;pendiente;Pendiente de investigación específica.
MT-PLO-PVC4;Tubería de PVC sanitario de 4 pulgadas para desagüe, con junta cementada.;materiales;m;EC;USD;;;;;;pendiente;por_verificar;no_confirmado;pendiente;Pendiente de investigación específica.
MT-PLO-ACC4;Accesorios de PVC sanitario de 4 pulgadas: codos, yees, sifones y pegamento.;materiales;ud;CO;COP;;;;;;pendiente;por_verificar;no_confirmado;pendiente;Pendiente de investigación específica.
MT-PLO-ACC4;Accesorios de PVC sanitario de 4 pulgadas: codos, yees, sifones y pegamento.;materiales;ud;PE;PEN;;;;;;pendiente;por_verificar;no_confirmado;pendiente;Pendiente de investigación específica.
MT-PLO-ACC4;Accesorios de PVC sanitario de 4 pulgadas: codos, yees, sifones y pegamento.;materiales;ud;MX;MXN;;;;;;pendiente;por_verificar;no_confirmado;pendiente;Pendiente de investigación específica.
MT-PLO-ACC4;Accesorios de PVC sanitario de 4 pulgadas: codos, yees, sifones y pegamento.;materiales;ud;EC;USD;;;;;;pendiente;por_verificar;no_confirmado;pendiente;Pendiente de investigación específica.
MT-PLO-SOP;Abrazaderas, soportes y tacos de fijación para tubería.;materiales;ud;CO;COP;;;;;;pendiente;por_verificar;no_confirmado;pendiente;Pendiente de investigación específica.
MT-PLO-SOP;Abrazaderas, soportes y tacos de fijación para tubería.;materiales;ud;PE;PEN;;;;;;pendiente;por_verificar;no_confirmado;pendiente;Pendiente de investigación específica.
MT-PLO-SOP;Abrazaderas, soportes y tacos de fijación para tubería.;materiales;ud;MX;MXN;;;;;;pendiente;por_verificar;no_confirmado;pendiente;Pendiente de investigación específica.
MT-PLO-SOP;Abrazaderas, soportes y tacos de fijación para tubería.;materiales;ud;EC;USD;;;;;;pendiente;por_verificar;no_confirmado;pendiente;Pendiente de investigación específica.
MT-ELE-TUB20;Tubería conduit corrugada de PVC de 20 mm para canalización eléctrica empotrada.;materiales;m;CO;COP;;;;;;pendiente;por_verificar;no_confirmado;pendiente;Pendiente de investigación específica.
MT-ELE-TUB20;Tubería conduit corrugada de PVC de 20 mm para canalización eléctrica empotrada.;materiales;m;PE;PEN;;;;;;pendiente;por_verificar;no_confirmado;pendiente;Pendiente de investigación específica.
MT-ELE-TUB20;Tubería conduit corrugada de PVC de 20 mm para canalización eléctrica empotrada.;materiales;m;MX;MXN;;;;;;pendiente;por_verificar;no_confirmado;pendiente;Pendiente de investigación específica.
MT-ELE-TUB20;Tubería conduit corrugada de PVC de 20 mm para canalización eléctrica empotrada.;materiales;m;EC;USD;;;;;;pendiente;por_verificar;no_confirmado;pendiente;Pendiente de investigación específica.
MT-ELE-CABLE;Conductor de cobre THW calibre 12 AWG, aislamiento 600 V.;materiales;m;CO;COP;;;;;;pendiente;por_verificar;no_confirmado;pendiente;Pendiente de investigación específica.
MT-ELE-CABLE;Conductor de cobre THW calibre 12 AWG, aislamiento 600 V.;materiales;m;PE;PEN;;;;;;pendiente;por_verificar;no_confirmado;pendiente;Pendiente de investigación específica.
MT-ELE-CABLE;Conductor de cobre THW calibre 12 AWG, aislamiento 600 V.;materiales;m;MX;MXN;;;;;;pendiente;por_verificar;no_confirmado;pendiente;Pendiente de investigación específica.
MT-ELE-CABLE;Conductor de cobre THW calibre 12 AWG, aislamiento 600 V.;materiales;m;EC;USD;;;;;;pendiente;por_verificar;no_confirmado;pendiente;Pendiente de investigación específica.
MT-ELE-CAJA;Caja de paso o de mecanismo, metálica o de PVC, para empotrar.;materiales;ud;CO;COP;;;;;;pendiente;por_verificar;no_confirmado;pendiente;Pendiente de investigación específica.
MT-ELE-CAJA;Caja de paso o de mecanismo, metálica o de PVC, para empotrar.;materiales;ud;PE;PEN;;;;;;pendiente;por_verificar;no_confirmado;pendiente;Pendiente de investigación específica.
MT-ELE-CAJA;Caja de paso o de mecanismo, metálica o de PVC, para empotrar.;materiales;ud;MX;MXN;;;;;;pendiente;por_verificar;no_confirmado;pendiente;Pendiente de investigación específica.
MT-ELE-CAJA;Caja de paso o de mecanismo, metálica o de PVC, para empotrar.;materiales;ud;EC;USD;;;;;;pendiente;por_verificar;no_confirmado;pendiente;Pendiente de investigación específica.
MT-ELE-MECA;Mecanismo de interruptor o tomacorriente con placa, gama estándar.;materiales;ud;CO;COP;;;;;;pendiente;por_verificar;no_confirmado;pendiente;Pendiente de investigación específica.
MT-ELE-MECA;Mecanismo de interruptor o tomacorriente con placa, gama estándar.;materiales;ud;PE;PEN;;;;;;pendiente;por_verificar;no_confirmado;pendiente;Pendiente de investigación específica.
MT-ELE-MECA;Mecanismo de interruptor o tomacorriente con placa, gama estándar.;materiales;ud;MX;MXN;;;;;;pendiente;por_verificar;no_confirmado;pendiente;Pendiente de investigación específica.
MT-ELE-MECA;Mecanismo de interruptor o tomacorriente con placa, gama estándar.;materiales;ud;EC;USD;;;;;;pendiente;por_verificar;no_confirmado;pendiente;Pendiente de investigación específica.
MT-YESO-REP;Yeso o mortero de reparación para el tapado de rozas.;materiales;kg;CO;COP;;;;;;pendiente;por_verificar;no_confirmado;pendiente;Pendiente de investigación específica.
MT-YESO-REP;Yeso o mortero de reparación para el tapado de rozas.;materiales;kg;PE;PEN;;;;;;pendiente;por_verificar;no_confirmado;pendiente;Pendiente de investigación específica.
MT-YESO-REP;Yeso o mortero de reparación para el tapado de rozas.;materiales;kg;MX;MXN;;;;;;pendiente;por_verificar;no_confirmado;pendiente;Pendiente de investigación específica.
MT-YESO-REP;Yeso o mortero de reparación para el tapado de rozas.;materiales;kg;EC;USD;;;;;;pendiente;por_verificar;no_confirmado;pendiente;Pendiente de investigación específica.
MT-BLQ-10;Bloque de concreto hueco de 10x20x40 cm para tabiquería no estructural.;materiales;ud;CO;COP;;;;;;pendiente;por_verificar;no_confirmado;pendiente;Pendiente de investigación específica.
MT-BLQ-10;Bloque de concreto hueco de 10x20x40 cm para tabiquería no estructural.;materiales;ud;PE;PEN;;;;;;pendiente;por_verificar;no_confirmado;pendiente;Pendiente de investigación específica.
MT-BLQ-10;Bloque de concreto hueco de 10x20x40 cm para tabiquería no estructural.;materiales;ud;MX;MXN;;;;;;pendiente;por_verificar;no_confirmado;pendiente;Pendiente de investigación específica.
MT-BLQ-10;Bloque de concreto hueco de 10x20x40 cm para tabiquería no estructural.;materiales;ud;EC;USD;;;;;;pendiente;por_verificar;no_confirmado;pendiente;Pendiente de investigación específica.
MT-MOR-PEGA;Mortero de pega para mampostería, elaborado en obra con cemento y arena lavada, dosificación 1:4.;materiales;m3;CO;COP;;;;;;pendiente;por_verificar;no_confirmado;pendiente;Pendiente de investigación específica.
MT-MOR-PEGA;Mortero de pega para mampostería, elaborado en obra con cemento y arena lavada, dosificación 1:4.;materiales;m3;PE;PEN;;;;;;pendiente;por_verificar;no_confirmado;pendiente;Pendiente de investigación específica.
MT-MOR-PEGA;Mortero de pega para mampostería, elaborado en obra con cemento y arena lavada, dosificación 1:4.;materiales;m3;MX;MXN;;;;;;pendiente;por_verificar;no_confirmado;pendiente;Pendiente de investigación específica.
MT-MOR-PEGA;Mortero de pega para mampostería, elaborado en obra con cemento y arena lavada, dosificación 1:4.;materiales;m3;EC;USD;;;;;;pendiente;por_verificar;no_confirmado;pendiente;Pendiente de investigación específica.
MT-MOR-FRISO;Mortero de friso para revestimiento de paramentos, elaborado en obra con cemento y arena cernida, dosificación 1:5.;materiales;m3;CO;COP;;;;;;pendiente;por_verificar;no_confirmado;pendiente;Pendiente de investigación específica.
MT-MOR-FRISO;Mortero de friso para revestimiento de paramentos, elaborado en obra con cemento y arena cernida, dosificación 1:5.;materiales;m3;PE;PEN;;;;;;pendiente;por_verificar;no_confirmado;pendiente;Pendiente de investigación específica.
MT-MOR-FRISO;Mortero de friso para revestimiento de paramentos, elaborado en obra con cemento y arena cernida, dosificación 1:5.;materiales;m3;MX;MXN;;;;;;pendiente;por_verificar;no_confirmado;pendiente;Pendiente de investigación específica.
MT-MOR-FRISO;Mortero de friso para revestimiento de paramentos, elaborado en obra con cemento y arena cernida, dosificación 1:5.;materiales;m3;EC;USD;;;;;;pendiente;por_verificar;no_confirmado;pendiente;Pendiente de investigación específica.
MT-MALLA-ESQ;Cantonera metálica de esquina y malla de refuerzo para encuentros de friso.;materiales;m;CO;COP;;;;;;pendiente;por_verificar;no_confirmado;pendiente;Pendiente de investigación específica.
MT-MALLA-ESQ;Cantonera metálica de esquina y malla de refuerzo para encuentros de friso.;materiales;m;PE;PEN;;;;;;pendiente;por_verificar;no_confirmado;pendiente;Pendiente de investigación específica.
MT-MALLA-ESQ;Cantonera metálica de esquina y malla de refuerzo para encuentros de friso.;materiales;m;MX;MXN;;;;;;pendiente;por_verificar;no_confirmado;pendiente;Pendiente de investigación específica.
MT-MALLA-ESQ;Cantonera metálica de esquina y malla de refuerzo para encuentros de friso.;materiales;m;EC;USD;;;;;;pendiente;por_verificar;no_confirmado;pendiente;Pendiente de investigación específica.
MT-PYL-PLACA125;Placa de yeso laminado estándar de 12,5 mm de espesor, borde afinado.;materiales;m2;CO;COP;;;;;;pendiente;por_verificar;no_confirmado;pendiente;Pendiente de investigación específica.
MT-PYL-PLACA125;Placa de yeso laminado estándar de 12,5 mm de espesor, borde afinado.;materiales;m2;PE;PEN;;;;;;pendiente;por_verificar;no_confirmado;pendiente;Pendiente de investigación específica.
MT-PYL-PLACA125;Placa de yeso laminado estándar de 12,5 mm de espesor, borde afinado.;materiales;m2;MX;MXN;;;;;;pendiente;por_verificar;no_confirmado;pendiente;Pendiente de investigación específica.
MT-PYL-PLACA125;Placa de yeso laminado estándar de 12,5 mm de espesor, borde afinado.;materiales;m2;EC;USD;;;;;;pendiente;por_verificar;no_confirmado;pendiente;Pendiente de investigación específica.
MT-PYL-PERF-CR;Perfilería de acero galvanizado para cielo raso suspendido: maestras, ángulo perimetral, horquillas y varilla de cuelgue.;materiales;m2;CO;COP;;;;;;pendiente;por_verificar;no_confirmado;pendiente;Pendiente de investigación específica.
MT-PYL-PERF-CR;Perfilería de acero galvanizado para cielo raso suspendido: maestras, ángulo perimetral, horquillas y varilla de cuelgue.;materiales;m2;PE;PEN;;;;;;pendiente;por_verificar;no_confirmado;pendiente;Pendiente de investigación específica.
MT-PYL-PERF-CR;Perfilería de acero galvanizado para cielo raso suspendido: maestras, ángulo perimetral, horquillas y varilla de cuelgue.;materiales;m2;MX;MXN;;;;;;pendiente;por_verificar;no_confirmado;pendiente;Pendiente de investigación específica.
MT-PYL-PERF-CR;Perfilería de acero galvanizado para cielo raso suspendido: maestras, ángulo perimetral, horquillas y varilla de cuelgue.;materiales;m2;EC;USD;;;;;;pendiente;por_verificar;no_confirmado;pendiente;Pendiente de investigación específica.
MT-PLO-LLAVE;Llave de paso de PPR de 20 mm, de esfera, para empotrar.;materiales;ud;CO;COP;;;;;;pendiente;por_verificar;no_confirmado;pendiente;Pendiente de investigación específica.
MT-PLO-LLAVE;Llave de paso de PPR de 20 mm, de esfera, para empotrar.;materiales;ud;PE;PEN;;;;;;pendiente;por_verificar;no_confirmado;pendiente;Pendiente de investigación específica.
MT-PLO-LLAVE;Llave de paso de PPR de 20 mm, de esfera, para empotrar.;materiales;ud;MX;MXN;;;;;;pendiente;por_verificar;no_confirmado;pendiente;Pendiente de investigación específica.
MT-PLO-LLAVE;Llave de paso de PPR de 20 mm, de esfera, para empotrar.;materiales;ud;EC;USD;;;;;;pendiente;por_verificar;no_confirmado;pendiente;Pendiente de investigación específica.
MT-PLO-ABASTO;Tubo de abasto flexible con sus racores y accesorios de conexión a aparato.;materiales;ud;CO;COP;;;;;;pendiente;por_verificar;no_confirmado;pendiente;Pendiente de investigación específica.
MT-PLO-ABASTO;Tubo de abasto flexible con sus racores y accesorios de conexión a aparato.;materiales;ud;PE;PEN;;;;;;pendiente;por_verificar;no_confirmado;pendiente;Pendiente de investigación específica.
MT-PLO-ABASTO;Tubo de abasto flexible con sus racores y accesorios de conexión a aparato.;materiales;ud;MX;MXN;;;;;;pendiente;por_verificar;no_confirmado;pendiente;Pendiente de investigación específica.
MT-PLO-ABASTO;Tubo de abasto flexible con sus racores y accesorios de conexión a aparato.;materiales;ud;EC;USD;;;;;;pendiente;por_verificar;no_confirmado;pendiente;Pendiente de investigación específica.
MT-PLO-DESAG;Accesorios de desagüe para aparato sanitario: sifón, brida, adaptadores y pegamento.;materiales;ud;CO;COP;;;;;;pendiente;por_verificar;no_confirmado;pendiente;Pendiente de investigación específica.
MT-PLO-DESAG;Accesorios de desagüe para aparato sanitario: sifón, brida, adaptadores y pegamento.;materiales;ud;PE;PEN;;;;;;pendiente;por_verificar;no_confirmado;pendiente;Pendiente de investigación específica.
MT-PLO-DESAG;Accesorios de desagüe para aparato sanitario: sifón, brida, adaptadores y pegamento.;materiales;ud;MX;MXN;;;;;;pendiente;por_verificar;no_confirmado;pendiente;Pendiente de investigación específica.
MT-PLO-DESAG;Accesorios de desagüe para aparato sanitario: sifón, brida, adaptadores y pegamento.;materiales;ud;EC;USD;;;;;;pendiente;por_verificar;no_confirmado;pendiente;Pendiente de investigación específica.
MT-SAN-FIJA;Kit de fijación de aparato sanitario: anclajes, anillo de cera y tornillería.;materiales;ud;CO;COP;;;;;;pendiente;por_verificar;no_confirmado;pendiente;Pendiente de investigación específica.
MT-SAN-FIJA;Kit de fijación de aparato sanitario: anclajes, anillo de cera y tornillería.;materiales;ud;PE;PEN;;;;;;pendiente;por_verificar;no_confirmado;pendiente;Pendiente de investigación específica.
MT-SAN-FIJA;Kit de fijación de aparato sanitario: anclajes, anillo de cera y tornillería.;materiales;ud;MX;MXN;;;;;;pendiente;por_verificar;no_confirmado;pendiente;Pendiente de investigación específica.
MT-SAN-FIJA;Kit de fijación de aparato sanitario: anclajes, anillo de cera y tornillería.;materiales;ud;EC;USD;;;;;;pendiente;por_verificar;no_confirmado;pendiente;Pendiente de investigación específica.
MT-SIL-SAN;Cartucho de silicona sanitaria antihongos para sellado de aparatos.;materiales;ud;CO;COP;;;;;;pendiente;por_verificar;no_confirmado;pendiente;Pendiente de investigación específica.
MT-SIL-SAN;Cartucho de silicona sanitaria antihongos para sellado de aparatos.;materiales;ud;PE;PEN;;;;;;pendiente;por_verificar;no_confirmado;pendiente;Pendiente de investigación específica.
MT-SIL-SAN;Cartucho de silicona sanitaria antihongos para sellado de aparatos.;materiales;ud;MX;MXN;;;;;;pendiente;por_verificar;no_confirmado;pendiente;Pendiente de investigación específica.
MT-SIL-SAN;Cartucho de silicona sanitaria antihongos para sellado de aparatos.;materiales;ud;EC;USD;;;;;;pendiente;por_verificar;no_confirmado;pendiente;Pendiente de investigación específica.
MT-CANON;Canon de vertido en vertedero o botadero autorizado.;materiales;m3;CO;COP;;;;;;pendiente;por_verificar;no_confirmado;pendiente;Pendiente de investigación específica.
MT-CANON;Canon de vertido en vertedero o botadero autorizado.;materiales;m3;PE;PEN;;;;;;pendiente;por_verificar;no_confirmado;pendiente;Pendiente de investigación específica.
MT-CANON;Canon de vertido en vertedero o botadero autorizado.;materiales;m3;MX;MXN;;;;;;pendiente;por_verificar;no_confirmado;pendiente;Pendiente de investigación específica.
MT-CANON;Canon de vertido en vertedero o botadero autorizado.;materiales;m3;EC;USD;;;;;;pendiente;por_verificar;no_confirmado;pendiente;Pendiente de investigación específica.
MT-CONS-DEM;Consumibles de demolición: puntas y cinceles de martillo, discos de corte y hojas de espátula.;materiales;ud;CO;COP;;;;;;pendiente;por_verificar;no_confirmado;pendiente;Pendiente de investigación específica.
MT-CONS-DEM;Consumibles de demolición: puntas y cinceles de martillo, discos de corte y hojas de espátula.;materiales;ud;PE;PEN;;;;;;pendiente;por_verificar;no_confirmado;pendiente;Pendiente de investigación específica.
MT-CONS-DEM;Consumibles de demolición: puntas y cinceles de martillo, discos de corte y hojas de espátula.;materiales;ud;MX;MXN;;;;;;pendiente;por_verificar;no_confirmado;pendiente;Pendiente de investigación específica.
MT-CONS-DEM;Consumibles de demolición: puntas y cinceles de martillo, discos de corte y hojas de espátula.;materiales;ud;EC;USD;;;;;;pendiente;por_verificar;no_confirmado;pendiente;Pendiente de investigación específica.
MT-PROT-OBRA;Protección de obra con plástico, cartón corrugado y cinta de enmascarar.;materiales;m2;CO;COP;;;;;;pendiente;por_verificar;no_confirmado;pendiente;Pendiente de investigación específica.
MT-PROT-OBRA;Protección de obra con plástico, cartón corrugado y cinta de enmascarar.;materiales;m2;PE;PEN;;;;;;pendiente;por_verificar;no_confirmado;pendiente;Pendiente de investigación específica.
MT-PROT-OBRA;Protección de obra con plástico, cartón corrugado y cinta de enmascarar.;materiales;m2;MX;MXN;;;;;;pendiente;por_verificar;no_confirmado;pendiente;Pendiente de investigación específica.
MT-PROT-OBRA;Protección de obra con plástico, cartón corrugado y cinta de enmascarar.;materiales;m2;EC;USD;;;;;;pendiente;por_verificar;no_confirmado;pendiente;Pendiente de investigación específica.
MT-DISOL-ADH;Disolvente removedor de adhesivos para levantado de pisos vinílicos y alfombras.;materiales;l;CO;COP;;;;;;pendiente;por_verificar;no_confirmado;pendiente;Pendiente de investigación específica.
MT-DISOL-ADH;Disolvente removedor de adhesivos para levantado de pisos vinílicos y alfombras.;materiales;l;PE;PEN;;;;;;pendiente;por_verificar;no_confirmado;pendiente;Pendiente de investigación específica.
MT-DISOL-ADH;Disolvente removedor de adhesivos para levantado de pisos vinílicos y alfombras.;materiales;l;MX;MXN;;;;;;pendiente;por_verificar;no_confirmado;pendiente;Pendiente de investigación específica.
MT-DISOL-ADH;Disolvente removedor de adhesivos para levantado de pisos vinílicos y alfombras.;materiales;l;EC;USD;;;;;;pendiente;por_verificar;no_confirmado;pendiente;Pendiente de investigación específica.
MT-DECAP;Decapante químico en gel para eliminación de capas de pintura en paramentos.;materiales;l;CO;COP;;;;;;pendiente;por_verificar;no_confirmado;pendiente;Pendiente de investigación específica.
MT-DECAP;Decapante químico en gel para eliminación de capas de pintura en paramentos.;materiales;l;PE;PEN;;;;;;pendiente;por_verificar;no_confirmado;pendiente;Pendiente de investigación específica.
MT-DECAP;Decapante químico en gel para eliminación de capas de pintura en paramentos.;materiales;l;MX;MXN;;;;;;pendiente;por_verificar;no_confirmado;pendiente;Pendiente de investigación específica.
MT-DECAP;Decapante químico en gel para eliminación de capas de pintura en paramentos.;materiales;l;EC;USD;;;;;;pendiente;por_verificar;no_confirmado;pendiente;Pendiente de investigación específica.
MT-VAPOR;Solución humectante para reblandecimiento de papel tapiz y pegamentos murales.;materiales;l;CO;COP;;;;;;pendiente;por_verificar;no_confirmado;pendiente;Pendiente de investigación específica.
MT-VAPOR;Solución humectante para reblandecimiento de papel tapiz y pegamentos murales.;materiales;l;PE;PEN;;;;;;pendiente;por_verificar;no_confirmado;pendiente;Pendiente de investigación específica.
MT-VAPOR;Solución humectante para reblandecimiento de papel tapiz y pegamentos murales.;materiales;l;MX;MXN;;;;;;pendiente;por_verificar;no_confirmado;pendiente;Pendiente de investigación específica.
MT-VAPOR;Solución humectante para reblandecimiento de papel tapiz y pegamentos murales.;materiales;l;EC;USD;;;;;;pendiente;por_verificar;no_confirmado;pendiente;Pendiente de investigación específica.
MT-APEO;Puntal metálico telescópico y madera de apeo, con amortización por uso.;materiales;ud;CO;COP;;;;;;pendiente;por_verificar;no_confirmado;pendiente;Pendiente de investigación específica.
MT-APEO;Puntal metálico telescópico y madera de apeo, con amortización por uso.;materiales;ud;PE;PEN;;;;;;pendiente;por_verificar;no_confirmado;pendiente;Pendiente de investigación específica.
MT-APEO;Puntal metálico telescópico y madera de apeo, con amortización por uso.;materiales;ud;MX;MXN;;;;;;pendiente;por_verificar;no_confirmado;pendiente;Pendiente de investigación específica.
MT-APEO;Puntal metálico telescópico y madera de apeo, con amortización por uso.;materiales;ud;EC;USD;;;;;;pendiente;por_verificar;no_confirmado;pendiente;Pendiente de investigación específica.
MT-OXI-CONS;Consumibles de oxicorte y soldadura: gas, boquillas y discos de corte de metal.;materiales;ud;CO;COP;;;;;;pendiente;por_verificar;no_confirmado;pendiente;Pendiente de investigación específica.
MT-OXI-CONS;Consumibles de oxicorte y soldadura: gas, boquillas y discos de corte de metal.;materiales;ud;PE;PEN;;;;;;pendiente;por_verificar;no_confirmado;pendiente;Pendiente de investigación específica.
MT-OXI-CONS;Consumibles de oxicorte y soldadura: gas, boquillas y discos de corte de metal.;materiales;ud;MX;MXN;;;;;;pendiente;por_verificar;no_confirmado;pendiente;Pendiente de investigación específica.
MT-OXI-CONS;Consumibles de oxicorte y soldadura: gas, boquillas y discos de corte de metal.;materiales;ud;EC;USD;;;;;;pendiente;por_verificar;no_confirmado;pendiente;Pendiente de investigación específica.
MT-PROT-CARTON;Cartón corrugado en rollo para protección de pisos y superficies terminadas durante la obra.;materiales;m2;CO;COP;;;;;;pendiente;por_verificar;no_confirmado;pendiente;Pendiente de investigación específica.
MT-PROT-CARTON;Cartón corrugado en rollo para protección de pisos y superficies terminadas durante la obra.;materiales;m2;PE;PEN;;;;;;pendiente;por_verificar;no_confirmado;pendiente;Pendiente de investigación específica.
MT-PROT-CARTON;Cartón corrugado en rollo para protección de pisos y superficies terminadas durante la obra.;materiales;m2;MX;MXN;;;;;;pendiente;por_verificar;no_confirmado;pendiente;Pendiente de investigación específica.
MT-PROT-CARTON;Cartón corrugado en rollo para protección de pisos y superficies terminadas durante la obra.;materiales;m2;EC;USD;;;;;;pendiente;por_verificar;no_confirmado;pendiente;Pendiente de investigación específica.
MT-PROT-PLAST;Lámina de polietileno para protección de mobiliario, cerramiento de ambientes y barreras antipolvo.;materiales;m2;CO;COP;;;;;;pendiente;por_verificar;no_confirmado;pendiente;Pendiente de investigación específica.
MT-PROT-PLAST;Lámina de polietileno para protección de mobiliario, cerramiento de ambientes y barreras antipolvo.;materiales;m2;PE;PEN;;;;;;pendiente;por_verificar;no_confirmado;pendiente;Pendiente de investigación específica.
MT-PROT-PLAST;Lámina de polietileno para protección de mobiliario, cerramiento de ambientes y barreras antipolvo.;materiales;m2;MX;MXN;;;;;;pendiente;por_verificar;no_confirmado;pendiente;Pendiente de investigación específica.
MT-PROT-PLAST;Lámina de polietileno para protección de mobiliario, cerramiento de ambientes y barreras antipolvo.;materiales;m2;EC;USD;;;;;;pendiente;por_verificar;no_confirmado;pendiente;Pendiente de investigación específica.
MT-CINTA-ENM;Rollo de cinta de enmascarar y cinta adhesiva de embalaje para fijación de protecciones.;materiales;ud;CO;COP;;;;;;pendiente;por_verificar;no_confirmado;pendiente;Pendiente de investigación específica.
MT-CINTA-ENM;Rollo de cinta de enmascarar y cinta adhesiva de embalaje para fijación de protecciones.;materiales;ud;PE;PEN;;;;;;pendiente;por_verificar;no_confirmado;pendiente;Pendiente de investigación específica.
MT-CINTA-ENM;Rollo de cinta de enmascarar y cinta adhesiva de embalaje para fijación de protecciones.;materiales;ud;MX;MXN;;;;;;pendiente;por_verificar;no_confirmado;pendiente;Pendiente de investigación específica.
MT-CINTA-ENM;Rollo de cinta de enmascarar y cinta adhesiva de embalaje para fijación de protecciones.;materiales;ud;EC;USD;;;;;;pendiente;por_verificar;no_confirmado;pendiente;Pendiente de investigación específica.
MT-ZIPPER;Cierre tipo cremallera autoadhesivo para paso de personal a través de barrera antipolvo.;materiales;ud;CO;COP;;;;;;pendiente;por_verificar;no_confirmado;pendiente;Pendiente de investigación específica.
MT-ZIPPER;Cierre tipo cremallera autoadhesivo para paso de personal a través de barrera antipolvo.;materiales;ud;PE;PEN;;;;;;pendiente;por_verificar;no_confirmado;pendiente;Pendiente de investigación específica.
MT-ZIPPER;Cierre tipo cremallera autoadhesivo para paso de personal a través de barrera antipolvo.;materiales;ud;MX;MXN;;;;;;pendiente;por_verificar;no_confirmado;pendiente;Pendiente de investigación específica.
MT-ZIPPER;Cierre tipo cremallera autoadhesivo para paso de personal a través de barrera antipolvo.;materiales;ud;EC;USD;;;;;;pendiente;por_verificar;no_confirmado;pendiente;Pendiente de investigación específica.
MT-MADERA-LISTON;Listón de madera de obra para bastidores, marcos de cerramiento provisional y rastreles.;materiales;m;CO;COP;;;;;;pendiente;por_verificar;no_confirmado;pendiente;Pendiente de investigación específica.
MT-MADERA-LISTON;Listón de madera de obra para bastidores, marcos de cerramiento provisional y rastreles.;materiales;m;PE;PEN;;;;;;pendiente;por_verificar;no_confirmado;pendiente;Pendiente de investigación específica.
MT-MADERA-LISTON;Listón de madera de obra para bastidores, marcos de cerramiento provisional y rastreles.;materiales;m;MX;MXN;;;;;;pendiente;por_verificar;no_confirmado;pendiente;Pendiente de investigación específica.
MT-MADERA-LISTON;Listón de madera de obra para bastidores, marcos de cerramiento provisional y rastreles.;materiales;m;EC;USD;;;;;;pendiente;por_verificar;no_confirmado;pendiente;Pendiente de investigación específica.
MT-LAMINA-OSB;Lámina de madera contrachapada u OSB para cerramiento provisional de vanos y protecciones rígidas.;materiales;m2;CO;COP;;;;;;pendiente;por_verificar;no_confirmado;pendiente;Pendiente de investigación específica.
MT-LAMINA-OSB;Lámina de madera contrachapada u OSB para cerramiento provisional de vanos y protecciones rígidas.;materiales;m2;PE;PEN;;;;;;pendiente;por_verificar;no_confirmado;pendiente;Pendiente de investigación específica.
MT-LAMINA-OSB;Lámina de madera contrachapada u OSB para cerramiento provisional de vanos y protecciones rígidas.;materiales;m2;MX;MXN;;;;;;pendiente;por_verificar;no_confirmado;pendiente;Pendiente de investigación específica.
MT-LAMINA-OSB;Lámina de madera contrachapada u OSB para cerramiento provisional de vanos y protecciones rígidas.;materiales;m2;EC;USD;;;;;;pendiente;por_verificar;no_confirmado;pendiente;Pendiente de investigación específica.
MT-MALLA-OBRA;Malla plástica de señalización para cerramiento perimetral y delimitación de zonas de obra.;materiales;m2;CO;COP;;;;;;pendiente;por_verificar;no_confirmado;pendiente;Pendiente de investigación específica.
MT-MALLA-OBRA;Malla plástica de señalización para cerramiento perimetral y delimitación de zonas de obra.;materiales;m2;PE;PEN;;;;;;pendiente;por_verificar;no_confirmado;pendiente;Pendiente de investigación específica.
MT-MALLA-OBRA;Malla plástica de señalización para cerramiento perimetral y delimitación de zonas de obra.;materiales;m2;MX;MXN;;;;;;pendiente;por_verificar;no_confirmado;pendiente;Pendiente de investigación específica.
MT-MALLA-OBRA;Malla plástica de señalización para cerramiento perimetral y delimitación de zonas de obra.;materiales;m2;EC;USD;;;;;;pendiente;por_verificar;no_confirmado;pendiente;Pendiente de investigación específica.
MT-CLAVOS;Clavos, tornillos y elementos de fijación de uso general en obra.;materiales;kg;CO;COP;;;;;;pendiente;por_verificar;no_confirmado;pendiente;Pendiente de investigación específica.
MT-CLAVOS;Clavos, tornillos y elementos de fijación de uso general en obra.;materiales;kg;PE;PEN;;;;;;pendiente;por_verificar;no_confirmado;pendiente;Pendiente de investigación específica.
MT-CLAVOS;Clavos, tornillos y elementos de fijación de uso general en obra.;materiales;kg;MX;MXN;;;;;;pendiente;por_verificar;no_confirmado;pendiente;Pendiente de investigación específica.
MT-CLAVOS;Clavos, tornillos y elementos de fijación de uso general en obra.;materiales;kg;EC;USD;;;;;;pendiente;por_verificar;no_confirmado;pendiente;Pendiente de investigación específica.
MT-VIGA-APEO;Viga o durmiente de madera de reparto para apeos y apuntalamientos.;materiales;m;CO;COP;;;;;;pendiente;por_verificar;no_confirmado;pendiente;Pendiente de investigación específica.
MT-VIGA-APEO;Viga o durmiente de madera de reparto para apeos y apuntalamientos.;materiales;m;PE;PEN;;;;;;pendiente;por_verificar;no_confirmado;pendiente;Pendiente de investigación específica.
MT-VIGA-APEO;Viga o durmiente de madera de reparto para apeos y apuntalamientos.;materiales;m;MX;MXN;;;;;;pendiente;por_verificar;no_confirmado;pendiente;Pendiente de investigación específica.
MT-VIGA-APEO;Viga o durmiente de madera de reparto para apeos y apuntalamientos.;materiales;m;EC;USD;;;;;;pendiente;por_verificar;no_confirmado;pendiente;Pendiente de investigación específica.
MT-ELE-PROV;Cable encauchetado para instalación eléctrica provisional de obra.;materiales;m;CO;COP;;;;;;pendiente;por_verificar;no_confirmado;pendiente;Pendiente de investigación específica.
MT-ELE-PROV;Cable encauchetado para instalación eléctrica provisional de obra.;materiales;m;PE;PEN;;;;;;pendiente;por_verificar;no_confirmado;pendiente;Pendiente de investigación específica.
MT-ELE-PROV;Cable encauchetado para instalación eléctrica provisional de obra.;materiales;m;MX;MXN;;;;;;pendiente;por_verificar;no_confirmado;pendiente;Pendiente de investigación específica.
MT-ELE-PROV;Cable encauchetado para instalación eléctrica provisional de obra.;materiales;m;EC;USD;;;;;;pendiente;por_verificar;no_confirmado;pendiente;Pendiente de investigación específica.
MT-TABLERO-PROV;Tablero eléctrico provisional de obra con interruptor diferencial y protecciones, amortizado por uso.;materiales;ud;CO;COP;;;;;;pendiente;por_verificar;no_confirmado;pendiente;Pendiente de investigación específica.
MT-TABLERO-PROV;Tablero eléctrico provisional de obra con interruptor diferencial y protecciones, amortizado por uso.;materiales;ud;PE;PEN;;;;;;pendiente;por_verificar;no_confirmado;pendiente;Pendiente de investigación específica.
MT-TABLERO-PROV;Tablero eléctrico provisional de obra con interruptor diferencial y protecciones, amortizado por uso.;materiales;ud;MX;MXN;;;;;;pendiente;por_verificar;no_confirmado;pendiente;Pendiente de investigación específica.
MT-TABLERO-PROV;Tablero eléctrico provisional de obra con interruptor diferencial y protecciones, amortizado por uso.;materiales;ud;EC;USD;;;;;;pendiente;por_verificar;no_confirmado;pendiente;Pendiente de investigación específica.
MT-LAMP-OBRA;Reflector o lámpara de obra con su portalámparas y protección, amortizado por uso.;materiales;ud;CO;COP;;;;;;pendiente;por_verificar;no_confirmado;pendiente;Pendiente de investigación específica.
MT-LAMP-OBRA;Reflector o lámpara de obra con su portalámparas y protección, amortizado por uso.;materiales;ud;PE;PEN;;;;;;pendiente;por_verificar;no_confirmado;pendiente;Pendiente de investigación específica.
MT-LAMP-OBRA;Reflector o lámpara de obra con su portalámparas y protección, amortizado por uso.;materiales;ud;MX;MXN;;;;;;pendiente;por_verificar;no_confirmado;pendiente;Pendiente de investigación específica.
MT-LAMP-OBRA;Reflector o lámpara de obra con su portalámparas y protección, amortizado por uso.;materiales;ud;EC;USD;;;;;;pendiente;por_verificar;no_confirmado;pendiente;Pendiente de investigación específica.
MT-MANGUERA;Manguera reforzada para red de agua provisional de obra.;materiales;m;CO;COP;;;;;;pendiente;por_verificar;no_confirmado;pendiente;Pendiente de investigación específica.
MT-MANGUERA;Manguera reforzada para red de agua provisional de obra.;materiales;m;PE;PEN;;;;;;pendiente;por_verificar;no_confirmado;pendiente;Pendiente de investigación específica.
MT-MANGUERA;Manguera reforzada para red de agua provisional de obra.;materiales;m;MX;MXN;;;;;;pendiente;por_verificar;no_confirmado;pendiente;Pendiente de investigación específica.
MT-MANGUERA;Manguera reforzada para red de agua provisional de obra.;materiales;m;EC;USD;;;;;;pendiente;por_verificar;no_confirmado;pendiente;Pendiente de investigación específica.
MT-LLAVE-PROV;Llave de paso, adaptadores y accesorios para punto de agua provisional.;materiales;ud;CO;COP;;;;;;pendiente;por_verificar;no_confirmado;pendiente;Pendiente de investigación específica.
MT-LLAVE-PROV;Llave de paso, adaptadores y accesorios para punto de agua provisional.;materiales;ud;PE;PEN;;;;;;pendiente;por_verificar;no_confirmado;pendiente;Pendiente de investigación específica.
MT-LLAVE-PROV;Llave de paso, adaptadores y accesorios para punto de agua provisional.;materiales;ud;MX;MXN;;;;;;pendiente;por_verificar;no_confirmado;pendiente;Pendiente de investigación específica.
MT-LLAVE-PROV;Llave de paso, adaptadores y accesorios para punto de agua provisional.;materiales;ud;EC;USD;;;;;;pendiente;por_verificar;no_confirmado;pendiente;Pendiente de investigación específica.
MT-SENAL-OBRA;Señal de advertencia, cinta de peligro y conos de delimitación de obra.;materiales;ud;CO;COP;;;;;;pendiente;por_verificar;no_confirmado;pendiente;Pendiente de investigación específica.
MT-SENAL-OBRA;Señal de advertencia, cinta de peligro y conos de delimitación de obra.;materiales;ud;PE;PEN;;;;;;pendiente;por_verificar;no_confirmado;pendiente;Pendiente de investigación específica.
MT-SENAL-OBRA;Señal de advertencia, cinta de peligro y conos de delimitación de obra.;materiales;ud;MX;MXN;;;;;;pendiente;por_verificar;no_confirmado;pendiente;Pendiente de investigación específica.
MT-SENAL-OBRA;Señal de advertencia, cinta de peligro y conos de delimitación de obra.;materiales;ud;EC;USD;;;;;;pendiente;por_verificar;no_confirmado;pendiente;Pendiente de investigación específica.
MT-ARENA;Arena lavada de río, puesta en obra, para camas de asiento y rellenos de zanja.;materiales;m3;CO;COP;100000;;;docs/INVESTIGACION_PRECIOS_RONDA_1.md;2026-08-19;referencia;por_verificar;no_confirmado;nacional;"Referencia central; validar presentación y proveedor."
MT-ARENA;Arena lavada de río, puesta en obra, para camas de asiento y rellenos de zanja.;materiales;m3;PE;PEN;85;;;docs/INVESTIGACION_PRECIOS_RONDA_1.md;2026-08-19;referencia;por_verificar;no_confirmado;nacional;"Referencia central; validar presentación y proveedor."
MT-ARENA;Arena lavada de río, puesta en obra, para camas de asiento y rellenos de zanja.;materiales;m3;MX;MXN;600;;;docs/INVESTIGACION_PRECIOS_RONDA_1.md;2026-08-19;referencia;por_verificar;no_confirmado;nacional;"Referencia central; validar presentación y proveedor."
MT-ARENA;Arena lavada de río, puesta en obra, para camas de asiento y rellenos de zanja.;materiales;m3;EC;USD;20;;;docs/INVESTIGACION_PRECIOS_RONDA_1.md;2026-08-19;referencia;por_verificar;no_confirmado;nacional;"Referencia central; validar presentación y proveedor."
MT-PIEDRA-PIC;Piedra picada de granulometría corriente, puesta en obra, para bases y drenajes.;materiales;m3;CO;COP;115000;;;docs/INVESTIGACION_PRECIOS_RONDA_1.md;2026-08-19;referencia;por_verificar;no_confirmado;nacional;"Referencia central; validar presentación y proveedor."
MT-PIEDRA-PIC;Piedra picada de granulometría corriente, puesta en obra, para bases y drenajes.;materiales;m3;PE;PEN;100;;;docs/INVESTIGACION_PRECIOS_RONDA_1.md;2026-08-19;referencia;por_verificar;no_confirmado;nacional;"Referencia central; validar presentación y proveedor."
MT-PIEDRA-PIC;Piedra picada de granulometría corriente, puesta en obra, para bases y drenajes.;materiales;m3;MX;MXN;500;;;docs/INVESTIGACION_PRECIOS_RONDA_1.md;2026-08-19;referencia;por_verificar;no_confirmado;nacional;"Referencia central; validar presentación y proveedor."
MT-PIEDRA-PIC;Piedra picada de granulometría corriente, puesta en obra, para bases y drenajes.;materiales;m3;EC;USD;20;;;docs/INVESTIGACION_PRECIOS_RONDA_1.md;2026-08-19;referencia;por_verificar;no_confirmado;nacional;"Referencia central; validar presentación y proveedor."
MT-MAT-PRESTAMO;Material granular seleccionado de préstamo, tipo granzón natural, puesto en obra para rellenos compactados.;materiales;m3;CO;COP;;;;;;pendiente;por_verificar;no_confirmado;pendiente;Pendiente de investigación específica.
MT-MAT-PRESTAMO;Material granular seleccionado de préstamo, tipo granzón natural, puesto en obra para rellenos compactados.;materiales;m3;PE;PEN;;;;;;pendiente;por_verificar;no_confirmado;pendiente;Pendiente de investigación específica.
MT-MAT-PRESTAMO;Material granular seleccionado de préstamo, tipo granzón natural, puesto en obra para rellenos compactados.;materiales;m3;MX;MXN;;;;;;pendiente;por_verificar;no_confirmado;pendiente;Pendiente de investigación específica.
MT-MAT-PRESTAMO;Material granular seleccionado de préstamo, tipo granzón natural, puesto en obra para rellenos compactados.;materiales;m3;EC;USD;;;;;;pendiente;por_verificar;no_confirmado;pendiente;Pendiente de investigación específica.
MT-MADERA-ENTIB;Tablón y puntal de madera para entibado de zanja, con amortización por número de usos.;materiales;m2;CO;COP;;;;;;pendiente;por_verificar;no_confirmado;pendiente;Pendiente de investigación específica.
MT-MADERA-ENTIB;Tablón y puntal de madera para entibado de zanja, con amortización por número de usos.;materiales;m2;PE;PEN;;;;;;pendiente;por_verificar;no_confirmado;pendiente;Pendiente de investigación específica.
MT-MADERA-ENTIB;Tablón y puntal de madera para entibado de zanja, con amortización por número de usos.;materiales;m2;MX;MXN;;;;;;pendiente;por_verificar;no_confirmado;pendiente;Pendiente de investigación específica.
MT-MADERA-ENTIB;Tablón y puntal de madera para entibado de zanja, con amortización por número de usos.;materiales;m2;EC;USD;;;;;;pendiente;por_verificar;no_confirmado;pendiente;Pendiente de investigación específica.
MT-CANON-TIERRA;Canon de vertido de tierra y material de excavación en botadero autorizado.;materiales;m3;CO;COP;;;;;;pendiente;por_verificar;no_confirmado;pendiente;Pendiente de investigación específica.
MT-CANON-TIERRA;Canon de vertido de tierra y material de excavación en botadero autorizado.;materiales;m3;PE;PEN;;;;;;pendiente;por_verificar;no_confirmado;pendiente;Pendiente de investigación específica.
MT-CANON-TIERRA;Canon de vertido de tierra y material de excavación en botadero autorizado.;materiales;m3;MX;MXN;;;;;;pendiente;por_verificar;no_confirmado;pendiente;Pendiente de investigación específica.
MT-CANON-TIERRA;Canon de vertido de tierra y material de excavación en botadero autorizado.;materiales;m3;EC;USD;;;;;;pendiente;por_verificar;no_confirmado;pendiente;Pendiente de investigación específica.
MT-AGUA-OBRA;Agua para amasado, humectación de rellenos y compactación.;materiales;m3;CO;COP;;;;;;pendiente;por_verificar;no_confirmado;pendiente;Pendiente de investigación específica.
MT-AGUA-OBRA;Agua para amasado, humectación de rellenos y compactación.;materiales;m3;PE;PEN;;;;;;pendiente;por_verificar;no_confirmado;pendiente;Pendiente de investigación específica.
MT-AGUA-OBRA;Agua para amasado, humectación de rellenos y compactación.;materiales;m3;MX;MXN;;;;;;pendiente;por_verificar;no_confirmado;pendiente;Pendiente de investigación específica.
MT-AGUA-OBRA;Agua para amasado, humectación de rellenos y compactación.;materiales;m3;EC;USD;;;;;;pendiente;por_verificar;no_confirmado;pendiente;Pendiente de investigación específica.
MT-CONC-180;Concreto premezclado de resistencia 180 kg/cm2, puesto en obra.;materiales;m3;CO;COP;;;;;;pendiente;por_verificar;no_confirmado;pendiente;Pendiente de investigación específica.
MT-CONC-180;Concreto premezclado de resistencia 180 kg/cm2, puesto en obra.;materiales;m3;PE;PEN;;;;;;pendiente;por_verificar;no_confirmado;pendiente;Pendiente de investigación específica.
MT-CONC-180;Concreto premezclado de resistencia 180 kg/cm2, puesto en obra.;materiales;m3;MX;MXN;;;;;;pendiente;por_verificar;no_confirmado;pendiente;Pendiente de investigación específica.
MT-CONC-180;Concreto premezclado de resistencia 180 kg/cm2, puesto en obra.;materiales;m3;EC;USD;;;;;;pendiente;por_verificar;no_confirmado;pendiente;Pendiente de investigación específica.
MT-CONC-210;Concreto premezclado de resistencia 210 kg/cm2, puesto en obra.;materiales;m3;CO;COP;;;;;;pendiente;por_verificar;no_confirmado;pendiente;Pendiente de investigación específica.
MT-CONC-210;Concreto premezclado de resistencia 210 kg/cm2, puesto en obra.;materiales;m3;PE;PEN;;;;;;pendiente;por_verificar;no_confirmado;pendiente;Pendiente de investigación específica.
MT-CONC-210;Concreto premezclado de resistencia 210 kg/cm2, puesto en obra.;materiales;m3;MX;MXN;;;;;;pendiente;por_verificar;no_confirmado;pendiente;Pendiente de investigación específica.
MT-CONC-210;Concreto premezclado de resistencia 210 kg/cm2, puesto en obra.;materiales;m3;EC;USD;;;;;;pendiente;por_verificar;no_confirmado;pendiente;Pendiente de investigación específica.
MT-CONC-250;Concreto premezclado de resistencia 250 kg/cm2, puesto en obra.;materiales;m3;CO;COP;;;;;;pendiente;por_verificar;no_confirmado;pendiente;Pendiente de investigación específica.
MT-CONC-250;Concreto premezclado de resistencia 250 kg/cm2, puesto en obra.;materiales;m3;PE;PEN;;;;;;pendiente;por_verificar;no_confirmado;pendiente;Pendiente de investigación específica.
MT-CONC-250;Concreto premezclado de resistencia 250 kg/cm2, puesto en obra.;materiales;m3;MX;MXN;;;;;;pendiente;por_verificar;no_confirmado;pendiente;Pendiente de investigación específica.
MT-CONC-250;Concreto premezclado de resistencia 250 kg/cm2, puesto en obra.;materiales;m3;EC;USD;;;;;;pendiente;por_verificar;no_confirmado;pendiente;Pendiente de investigación específica.
MT-CEMENTO;Cemento Portland gris tipo I, en saco.;materiales;kg;CO;COP;28000;;;docs/INVESTIGACION_PRECIOS_RONDA_1.md;2026-08-19;referencia;por_verificar;no_confirmado;nacional;"Referencia central; validar presentación y proveedor."
MT-CEMENTO;Cemento Portland gris tipo I, en saco.;materiales;kg;PE;PEN;31.0;;;docs/INVESTIGACION_PRECIOS_RONDA_1.md;2026-08-19;referencia;por_verificar;no_confirmado;nacional;"Referencia central; validar presentación y proveedor."
MT-CEMENTO;Cemento Portland gris tipo I, en saco.;materiales;kg;MX;MXN;240;;;docs/INVESTIGACION_PRECIOS_RONDA_1.md;2026-08-19;referencia;por_verificar;no_confirmado;nacional;"Referencia central; validar presentación y proveedor."
MT-CEMENTO;Cemento Portland gris tipo I, en saco.;materiales;kg;EC;USD;8.5;;;docs/INVESTIGACION_PRECIOS_RONDA_1.md;2026-08-19;referencia;por_verificar;no_confirmado;nacional;"Referencia central; validar presentación y proveedor."
MT-ACERO-CAB;Acero de refuerzo en cabillas corrugadas, límite elástico 4.200 kg/cm2, cortado y doblado.;materiales;kg;CO;COP;4000;;;docs/INVESTIGACION_PRECIOS_RONDA_1.md;2026-08-19;referencia;por_verificar;no_confirmado;nacional;"Referencia central; validar presentación y proveedor."
MT-ACERO-CAB;Acero de refuerzo en cabillas corrugadas, límite elástico 4.200 kg/cm2, cortado y doblado.;materiales;kg;PE;PEN;0.95;;;docs/INVESTIGACION_PRECIOS_RONDA_1.md;2026-08-19;referencia;por_verificar;no_confirmado;nacional;"Referencia central; validar presentación y proveedor."
MT-ACERO-CAB;Acero de refuerzo en cabillas corrugadas, límite elástico 4.200 kg/cm2, cortado y doblado.;materiales;kg;MX;MXN;22;;;docs/INVESTIGACION_PRECIOS_RONDA_1.md;2026-08-19;referencia;por_verificar;no_confirmado;nacional;"Referencia central; validar presentación y proveedor."
MT-ACERO-CAB;Acero de refuerzo en cabillas corrugadas, límite elástico 4.200 kg/cm2, cortado y doblado.;materiales;kg;EC;USD;0.98;;;docs/INVESTIGACION_PRECIOS_RONDA_1.md;2026-08-19;referencia;por_verificar;no_confirmado;nacional;"Referencia central; validar presentación y proveedor."
MT-ALAMBRE;Alambre recocido para amarre de acero de refuerzo.;materiales;kg;CO;COP;;;;;;pendiente;por_verificar;no_confirmado;pendiente;Pendiente de investigación específica.
MT-ALAMBRE;Alambre recocido para amarre de acero de refuerzo.;materiales;kg;PE;PEN;;;;;;pendiente;por_verificar;no_confirmado;pendiente;Pendiente de investigación específica.
MT-ALAMBRE;Alambre recocido para amarre de acero de refuerzo.;materiales;kg;MX;MXN;;;;;;pendiente;por_verificar;no_confirmado;pendiente;Pendiente de investigación específica.
MT-ALAMBRE;Alambre recocido para amarre de acero de refuerzo.;materiales;kg;EC;USD;;;;;;pendiente;por_verificar;no_confirmado;pendiente;Pendiente de investigación específica.
MT-MALLA-ELEC;Malla electrosoldada de acero para refuerzo de losas y pisos.;materiales;m2;CO;COP;;;;;;pendiente;por_verificar;no_confirmado;pendiente;Pendiente de investigación específica.
MT-MALLA-ELEC;Malla electrosoldada de acero para refuerzo de losas y pisos.;materiales;m2;PE;PEN;;;;;;pendiente;por_verificar;no_confirmado;pendiente;Pendiente de investigación específica.
MT-MALLA-ELEC;Malla electrosoldada de acero para refuerzo de losas y pisos.;materiales;m2;MX;MXN;;;;;;pendiente;por_verificar;no_confirmado;pendiente;Pendiente de investigación específica.
MT-MALLA-ELEC;Malla electrosoldada de acero para refuerzo de losas y pisos.;materiales;m2;EC;USD;;;;;;pendiente;por_verificar;no_confirmado;pendiente;Pendiente de investigación específica.
MT-SEPARADOR;Separador plástico o de mortero para garantizar el recubrimiento del acero de refuerzo.;materiales;ud;CO;COP;;;;;;pendiente;por_verificar;no_confirmado;pendiente;Pendiente de investigación específica.
MT-SEPARADOR;Separador plástico o de mortero para garantizar el recubrimiento del acero de refuerzo.;materiales;ud;PE;PEN;;;;;;pendiente;por_verificar;no_confirmado;pendiente;Pendiente de investigación específica.
MT-SEPARADOR;Separador plástico o de mortero para garantizar el recubrimiento del acero de refuerzo.;materiales;ud;MX;MXN;;;;;;pendiente;por_verificar;no_confirmado;pendiente;Pendiente de investigación específica.
MT-SEPARADOR;Separador plástico o de mortero para garantizar el recubrimiento del acero de refuerzo.;materiales;ud;EC;USD;;;;;;pendiente;por_verificar;no_confirmado;pendiente;Pendiente de investigación específica.
MT-FORM-MADERA;Encofrado de madera con sus puntales y arriostramientos, amortizado por número de usos.;materiales;m2;CO;COP;;;;;;pendiente;por_verificar;no_confirmado;pendiente;Pendiente de investigación específica.
MT-FORM-MADERA;Encofrado de madera con sus puntales y arriostramientos, amortizado por número de usos.;materiales;m2;PE;PEN;;;;;;pendiente;por_verificar;no_confirmado;pendiente;Pendiente de investigación específica.
MT-FORM-MADERA;Encofrado de madera con sus puntales y arriostramientos, amortizado por número de usos.;materiales;m2;MX;MXN;;;;;;pendiente;por_verificar;no_confirmado;pendiente;Pendiente de investigación específica.
MT-FORM-MADERA;Encofrado de madera con sus puntales y arriostramientos, amortizado por número de usos.;materiales;m2;EC;USD;;;;;;pendiente;por_verificar;no_confirmado;pendiente;Pendiente de investigación específica.
MT-DESMOLD;Desmoldeante para encofrados, que facilita el desencofrado y protege la madera.;materiales;l;CO;COP;;;;;;pendiente;por_verificar;no_confirmado;pendiente;Pendiente de investigación específica.
MT-DESMOLD;Desmoldeante para encofrados, que facilita el desencofrado y protege la madera.;materiales;l;PE;PEN;;;;;;pendiente;por_verificar;no_confirmado;pendiente;Pendiente de investigación específica.
MT-DESMOLD;Desmoldeante para encofrados, que facilita el desencofrado y protege la madera.;materiales;l;MX;MXN;;;;;;pendiente;por_verificar;no_confirmado;pendiente;Pendiente de investigación específica.
MT-DESMOLD;Desmoldeante para encofrados, que facilita el desencofrado y protege la madera.;materiales;l;EC;USD;;;;;;pendiente;por_verificar;no_confirmado;pendiente;Pendiente de investigación específica.
MT-POLIET;Lámina de polietileno de alta densidad como barrera de vapor bajo losas de piso.;materiales;m2;CO;COP;;;;;;pendiente;por_verificar;no_confirmado;pendiente;Pendiente de investigación específica.
MT-POLIET;Lámina de polietileno de alta densidad como barrera de vapor bajo losas de piso.;materiales;m2;PE;PEN;;;;;;pendiente;por_verificar;no_confirmado;pendiente;Pendiente de investigación específica.
MT-POLIET;Lámina de polietileno de alta densidad como barrera de vapor bajo losas de piso.;materiales;m2;MX;MXN;;;;;;pendiente;por_verificar;no_confirmado;pendiente;Pendiente de investigación específica.
MT-POLIET;Lámina de polietileno de alta densidad como barrera de vapor bajo losas de piso.;materiales;m2;EC;USD;;;;;;pendiente;por_verificar;no_confirmado;pendiente;Pendiente de investigación específica.
MT-IMPERM-ASF;Impermeabilizante asfáltico en emulsión para protección de fundaciones y trasdós de muros.;materiales;l;CO;COP;;;;;;pendiente;por_verificar;no_confirmado;pendiente;Pendiente de investigación específica.
MT-IMPERM-ASF;Impermeabilizante asfáltico en emulsión para protección de fundaciones y trasdós de muros.;materiales;l;PE;PEN;;;;;;pendiente;por_verificar;no_confirmado;pendiente;Pendiente de investigación específica.
MT-IMPERM-ASF;Impermeabilizante asfáltico en emulsión para protección de fundaciones y trasdós de muros.;materiales;l;MX;MXN;;;;;;pendiente;por_verificar;no_confirmado;pendiente;Pendiente de investigación específica.
MT-IMPERM-ASF;Impermeabilizante asfáltico en emulsión para protección de fundaciones y trasdós de muros.;materiales;l;EC;USD;;;;;;pendiente;por_verificar;no_confirmado;pendiente;Pendiente de investigación específica.
MT-ADITIVO;Aditivo plastificante y reductor de agua para concreto.;materiales;l;CO;COP;;;;;;pendiente;por_verificar;no_confirmado;pendiente;Pendiente de investigación específica.
MT-ADITIVO;Aditivo plastificante y reductor de agua para concreto.;materiales;l;PE;PEN;;;;;;pendiente;por_verificar;no_confirmado;pendiente;Pendiente de investigación específica.
MT-ADITIVO;Aditivo plastificante y reductor de agua para concreto.;materiales;l;MX;MXN;;;;;;pendiente;por_verificar;no_confirmado;pendiente;Pendiente de investigación específica.
MT-ADITIVO;Aditivo plastificante y reductor de agua para concreto.;materiales;l;EC;USD;;;;;;pendiente;por_verificar;no_confirmado;pendiente;Pendiente de investigación específica.
MT-TUBO-DREN;Tubería de drenaje perforada corrugada con geotextil, para drenaje de trasdós de muro.;materiales;m;CO;COP;;;;;;pendiente;por_verificar;no_confirmado;pendiente;Pendiente de investigación específica.
MT-TUBO-DREN;Tubería de drenaje perforada corrugada con geotextil, para drenaje de trasdós de muro.;materiales;m;PE;PEN;;;;;;pendiente;por_verificar;no_confirmado;pendiente;Pendiente de investigación específica.
MT-TUBO-DREN;Tubería de drenaje perforada corrugada con geotextil, para drenaje de trasdós de muro.;materiales;m;MX;MXN;;;;;;pendiente;por_verificar;no_confirmado;pendiente;Pendiente de investigación específica.
MT-TUBO-DREN;Tubería de drenaje perforada corrugada con geotextil, para drenaje de trasdós de muro.;materiales;m;EC;USD;;;;;;pendiente;por_verificar;no_confirmado;pendiente;Pendiente de investigación específica.
MT-GEOTEXTIL;Geotextil no tejido para separación y filtro en drenajes y rellenos.;materiales;m2;CO;COP;;;;;;pendiente;por_verificar;no_confirmado;pendiente;Pendiente de investigación específica.
MT-GEOTEXTIL;Geotextil no tejido para separación y filtro en drenajes y rellenos.;materiales;m2;PE;PEN;;;;;;pendiente;por_verificar;no_confirmado;pendiente;Pendiente de investigación específica.
MT-GEOTEXTIL;Geotextil no tejido para separación y filtro en drenajes y rellenos.;materiales;m2;MX;MXN;;;;;;pendiente;por_verificar;no_confirmado;pendiente;Pendiente de investigación específica.
MT-GEOTEXTIL;Geotextil no tejido para separación y filtro en drenajes y rellenos.;materiales;m2;EC;USD;;;;;;pendiente;por_verificar;no_confirmado;pendiente;Pendiente de investigación específica.
MT-CURADOR;Curador químico de membrana para concreto, que retiene el agua de fraguado.;materiales;l;CO;COP;;;;;;pendiente;por_verificar;no_confirmado;pendiente;Pendiente de investigación específica.
MT-CURADOR;Curador químico de membrana para concreto, que retiene el agua de fraguado.;materiales;l;PE;PEN;;;;;;pendiente;por_verificar;no_confirmado;pendiente;Pendiente de investigación específica.
MT-CURADOR;Curador químico de membrana para concreto, que retiene el agua de fraguado.;materiales;l;MX;MXN;;;;;;pendiente;por_verificar;no_confirmado;pendiente;Pendiente de investigación específica.
MT-CURADOR;Curador químico de membrana para concreto, que retiene el agua de fraguado.;materiales;l;EC;USD;;;;;;pendiente;por_verificar;no_confirmado;pendiente;Pendiente de investigación específica.
MT-PERFIL-ACERO;Perfil estructural de acero laminado, suministrado cortado a medida.;materiales;kg;CO;COP;;;;;;pendiente;por_verificar;no_confirmado;pendiente;Pendiente de investigación específica.
MT-PERFIL-ACERO;Perfil estructural de acero laminado, suministrado cortado a medida.;materiales;kg;PE;PEN;;;;;;pendiente;por_verificar;no_confirmado;pendiente;Pendiente de investigación específica.
MT-PERFIL-ACERO;Perfil estructural de acero laminado, suministrado cortado a medida.;materiales;kg;MX;MXN;;;;;;pendiente;por_verificar;no_confirmado;pendiente;Pendiente de investigación específica.
MT-PERFIL-ACERO;Perfil estructural de acero laminado, suministrado cortado a medida.;materiales;kg;EC;USD;;;;;;pendiente;por_verificar;no_confirmado;pendiente;Pendiente de investigación específica.
MT-PLANCHA-ACERO;Plancha de acero para placas base, cartelas y conexiones.;materiales;kg;CO;COP;;;;;;pendiente;por_verificar;no_confirmado;pendiente;Pendiente de investigación específica.
MT-PLANCHA-ACERO;Plancha de acero para placas base, cartelas y conexiones.;materiales;kg;PE;PEN;;;;;;pendiente;por_verificar;no_confirmado;pendiente;Pendiente de investigación específica.
MT-PLANCHA-ACERO;Plancha de acero para placas base, cartelas y conexiones.;materiales;kg;MX;MXN;;;;;;pendiente;por_verificar;no_confirmado;pendiente;Pendiente de investigación específica.
MT-PLANCHA-ACERO;Plancha de acero para placas base, cartelas y conexiones.;materiales;kg;EC;USD;;;;;;pendiente;por_verificar;no_confirmado;pendiente;Pendiente de investigación específica.
MT-PERNO-ANCLA;Perno de anclaje de acero con tuerca y arandela, para fijación de placa base.;materiales;ud;CO;COP;;;;;;pendiente;por_verificar;no_confirmado;pendiente;Pendiente de investigación específica.
MT-PERNO-ANCLA;Perno de anclaje de acero con tuerca y arandela, para fijación de placa base.;materiales;ud;PE;PEN;;;;;;pendiente;por_verificar;no_confirmado;pendiente;Pendiente de investigación específica.
MT-PERNO-ANCLA;Perno de anclaje de acero con tuerca y arandela, para fijación de placa base.;materiales;ud;MX;MXN;;;;;;pendiente;por_verificar;no_confirmado;pendiente;Pendiente de investigación específica.
MT-PERNO-ANCLA;Perno de anclaje de acero con tuerca y arandela, para fijación de placa base.;materiales;ud;EC;USD;;;;;;pendiente;por_verificar;no_confirmado;pendiente;Pendiente de investigación específica.
MT-TORNILLO-EST;Tornillería estructural de alta resistencia con tuerca y arandelas.;materiales;ud;CO;COP;;;;;;pendiente;por_verificar;no_confirmado;pendiente;Pendiente de investigación específica.
MT-TORNILLO-EST;Tornillería estructural de alta resistencia con tuerca y arandelas.;materiales;ud;PE;PEN;;;;;;pendiente;por_verificar;no_confirmado;pendiente;Pendiente de investigación específica.
MT-TORNILLO-EST;Tornillería estructural de alta resistencia con tuerca y arandelas.;materiales;ud;MX;MXN;;;;;;pendiente;por_verificar;no_confirmado;pendiente;Pendiente de investigación específica.
MT-TORNILLO-EST;Tornillería estructural de alta resistencia con tuerca y arandelas.;materiales;ud;EC;USD;;;;;;pendiente;por_verificar;no_confirmado;pendiente;Pendiente de investigación específica.
MT-ELECTRODO;Electrodo revestido para soldadura estructural por arco eléctrico.;materiales;kg;CO;COP;;;;;;pendiente;por_verificar;no_confirmado;pendiente;Pendiente de investigación específica.
MT-ELECTRODO;Electrodo revestido para soldadura estructural por arco eléctrico.;materiales;kg;PE;PEN;;;;;;pendiente;por_verificar;no_confirmado;pendiente;Pendiente de investigación específica.
MT-ELECTRODO;Electrodo revestido para soldadura estructural por arco eléctrico.;materiales;kg;MX;MXN;;;;;;pendiente;por_verificar;no_confirmado;pendiente;Pendiente de investigación específica.
MT-ELECTRODO;Electrodo revestido para soldadura estructural por arco eléctrico.;materiales;kg;EC;USD;;;;;;pendiente;por_verificar;no_confirmado;pendiente;Pendiente de investigación específica.
MT-PINT-ANTICORR;Imprimación anticorrosiva de fondo para estructura metálica.;materiales;l;CO;COP;;;;;;pendiente;por_verificar;no_confirmado;pendiente;Pendiente de investigación específica.
MT-PINT-ANTICORR;Imprimación anticorrosiva de fondo para estructura metálica.;materiales;l;PE;PEN;;;;;;pendiente;por_verificar;no_confirmado;pendiente;Pendiente de investigación específica.
MT-PINT-ANTICORR;Imprimación anticorrosiva de fondo para estructura metálica.;materiales;l;MX;MXN;;;;;;pendiente;por_verificar;no_confirmado;pendiente;Pendiente de investigación específica.
MT-PINT-ANTICORR;Imprimación anticorrosiva de fondo para estructura metálica.;materiales;l;EC;USD;;;;;;pendiente;por_verificar;no_confirmado;pendiente;Pendiente de investigación específica.
MT-MADERA-EST;Madera estructural aserrada y cepillada, de escuadría según proyecto.;materiales;m3;CO;COP;;;;;;pendiente;por_verificar;no_confirmado;pendiente;Pendiente de investigación específica.
MT-MADERA-EST;Madera estructural aserrada y cepillada, de escuadría según proyecto.;materiales;m3;PE;PEN;;;;;;pendiente;por_verificar;no_confirmado;pendiente;Pendiente de investigación específica.
MT-MADERA-EST;Madera estructural aserrada y cepillada, de escuadría según proyecto.;materiales;m3;MX;MXN;;;;;;pendiente;por_verificar;no_confirmado;pendiente;Pendiente de investigación específica.
MT-MADERA-EST;Madera estructural aserrada y cepillada, de escuadría según proyecto.;materiales;m3;EC;USD;;;;;;pendiente;por_verificar;no_confirmado;pendiente;Pendiente de investigación específica.
MT-HERRAJE-MAD;Herraje o conector metálico galvanizado para uniones de estructura de madera.;materiales;ud;CO;COP;;;;;;pendiente;por_verificar;no_confirmado;pendiente;Pendiente de investigación específica.
MT-HERRAJE-MAD;Herraje o conector metálico galvanizado para uniones de estructura de madera.;materiales;ud;PE;PEN;;;;;;pendiente;por_verificar;no_confirmado;pendiente;Pendiente de investigación específica.
MT-HERRAJE-MAD;Herraje o conector metálico galvanizado para uniones de estructura de madera.;materiales;ud;MX;MXN;;;;;;pendiente;por_verificar;no_confirmado;pendiente;Pendiente de investigación específica.
MT-HERRAJE-MAD;Herraje o conector metálico galvanizado para uniones de estructura de madera.;materiales;ud;EC;USD;;;;;;pendiente;por_verificar;no_confirmado;pendiente;Pendiente de investigación específica.
MT-PRESERV-MAD;Preservante fungicida e insecticida para protección de madera estructural.;materiales;l;CO;COP;;;;;;pendiente;por_verificar;no_confirmado;pendiente;Pendiente de investigación específica.
MT-PRESERV-MAD;Preservante fungicida e insecticida para protección de madera estructural.;materiales;l;PE;PEN;;;;;;pendiente;por_verificar;no_confirmado;pendiente;Pendiente de investigación específica.
MT-PRESERV-MAD;Preservante fungicida e insecticida para protección de madera estructural.;materiales;l;MX;MXN;;;;;;pendiente;por_verificar;no_confirmado;pendiente;Pendiente de investigación específica.
MT-PRESERV-MAD;Preservante fungicida e insecticida para protección de madera estructural.;materiales;l;EC;USD;;;;;;pendiente;por_verificar;no_confirmado;pendiente;Pendiente de investigación específica.
MT-VIGUETA;Vigueta prefabricada pretensada de concreto para losa de entrepiso.;materiales;m;CO;COP;;;;;;pendiente;por_verificar;no_confirmado;pendiente;Pendiente de investigación específica.
MT-VIGUETA;Vigueta prefabricada pretensada de concreto para losa de entrepiso.;materiales;m;PE;PEN;;;;;;pendiente;por_verificar;no_confirmado;pendiente;Pendiente de investigación específica.
MT-VIGUETA;Vigueta prefabricada pretensada de concreto para losa de entrepiso.;materiales;m;MX;MXN;;;;;;pendiente;por_verificar;no_confirmado;pendiente;Pendiente de investigación específica.
MT-VIGUETA;Vigueta prefabricada pretensada de concreto para losa de entrepiso.;materiales;m;EC;USD;;;;;;pendiente;por_verificar;no_confirmado;pendiente;Pendiente de investigación específica.
MT-BLOQUE-ALIV;Bloque de arcilla de aliviano para losa nervada.;materiales;ud;CO;COP;;;;;;pendiente;por_verificar;no_confirmado;pendiente;Pendiente de investigación específica.
MT-BLOQUE-ALIV;Bloque de arcilla de aliviano para losa nervada.;materiales;ud;PE;PEN;;;;;;pendiente;por_verificar;no_confirmado;pendiente;Pendiente de investigación específica.
MT-BLOQUE-ALIV;Bloque de arcilla de aliviano para losa nervada.;materiales;ud;MX;MXN;;;;;;pendiente;por_verificar;no_confirmado;pendiente;Pendiente de investigación específica.
MT-BLOQUE-ALIV;Bloque de arcilla de aliviano para losa nervada.;materiales;ud;EC;USD;;;;;;pendiente;por_verificar;no_confirmado;pendiente;Pendiente de investigación específica.
MT-ANIME-ALIV;Bloque de poliestireno expandido de aliviano para losa nervada, de menor peso propio.;materiales;ud;CO;COP;;;;;;pendiente;por_verificar;no_confirmado;pendiente;Pendiente de investigación específica.
MT-ANIME-ALIV;Bloque de poliestireno expandido de aliviano para losa nervada, de menor peso propio.;materiales;ud;PE;PEN;;;;;;pendiente;por_verificar;no_confirmado;pendiente;Pendiente de investigación específica.
MT-ANIME-ALIV;Bloque de poliestireno expandido de aliviano para losa nervada, de menor peso propio.;materiales;ud;MX;MXN;;;;;;pendiente;por_verificar;no_confirmado;pendiente;Pendiente de investigación específica.
MT-ANIME-ALIV;Bloque de poliestireno expandido de aliviano para losa nervada, de menor peso propio.;materiales;ud;EC;USD;;;;;;pendiente;por_verificar;no_confirmado;pendiente;Pendiente de investigación específica.
MT-CONC-300;Concreto premezclado de resistencia 300 kg/cm2, puesto en obra.;materiales;m3;CO;COP;;;;;;pendiente;por_verificar;no_confirmado;pendiente;Pendiente de investigación específica.
MT-CONC-300;Concreto premezclado de resistencia 300 kg/cm2, puesto en obra.;materiales;m3;PE;PEN;;;;;;pendiente;por_verificar;no_confirmado;pendiente;Pendiente de investigación específica.
MT-CONC-300;Concreto premezclado de resistencia 300 kg/cm2, puesto en obra.;materiales;m3;MX;MXN;;;;;;pendiente;por_verificar;no_confirmado;pendiente;Pendiente de investigación específica.
MT-CONC-300;Concreto premezclado de resistencia 300 kg/cm2, puesto en obra.;materiales;m3;EC;USD;;;;;;pendiente;por_verificar;no_confirmado;pendiente;Pendiente de investigación específica.
MT-EPOXI-ANCLA;Resina epóxica bicomponente para anclaje químico de barras y para inyección de fisuras.;materiales;l;CO;COP;;;;;;pendiente;por_verificar;no_confirmado;pendiente;Pendiente de investigación específica.
MT-EPOXI-ANCLA;Resina epóxica bicomponente para anclaje químico de barras y para inyección de fisuras.;materiales;l;PE;PEN;;;;;;pendiente;por_verificar;no_confirmado;pendiente;Pendiente de investigación específica.
MT-EPOXI-ANCLA;Resina epóxica bicomponente para anclaje químico de barras y para inyección de fisuras.;materiales;l;MX;MXN;;;;;;pendiente;por_verificar;no_confirmado;pendiente;Pendiente de investigación específica.
MT-EPOXI-ANCLA;Resina epóxica bicomponente para anclaje químico de barras y para inyección de fisuras.;materiales;l;EC;USD;;;;;;pendiente;por_verificar;no_confirmado;pendiente;Pendiente de investigación específica.
MT-FIBRA-CARB;Tejido de fibra de carbono unidireccional con su resina de saturación, para refuerzo estructural.;materiales;m2;CO;COP;;;;;;pendiente;por_verificar;no_confirmado;pendiente;Pendiente de investigación específica.
MT-FIBRA-CARB;Tejido de fibra de carbono unidireccional con su resina de saturación, para refuerzo estructural.;materiales;m2;PE;PEN;;;;;;pendiente;por_verificar;no_confirmado;pendiente;Pendiente de investigación específica.
MT-FIBRA-CARB;Tejido de fibra de carbono unidireccional con su resina de saturación, para refuerzo estructural.;materiales;m2;MX;MXN;;;;;;pendiente;por_verificar;no_confirmado;pendiente;Pendiente de investigación específica.
MT-FIBRA-CARB;Tejido de fibra de carbono unidireccional con su resina de saturación, para refuerzo estructural.;materiales;m2;EC;USD;;;;;;pendiente;por_verificar;no_confirmado;pendiente;Pendiente de investigación específica.
MT-MORT-REP-EST;Mortero tixotrópico de reparación estructural, de retracción compensada y con inhibidor de corrosión.;materiales;kg;CO;COP;;;;;;pendiente;por_verificar;no_confirmado;pendiente;Pendiente de investigación específica.
MT-MORT-REP-EST;Mortero tixotrópico de reparación estructural, de retracción compensada y con inhibidor de corrosión.;materiales;kg;PE;PEN;;;;;;pendiente;por_verificar;no_confirmado;pendiente;Pendiente de investigación específica.
MT-MORT-REP-EST;Mortero tixotrópico de reparación estructural, de retracción compensada y con inhibidor de corrosión.;materiales;kg;MX;MXN;;;;;;pendiente;por_verificar;no_confirmado;pendiente;Pendiente de investigación específica.
MT-MORT-REP-EST;Mortero tixotrópico de reparación estructural, de retracción compensada y con inhibidor de corrosión.;materiales;kg;EC;USD;;;;;;pendiente;por_verificar;no_confirmado;pendiente;Pendiente de investigación específica.
MT-PUENTE-ADH;Puente de adherencia epóxico entre concreto endurecido y concreto o mortero nuevo.;materiales;l;CO;COP;;;;;;pendiente;por_verificar;no_confirmado;pendiente;Pendiente de investigación específica.
MT-PUENTE-ADH;Puente de adherencia epóxico entre concreto endurecido y concreto o mortero nuevo.;materiales;l;PE;PEN;;;;;;pendiente;por_verificar;no_confirmado;pendiente;Pendiente de investigación específica.
MT-PUENTE-ADH;Puente de adherencia epóxico entre concreto endurecido y concreto o mortero nuevo.;materiales;l;MX;MXN;;;;;;pendiente;por_verificar;no_confirmado;pendiente;Pendiente de investigación específica.
MT-PUENTE-ADH;Puente de adherencia epóxico entre concreto endurecido y concreto o mortero nuevo.;materiales;l;EC;USD;;;;;;pendiente;por_verificar;no_confirmado;pendiente;Pendiente de investigación específica.
MT-GROUT;Grout fluido de alta resistencia y retracción compensada, para nivelación de apoyos y relleno de placas base.;materiales;kg;CO;COP;;;;;;pendiente;por_verificar;no_confirmado;pendiente;Pendiente de investigación específica.
MT-GROUT;Grout fluido de alta resistencia y retracción compensada, para nivelación de apoyos y relleno de placas base.;materiales;kg;PE;PEN;;;;;;pendiente;por_verificar;no_confirmado;pendiente;Pendiente de investigación específica.
MT-GROUT;Grout fluido de alta resistencia y retracción compensada, para nivelación de apoyos y relleno de placas base.;materiales;kg;MX;MXN;;;;;;pendiente;por_verificar;no_confirmado;pendiente;Pendiente de investigación específica.
MT-GROUT;Grout fluido de alta resistencia y retracción compensada, para nivelación de apoyos y relleno de placas base.;materiales;kg;EC;USD;;;;;;pendiente;por_verificar;no_confirmado;pendiente;Pendiente de investigación específica.
MT-PASIVANTE;Recubrimiento pasivante de base cementosa con inhibidor, para protección de acero de refuerzo corroído.;materiales;l;CO;COP;;;;;;pendiente;por_verificar;no_confirmado;pendiente;Pendiente de investigación específica.
MT-PASIVANTE;Recubrimiento pasivante de base cementosa con inhibidor, para protección de acero de refuerzo corroído.;materiales;l;PE;PEN;;;;;;pendiente;por_verificar;no_confirmado;pendiente;Pendiente de investigación específica.
MT-PASIVANTE;Recubrimiento pasivante de base cementosa con inhibidor, para protección de acero de refuerzo corroído.;materiales;l;MX;MXN;;;;;;pendiente;por_verificar;no_confirmado;pendiente;Pendiente de investigación específica.
MT-PASIVANTE;Recubrimiento pasivante de base cementosa con inhibidor, para protección de acero de refuerzo corroído.;materiales;l;EC;USD;;;;;;pendiente;por_verificar;no_confirmado;pendiente;Pendiente de investigación específica.
MT-BLQ-15;Bloque de concreto hueco de 15x20x40 cm.;materiales;ud;CO;COP;2600;;;docs/INVESTIGACION_PRECIOS_RONDA_1.md;2026-08-19;referencia;por_verificar;no_confirmado;nacional;"Referencia central; validar presentación y proveedor."
MT-BLQ-15;Bloque de concreto hueco de 15x20x40 cm.;materiales;ud;PE;PEN;1.5;;;docs/INVESTIGACION_PRECIOS_RONDA_1.md;2026-08-19;referencia;por_verificar;no_confirmado;nacional;"Referencia central; validar presentación y proveedor."
MT-BLQ-15;Bloque de concreto hueco de 15x20x40 cm.;materiales;ud;MX;MXN;17;;;docs/INVESTIGACION_PRECIOS_RONDA_1.md;2026-08-19;referencia;por_verificar;no_confirmado;nacional;"Referencia central; validar presentación y proveedor."
MT-BLQ-15;Bloque de concreto hueco de 15x20x40 cm.;materiales;ud;EC;USD;0.43;;;docs/INVESTIGACION_PRECIOS_RONDA_1.md;2026-08-19;referencia;por_verificar;no_confirmado;nacional;"Referencia central; validar presentación y proveedor."
MT-BLQ-20;Bloque de concreto hueco de 20x20x40 cm.;materiales;ud;CO;COP;;;;;;pendiente;por_verificar;no_confirmado;pendiente;Pendiente de investigación específica.
MT-BLQ-20;Bloque de concreto hueco de 20x20x40 cm.;materiales;ud;PE;PEN;;;;;;pendiente;por_verificar;no_confirmado;pendiente;Pendiente de investigación específica.
MT-BLQ-20;Bloque de concreto hueco de 20x20x40 cm.;materiales;ud;MX;MXN;;;;;;pendiente;por_verificar;no_confirmado;pendiente;Pendiente de investigación específica.
MT-BLQ-20;Bloque de concreto hueco de 20x20x40 cm.;materiales;ud;EC;USD;;;;;;pendiente;por_verificar;no_confirmado;pendiente;Pendiente de investigación específica.
MT-BLQ-ARC-10;Bloque hueco de arcilla de 10x20x30 cm.;materiales;ud;CO;COP;;;;;;pendiente;por_verificar;no_confirmado;pendiente;Pendiente de investigación específica.
MT-BLQ-ARC-10;Bloque hueco de arcilla de 10x20x30 cm.;materiales;ud;PE;PEN;;;;;;pendiente;por_verificar;no_confirmado;pendiente;Pendiente de investigación específica.
MT-BLQ-ARC-10;Bloque hueco de arcilla de 10x20x30 cm.;materiales;ud;MX;MXN;;;;;;pendiente;por_verificar;no_confirmado;pendiente;Pendiente de investigación específica.
MT-BLQ-ARC-10;Bloque hueco de arcilla de 10x20x30 cm.;materiales;ud;EC;USD;;;;;;pendiente;por_verificar;no_confirmado;pendiente;Pendiente de investigación específica.
MT-BLQ-ARC-15;Bloque hueco de arcilla de 15x20x30 cm.;materiales;ud;CO;COP;;;;;;pendiente;por_verificar;no_confirmado;pendiente;Pendiente de investigación específica.
MT-BLQ-ARC-15;Bloque hueco de arcilla de 15x20x30 cm.;materiales;ud;PE;PEN;;;;;;pendiente;por_verificar;no_confirmado;pendiente;Pendiente de investigación específica.
MT-BLQ-ARC-15;Bloque hueco de arcilla de 15x20x30 cm.;materiales;ud;MX;MXN;;;;;;pendiente;por_verificar;no_confirmado;pendiente;Pendiente de investigación específica.
MT-BLQ-ARC-15;Bloque hueco de arcilla de 15x20x30 cm.;materiales;ud;EC;USD;;;;;;pendiente;por_verificar;no_confirmado;pendiente;Pendiente de investigación específica.
MT-LADRILLO;Ladrillo macizo de arcilla cocida.;materiales;ud;CO;COP;1000;;;docs/INVESTIGACION_PRECIOS_RONDA_1.md;2026-08-19;referencia;por_verificar;no_confirmado;nacional;"Referencia central; validar presentación y proveedor."
MT-LADRILLO;Ladrillo macizo de arcilla cocida.;materiales;ud;PE;PEN;1.5;;;docs/INVESTIGACION_PRECIOS_RONDA_1.md;2026-08-19;referencia;por_verificar;no_confirmado;nacional;"Referencia central; validar presentación y proveedor."
MT-LADRILLO;Ladrillo macizo de arcilla cocida.;materiales;ud;MX;MXN;6.4;;;docs/INVESTIGACION_PRECIOS_RONDA_1.md;2026-08-19;referencia;por_verificar;no_confirmado;nacional;"Referencia central; validar presentación y proveedor."
MT-LADRILLO;Ladrillo macizo de arcilla cocida.;materiales;ud;EC;USD;0.3;;;docs/INVESTIGACION_PRECIOS_RONDA_1.md;2026-08-19;referencia;por_verificar;no_confirmado;nacional;"Referencia central; validar presentación y proveedor."
MT-BLQ-VIDRIO;Bloque de vidrio de 19x19x8 cm, con sus separadores y refuerzo de junta.;materiales;ud;CO;COP;;;;;;pendiente;por_verificar;no_confirmado;pendiente;Pendiente de investigación específica.
MT-BLQ-VIDRIO;Bloque de vidrio de 19x19x8 cm, con sus separadores y refuerzo de junta.;materiales;ud;PE;PEN;;;;;;pendiente;por_verificar;no_confirmado;pendiente;Pendiente de investigación específica.
MT-BLQ-VIDRIO;Bloque de vidrio de 19x19x8 cm, con sus separadores y refuerzo de junta.;materiales;ud;MX;MXN;;;;;;pendiente;por_verificar;no_confirmado;pendiente;Pendiente de investigación específica.
MT-BLQ-VIDRIO;Bloque de vidrio de 19x19x8 cm, con sus separadores y refuerzo de junta.;materiales;ud;EC;USD;;;;;;pendiente;por_verificar;no_confirmado;pendiente;Pendiente de investigación específica.
MT-PLACA-CEM;Placa de cemento reforzada con fibra, apta para áreas húmedas y exteriores.;materiales;m2;CO;COP;;;;;;pendiente;por_verificar;no_confirmado;pendiente;Pendiente de investigación específica.
MT-PLACA-CEM;Placa de cemento reforzada con fibra, apta para áreas húmedas y exteriores.;materiales;m2;PE;PEN;;;;;;pendiente;por_verificar;no_confirmado;pendiente;Pendiente de investigación específica.
MT-PLACA-CEM;Placa de cemento reforzada con fibra, apta para áreas húmedas y exteriores.;materiales;m2;MX;MXN;;;;;;pendiente;por_verificar;no_confirmado;pendiente;Pendiente de investigación específica.
MT-PLACA-CEM;Placa de cemento reforzada con fibra, apta para áreas húmedas y exteriores.;materiales;m2;EC;USD;;;;;;pendiente;por_verificar;no_confirmado;pendiente;Pendiente de investigación específica.
MT-PYL-PLACA-RH;Placa de yeso laminado resistente a la humedad, de 12,5 mm, para áreas húmedas.;materiales;m2;CO;COP;;;;;;pendiente;por_verificar;no_confirmado;pendiente;Pendiente de investigación específica.
MT-PYL-PLACA-RH;Placa de yeso laminado resistente a la humedad, de 12,5 mm, para áreas húmedas.;materiales;m2;PE;PEN;;;;;;pendiente;por_verificar;no_confirmado;pendiente;Pendiente de investigación específica.
MT-PYL-PLACA-RH;Placa de yeso laminado resistente a la humedad, de 12,5 mm, para áreas húmedas.;materiales;m2;MX;MXN;;;;;;pendiente;por_verificar;no_confirmado;pendiente;Pendiente de investigación específica.
MT-PYL-PLACA-RH;Placa de yeso laminado resistente a la humedad, de 12,5 mm, para áreas húmedas.;materiales;m2;EC;USD;;;;;;pendiente;por_verificar;no_confirmado;pendiente;Pendiente de investigación específica.
MT-DINTEL-PREF;Dintel prefabricado de concreto armado para vanos de puerta y ventana.;materiales;m;CO;COP;;;;;;pendiente;por_verificar;no_confirmado;pendiente;Pendiente de investigación específica.
MT-DINTEL-PREF;Dintel prefabricado de concreto armado para vanos de puerta y ventana.;materiales;m;PE;PEN;;;;;;pendiente;por_verificar;no_confirmado;pendiente;Pendiente de investigación específica.
MT-DINTEL-PREF;Dintel prefabricado de concreto armado para vanos de puerta y ventana.;materiales;m;MX;MXN;;;;;;pendiente;por_verificar;no_confirmado;pendiente;Pendiente de investigación específica.
MT-DINTEL-PREF;Dintel prefabricado de concreto armado para vanos de puerta y ventana.;materiales;m;EC;USD;;;;;;pendiente;por_verificar;no_confirmado;pendiente;Pendiente de investigación específica.
MT-PANEL-LIV;Panel liviano prefabricado de núcleo aligerado con caras de mortero, para tabiquería.;materiales;m2;CO;COP;;;;;;pendiente;por_verificar;no_confirmado;pendiente;Pendiente de investigación específica.
MT-PANEL-LIV;Panel liviano prefabricado de núcleo aligerado con caras de mortero, para tabiquería.;materiales;m2;PE;PEN;;;;;;pendiente;por_verificar;no_confirmado;pendiente;Pendiente de investigación específica.
MT-PANEL-LIV;Panel liviano prefabricado de núcleo aligerado con caras de mortero, para tabiquería.;materiales;m2;MX;MXN;;;;;;pendiente;por_verificar;no_confirmado;pendiente;Pendiente de investigación específica.
MT-PANEL-LIV;Panel liviano prefabricado de núcleo aligerado con caras de mortero, para tabiquería.;materiales;m2;EC;USD;;;;;;pendiente;por_verificar;no_confirmado;pendiente;Pendiente de investigación específica.
MT-MACHIH-MAD;Machihembrado de madera para divisiones y forros interiores.;materiales;m2;CO;COP;;;;;;pendiente;por_verificar;no_confirmado;pendiente;Pendiente de investigación específica.
MT-MACHIH-MAD;Machihembrado de madera para divisiones y forros interiores.;materiales;m2;PE;PEN;;;;;;pendiente;por_verificar;no_confirmado;pendiente;Pendiente de investigación específica.
MT-MACHIH-MAD;Machihembrado de madera para divisiones y forros interiores.;materiales;m2;MX;MXN;;;;;;pendiente;por_verificar;no_confirmado;pendiente;Pendiente de investigación específica.
MT-MACHIH-MAD;Machihembrado de madera para divisiones y forros interiores.;materiales;m2;EC;USD;;;;;;pendiente;por_verificar;no_confirmado;pendiente;Pendiente de investigación específica.
MT-MALLA-JUNTA;Malla o banda de refuerzo para juntas entre materiales distintos y encuentros con estructura.;materiales;m;CO;COP;;;;;;pendiente;por_verificar;no_confirmado;pendiente;Pendiente de investigación específica.
MT-MALLA-JUNTA;Malla o banda de refuerzo para juntas entre materiales distintos y encuentros con estructura.;materiales;m;PE;PEN;;;;;;pendiente;por_verificar;no_confirmado;pendiente;Pendiente de investigación específica.
MT-MALLA-JUNTA;Malla o banda de refuerzo para juntas entre materiales distintos y encuentros con estructura.;materiales;m;MX;MXN;;;;;;pendiente;por_verificar;no_confirmado;pendiente;Pendiente de investigación específica.
MT-MALLA-JUNTA;Malla o banda de refuerzo para juntas entre materiales distintos y encuentros con estructura.;materiales;m;EC;USD;;;;;;pendiente;por_verificar;no_confirmado;pendiente;Pendiente de investigación específica.
MT-SELLA-ELAST;Sellador elástico de poliuretano para juntas de movimiento y encuentros.;materiales;l;CO;COP;;;;;;pendiente;por_verificar;no_confirmado;pendiente;Pendiente de investigación específica.
MT-SELLA-ELAST;Sellador elástico de poliuretano para juntas de movimiento y encuentros.;materiales;l;PE;PEN;;;;;;pendiente;por_verificar;no_confirmado;pendiente;Pendiente de investigación específica.
MT-SELLA-ELAST;Sellador elástico de poliuretano para juntas de movimiento y encuentros.;materiales;l;MX;MXN;;;;;;pendiente;por_verificar;no_confirmado;pendiente;Pendiente de investigación específica.
MT-SELLA-ELAST;Sellador elástico de poliuretano para juntas de movimiento y encuentros.;materiales;l;EC;USD;;;;;;pendiente;por_verificar;no_confirmado;pendiente;Pendiente de investigación específica.
MT-ANCLA-MURO;Conector o anclaje metálico de amarre de pared a estructura de concreto.;materiales;ud;CO;COP;;;;;;pendiente;por_verificar;no_confirmado;pendiente;Pendiente de investigación específica.
MT-ANCLA-MURO;Conector o anclaje metálico de amarre de pared a estructura de concreto.;materiales;ud;PE;PEN;;;;;;pendiente;por_verificar;no_confirmado;pendiente;Pendiente de investigación específica.
MT-ANCLA-MURO;Conector o anclaje metálico de amarre de pared a estructura de concreto.;materiales;ud;MX;MXN;;;;;;pendiente;por_verificar;no_confirmado;pendiente;Pendiente de investigación específica.
MT-ANCLA-MURO;Conector o anclaje metálico de amarre de pared a estructura de concreto.;materiales;ud;EC;USD;;;;;;pendiente;por_verificar;no_confirmado;pendiente;Pendiente de investigación específica.
MT-REFUERZO-PYL;Refuerzo interior de madera o perfil metálico para anclaje de cargas en tabique de yeso laminado.;materiales;m;CO;COP;;;;;;pendiente;por_verificar;no_confirmado;pendiente;Pendiente de investigación específica.
MT-REFUERZO-PYL;Refuerzo interior de madera o perfil metálico para anclaje de cargas en tabique de yeso laminado.;materiales;m;PE;PEN;;;;;;pendiente;por_verificar;no_confirmado;pendiente;Pendiente de investigación específica.
MT-REFUERZO-PYL;Refuerzo interior de madera o perfil metálico para anclaje de cargas en tabique de yeso laminado.;materiales;m;MX;MXN;;;;;;pendiente;por_verificar;no_confirmado;pendiente;Pendiente de investigación específica.
MT-REFUERZO-PYL;Refuerzo interior de madera o perfil metálico para anclaje de cargas en tabique de yeso laminado.;materiales;m;EC;USD;;;;;;pendiente;por_verificar;no_confirmado;pendiente;Pendiente de investigación específica.
MT-HIDROFUGO;Aditivo hidrófugo de masa para morteros de friso en exteriores y áreas húmedas.;materiales;l;CO;COP;;;;;;pendiente;por_verificar;no_confirmado;pendiente;Pendiente de investigación específica.
MT-HIDROFUGO;Aditivo hidrófugo de masa para morteros de friso en exteriores y áreas húmedas.;materiales;l;PE;PEN;;;;;;pendiente;por_verificar;no_confirmado;pendiente;Pendiente de investigación específica.
MT-HIDROFUGO;Aditivo hidrófugo de masa para morteros de friso en exteriores y áreas húmedas.;materiales;l;MX;MXN;;;;;;pendiente;por_verificar;no_confirmado;pendiente;Pendiente de investigación específica.
MT-HIDROFUGO;Aditivo hidrófugo de masa para morteros de friso en exteriores y áreas húmedas.;materiales;l;EC;USD;;;;;;pendiente;por_verificar;no_confirmado;pendiente;Pendiente de investigación específica.
MT-MORT-IMPER;Mortero impermeabilizante cementoso bicomponente, flexible, para áreas húmedas bajo enchapado.;materiales;kg;CO;COP;;;;;;pendiente;por_verificar;no_confirmado;pendiente;Pendiente de investigación específica.
MT-MORT-IMPER;Mortero impermeabilizante cementoso bicomponente, flexible, para áreas húmedas bajo enchapado.;materiales;kg;PE;PEN;;;;;;pendiente;por_verificar;no_confirmado;pendiente;Pendiente de investigación específica.
MT-MORT-IMPER;Mortero impermeabilizante cementoso bicomponente, flexible, para áreas húmedas bajo enchapado.;materiales;kg;MX;MXN;;;;;;pendiente;por_verificar;no_confirmado;pendiente;Pendiente de investigación específica.
MT-MORT-IMPER;Mortero impermeabilizante cementoso bicomponente, flexible, para áreas húmedas bajo enchapado.;materiales;kg;EC;USD;;;;;;pendiente;por_verificar;no_confirmado;pendiente;Pendiente de investigación específica.
MT-PASTA-YESO;Pasta de yeso para friso y enlucido de paramentos interiores.;materiales;kg;CO;COP;;;;;;pendiente;por_verificar;no_confirmado;pendiente;Pendiente de investigación específica.
MT-PASTA-YESO;Pasta de yeso para friso y enlucido de paramentos interiores.;materiales;kg;PE;PEN;;;;;;pendiente;por_verificar;no_confirmado;pendiente;Pendiente de investigación específica.
MT-PASTA-YESO;Pasta de yeso para friso y enlucido de paramentos interiores.;materiales;kg;MX;MXN;;;;;;pendiente;por_verificar;no_confirmado;pendiente;Pendiente de investigación específica.
MT-PASTA-YESO;Pasta de yeso para friso y enlucido de paramentos interiores.;materiales;kg;EC;USD;;;;;;pendiente;por_verificar;no_confirmado;pendiente;Pendiente de investigación específica.
MT-ESTUCO-FINO;Pasta de acabado fino para estucado y alisado de paramentos interiores.;materiales;kg;CO;COP;;;;;;pendiente;por_verificar;no_confirmado;pendiente;Pendiente de investigación específica.
MT-ESTUCO-FINO;Pasta de acabado fino para estucado y alisado de paramentos interiores.;materiales;kg;PE;PEN;;;;;;pendiente;por_verificar;no_confirmado;pendiente;Pendiente de investigación específica.
MT-ESTUCO-FINO;Pasta de acabado fino para estucado y alisado de paramentos interiores.;materiales;kg;MX;MXN;;;;;;pendiente;por_verificar;no_confirmado;pendiente;Pendiente de investigación específica.
MT-ESTUCO-FINO;Pasta de acabado fino para estucado y alisado de paramentos interiores.;materiales;kg;EC;USD;;;;;;pendiente;por_verificar;no_confirmado;pendiente;Pendiente de investigación específica.
MT-MOLDURA-YESO;Moldura corrida de yeso o poliuretano para remates decorativos, con su pasta de agarre.;materiales;m;CO;COP;;;;;;pendiente;por_verificar;no_confirmado;pendiente;Pendiente de investigación específica.
MT-MOLDURA-YESO;Moldura corrida de yeso o poliuretano para remates decorativos, con su pasta de agarre.;materiales;m;PE;PEN;;;;;;pendiente;por_verificar;no_confirmado;pendiente;Pendiente de investigación específica.
MT-MOLDURA-YESO;Moldura corrida de yeso o poliuretano para remates decorativos, con su pasta de agarre.;materiales;m;MX;MXN;;;;;;pendiente;por_verificar;no_confirmado;pendiente;Pendiente de investigación específica.
MT-MOLDURA-YESO;Moldura corrida de yeso o poliuretano para remates decorativos, con su pasta de agarre.;materiales;m;EC;USD;;;;;;pendiente;por_verificar;no_confirmado;pendiente;Pendiente de investigación específica.
MT-PERFIL-REMATE;Perfil de aluminio o PVC para remate, esquinero y transición en enchapados.;materiales;m;CO;COP;;;;;;pendiente;por_verificar;no_confirmado;pendiente;Pendiente de investigación específica.
MT-PERFIL-REMATE;Perfil de aluminio o PVC para remate, esquinero y transición en enchapados.;materiales;m;PE;PEN;;;;;;pendiente;por_verificar;no_confirmado;pendiente;Pendiente de investigación específica.
MT-PERFIL-REMATE;Perfil de aluminio o PVC para remate, esquinero y transición en enchapados.;materiales;m;MX;MXN;;;;;;pendiente;por_verificar;no_confirmado;pendiente;Pendiente de investigación específica.
MT-PERFIL-REMATE;Perfil de aluminio o PVC para remate, esquinero y transición en enchapados.;materiales;m;EC;USD;;;;;;pendiente;por_verificar;no_confirmado;pendiente;Pendiente de investigación específica.
MT-ANCLA-PIEDRA;Anclaje metálico de acero inoxidable para fijación mecánica de piezas de piedra natural.;materiales;ud;CO;COP;;;;;;pendiente;por_verificar;no_confirmado;pendiente;Pendiente de investigación específica.
MT-ANCLA-PIEDRA;Anclaje metálico de acero inoxidable para fijación mecánica de piezas de piedra natural.;materiales;ud;PE;PEN;;;;;;pendiente;por_verificar;no_confirmado;pendiente;Pendiente de investigación específica.
MT-ANCLA-PIEDRA;Anclaje metálico de acero inoxidable para fijación mecánica de piezas de piedra natural.;materiales;ud;MX;MXN;;;;;;pendiente;por_verificar;no_confirmado;pendiente;Pendiente de investigación específica.
MT-ANCLA-PIEDRA;Anclaje metálico de acero inoxidable para fijación mecánica de piezas de piedra natural.;materiales;ud;EC;USD;;;;;;pendiente;por_verificar;no_confirmado;pendiente;Pendiente de investigación específica.
MT-ADH-PIEDRA;Adhesivo cementoso blanco de altas prestaciones, específico para piedra natural sensible a manchas.;materiales;kg;CO;COP;;;;;;pendiente;por_verificar;no_confirmado;pendiente;Pendiente de investigación específica.
MT-ADH-PIEDRA;Adhesivo cementoso blanco de altas prestaciones, específico para piedra natural sensible a manchas.;materiales;kg;PE;PEN;;;;;;pendiente;por_verificar;no_confirmado;pendiente;Pendiente de investigación específica.
MT-ADH-PIEDRA;Adhesivo cementoso blanco de altas prestaciones, específico para piedra natural sensible a manchas.;materiales;kg;MX;MXN;;;;;;pendiente;por_verificar;no_confirmado;pendiente;Pendiente de investigación específica.
MT-ADH-PIEDRA;Adhesivo cementoso blanco de altas prestaciones, específico para piedra natural sensible a manchas.;materiales;kg;EC;USD;;;;;;pendiente;por_verificar;no_confirmado;pendiente;Pendiente de investigación específica.
MT-CONS-PULIDO;Consumibles de pulido y abrillantado: discos diamantados, abrasivos y cristalizador.;materiales;m2;CO;COP;;;;;;pendiente;por_verificar;no_confirmado;pendiente;Pendiente de investigación específica.
MT-CONS-PULIDO;Consumibles de pulido y abrillantado: discos diamantados, abrasivos y cristalizador.;materiales;m2;PE;PEN;;;;;;pendiente;por_verificar;no_confirmado;pendiente;Pendiente de investigación específica.
MT-CONS-PULIDO;Consumibles de pulido y abrillantado: discos diamantados, abrasivos y cristalizador.;materiales;m2;MX;MXN;;;;;;pendiente;por_verificar;no_confirmado;pendiente;Pendiente de investigación específica.
MT-CONS-PULIDO;Consumibles de pulido y abrillantado: discos diamantados, abrasivos y cristalizador.;materiales;m2;EC;USD;;;;;;pendiente;por_verificar;no_confirmado;pendiente;Pendiente de investigación específica.
MT-SELLA-PIEDRA;Sellador hidrofugante y antimanchas para piedra natural y porcelanato poroso.;materiales;l;CO;COP;;;;;;pendiente;por_verificar;no_confirmado;pendiente;Pendiente de investigación específica.
MT-SELLA-PIEDRA;Sellador hidrofugante y antimanchas para piedra natural y porcelanato poroso.;materiales;l;PE;PEN;;;;;;pendiente;por_verificar;no_confirmado;pendiente;Pendiente de investigación específica.
MT-SELLA-PIEDRA;Sellador hidrofugante y antimanchas para piedra natural y porcelanato poroso.;materiales;l;MX;MXN;;;;;;pendiente;por_verificar;no_confirmado;pendiente;Pendiente de investigación específica.
MT-SELLA-PIEDRA;Sellador hidrofugante y antimanchas para piedra natural y porcelanato poroso.;materiales;l;EC;USD;;;;;;pendiente;por_verificar;no_confirmado;pendiente;Pendiente de investigación específica.
MT-PEGA-MURAL;Pegamento mural para papel tapiz y revestimientos textiles.;materiales;kg;CO;COP;;;;;;pendiente;por_verificar;no_confirmado;pendiente;Pendiente de investigación específica.
MT-PEGA-MURAL;Pegamento mural para papel tapiz y revestimientos textiles.;materiales;kg;PE;PEN;;;;;;pendiente;por_verificar;no_confirmado;pendiente;Pendiente de investigación específica.
MT-PEGA-MURAL;Pegamento mural para papel tapiz y revestimientos textiles.;materiales;kg;MX;MXN;;;;;;pendiente;por_verificar;no_confirmado;pendiente;Pendiente de investigación específica.
MT-PEGA-MURAL;Pegamento mural para papel tapiz y revestimientos textiles.;materiales;kg;EC;USD;;;;;;pendiente;por_verificar;no_confirmado;pendiente;Pendiente de investigación específica.
MT-ESTUCO-VEN;Pasta de estuco veneciano a la cal, para acabado decorativo pulido.;materiales;kg;CO;COP;;;;;;pendiente;por_verificar;no_confirmado;pendiente;Pendiente de investigación específica.
MT-ESTUCO-VEN;Pasta de estuco veneciano a la cal, para acabado decorativo pulido.;materiales;kg;PE;PEN;;;;;;pendiente;por_verificar;no_confirmado;pendiente;Pendiente de investigación específica.
MT-ESTUCO-VEN;Pasta de estuco veneciano a la cal, para acabado decorativo pulido.;materiales;kg;MX;MXN;;;;;;pendiente;por_verificar;no_confirmado;pendiente;Pendiente de investigación específica.
MT-ESTUCO-VEN;Pasta de estuco veneciano a la cal, para acabado decorativo pulido.;materiales;kg;EC;USD;;;;;;pendiente;por_verificar;no_confirmado;pendiente;Pendiente de investigación específica.
MT-MICROCEM;Microcemento bicomponente con su resina y malla de refuerzo, para revestimiento continuo.;materiales;kg;CO;COP;;;;;;pendiente;por_verificar;no_confirmado;pendiente;Pendiente de investigación específica.
MT-MICROCEM;Microcemento bicomponente con su resina y malla de refuerzo, para revestimiento continuo.;materiales;kg;PE;PEN;;;;;;pendiente;por_verificar;no_confirmado;pendiente;Pendiente de investigación específica.
MT-MICROCEM;Microcemento bicomponente con su resina y malla de refuerzo, para revestimiento continuo.;materiales;kg;MX;MXN;;;;;;pendiente;por_verificar;no_confirmado;pendiente;Pendiente de investigación específica.
MT-MICROCEM;Microcemento bicomponente con su resina y malla de refuerzo, para revestimiento continuo.;materiales;kg;EC;USD;;;;;;pendiente;por_verificar;no_confirmado;pendiente;Pendiente de investigación específica.
MT-MORT-AFIRM;Mortero de cemento y arena para afirmado y capas de nivelación de piso, elaborado en obra, dosificación 1:6.;materiales;m3;CO;COP;;;;;;pendiente;por_verificar;no_confirmado;pendiente;Pendiente de investigación específica.
MT-MORT-AFIRM;Mortero de cemento y arena para afirmado y capas de nivelación de piso, elaborado en obra, dosificación 1:6.;materiales;m3;PE;PEN;;;;;;pendiente;por_verificar;no_confirmado;pendiente;Pendiente de investigación específica.
MT-MORT-AFIRM;Mortero de cemento y arena para afirmado y capas de nivelación de piso, elaborado en obra, dosificación 1:6.;materiales;m3;MX;MXN;;;;;;pendiente;por_verificar;no_confirmado;pendiente;Pendiente de investigación específica.
MT-MORT-AFIRM;Mortero de cemento y arena para afirmado y capas de nivelación de piso, elaborado en obra, dosificación 1:6.;materiales;m3;EC;USD;;;;;;pendiente;por_verificar;no_confirmado;pendiente;Pendiente de investigación específica.
MT-MANTA-ACUS;Manta acústica de polietileno reticulado para piso laminado flotante.;materiales;m2;CO;COP;;;;;;pendiente;por_verificar;no_confirmado;pendiente;Pendiente de investigación específica.
MT-MANTA-ACUS;Manta acústica de polietileno reticulado para piso laminado flotante.;materiales;m2;PE;PEN;;;;;;pendiente;por_verificar;no_confirmado;pendiente;Pendiente de investigación específica.
MT-MANTA-ACUS;Manta acústica de polietileno reticulado para piso laminado flotante.;materiales;m2;MX;MXN;;;;;;pendiente;por_verificar;no_confirmado;pendiente;Pendiente de investigación específica.
MT-MANTA-ACUS;Manta acústica de polietileno reticulado para piso laminado flotante.;materiales;m2;EC;USD;;;;;;pendiente;por_verificar;no_confirmado;pendiente;Pendiente de investigación específica.
MT-ADH-MADERA;Adhesivo de poliuretano para encolado de parquet y madera sobre afirmado.;materiales;kg;CO;COP;;;;;;pendiente;por_verificar;no_confirmado;pendiente;Pendiente de investigación específica.
MT-ADH-MADERA;Adhesivo de poliuretano para encolado de parquet y madera sobre afirmado.;materiales;kg;PE;PEN;;;;;;pendiente;por_verificar;no_confirmado;pendiente;Pendiente de investigación específica.
MT-ADH-MADERA;Adhesivo de poliuretano para encolado de parquet y madera sobre afirmado.;materiales;kg;MX;MXN;;;;;;pendiente;por_verificar;no_confirmado;pendiente;Pendiente de investigación específica.
MT-ADH-MADERA;Adhesivo de poliuretano para encolado de parquet y madera sobre afirmado.;materiales;kg;EC;USD;;;;;;pendiente;por_verificar;no_confirmado;pendiente;Pendiente de investigación específica.
MT-BARNIZ-PISO;Barniz de poliuretano de alto tránsito para acabado de pisos de madera.;materiales;l;CO;COP;;;;;;pendiente;por_verificar;no_confirmado;pendiente;Pendiente de investigación específica.
MT-BARNIZ-PISO;Barniz de poliuretano de alto tránsito para acabado de pisos de madera.;materiales;l;PE;PEN;;;;;;pendiente;por_verificar;no_confirmado;pendiente;Pendiente de investigación específica.
MT-BARNIZ-PISO;Barniz de poliuretano de alto tránsito para acabado de pisos de madera.;materiales;l;MX;MXN;;;;;;pendiente;por_verificar;no_confirmado;pendiente;Pendiente de investigación específica.
MT-BARNIZ-PISO;Barniz de poliuretano de alto tránsito para acabado de pisos de madera.;materiales;l;EC;USD;;;;;;pendiente;por_verificar;no_confirmado;pendiente;Pendiente de investigación específica.
MT-ADH-VINIL;Adhesivo acrílico para revestimientos flexibles de piso, vinílico y linóleo.;materiales;kg;CO;COP;;;;;;pendiente;por_verificar;no_confirmado;pendiente;Pendiente de investigación específica.
MT-ADH-VINIL;Adhesivo acrílico para revestimientos flexibles de piso, vinílico y linóleo.;materiales;kg;PE;PEN;;;;;;pendiente;por_verificar;no_confirmado;pendiente;Pendiente de investigación específica.
MT-ADH-VINIL;Adhesivo acrílico para revestimientos flexibles de piso, vinílico y linóleo.;materiales;kg;MX;MXN;;;;;;pendiente;por_verificar;no_confirmado;pendiente;Pendiente de investigación específica.
MT-ADH-VINIL;Adhesivo acrílico para revestimientos flexibles de piso, vinílico y linóleo.;materiales;kg;EC;USD;;;;;;pendiente;por_verificar;no_confirmado;pendiente;Pendiente de investigación específica.
MT-ENDURECEDOR;Endurecedor superficial de cuarzo y cemento para pisos de concreto de alto tránsito.;materiales;kg;CO;COP;;;;;;pendiente;por_verificar;no_confirmado;pendiente;Pendiente de investigación específica.
MT-ENDURECEDOR;Endurecedor superficial de cuarzo y cemento para pisos de concreto de alto tránsito.;materiales;kg;PE;PEN;;;;;;pendiente;por_verificar;no_confirmado;pendiente;Pendiente de investigación específica.
MT-ENDURECEDOR;Endurecedor superficial de cuarzo y cemento para pisos de concreto de alto tránsito.;materiales;kg;MX;MXN;;;;;;pendiente;por_verificar;no_confirmado;pendiente;Pendiente de investigación específica.
MT-ENDURECEDOR;Endurecedor superficial de cuarzo y cemento para pisos de concreto de alto tránsito.;materiales;kg;EC;USD;;;;;;pendiente;por_verificar;no_confirmado;pendiente;Pendiente de investigación específica.
MT-EPOXI-PISO;Resina epóxica bicomponente autonivelante para piso continuo, con su imprimación.;materiales;kg;CO;COP;;;;;;pendiente;por_verificar;no_confirmado;pendiente;Pendiente de investigación específica.
MT-EPOXI-PISO;Resina epóxica bicomponente autonivelante para piso continuo, con su imprimación.;materiales;kg;PE;PEN;;;;;;pendiente;por_verificar;no_confirmado;pendiente;Pendiente de investigación específica.
MT-EPOXI-PISO;Resina epóxica bicomponente autonivelante para piso continuo, con su imprimación.;materiales;kg;MX;MXN;;;;;;pendiente;por_verificar;no_confirmado;pendiente;Pendiente de investigación específica.
MT-EPOXI-PISO;Resina epóxica bicomponente autonivelante para piso continuo, con su imprimación.;materiales;kg;EC;USD;;;;;;pendiente;por_verificar;no_confirmado;pendiente;Pendiente de investigación específica.
MT-DESMOLD-COLOR;Desmoldeante en polvo con pigmento para concreto estampado.;materiales;kg;CO;COP;;;;;;pendiente;por_verificar;no_confirmado;pendiente;Pendiente de investigación específica.
MT-DESMOLD-COLOR;Desmoldeante en polvo con pigmento para concreto estampado.;materiales;kg;PE;PEN;;;;;;pendiente;por_verificar;no_confirmado;pendiente;Pendiente de investigación específica.
MT-DESMOLD-COLOR;Desmoldeante en polvo con pigmento para concreto estampado.;materiales;kg;MX;MXN;;;;;;pendiente;por_verificar;no_confirmado;pendiente;Pendiente de investigación específica.
MT-DESMOLD-COLOR;Desmoldeante en polvo con pigmento para concreto estampado.;materiales;kg;EC;USD;;;;;;pendiente;por_verificar;no_confirmado;pendiente;Pendiente de investigación específica.
MT-SELLA-CONC;Sellador acrílico de protección y realce para pisos de concreto y estampados.;materiales;l;CO;COP;;;;;;pendiente;por_verificar;no_confirmado;pendiente;Pendiente de investigación específica.
MT-SELLA-CONC;Sellador acrílico de protección y realce para pisos de concreto y estampados.;materiales;l;PE;PEN;;;;;;pendiente;por_verificar;no_confirmado;pendiente;Pendiente de investigación específica.
MT-SELLA-CONC;Sellador acrílico de protección y realce para pisos de concreto y estampados.;materiales;l;MX;MXN;;;;;;pendiente;por_verificar;no_confirmado;pendiente;Pendiente de investigación específica.
MT-SELLA-CONC;Sellador acrílico de protección y realce para pisos de concreto y estampados.;materiales;l;EC;USD;;;;;;pendiente;por_verificar;no_confirmado;pendiente;Pendiente de investigación específica.
MT-PERFIL-TRANS;Perfil de transición de aluminio entre pisos de distinto material o nivel.;materiales;m;CO;COP;;;;;;pendiente;por_verificar;no_confirmado;pendiente;Pendiente de investigación específica.
MT-PERFIL-TRANS;Perfil de transición de aluminio entre pisos de distinto material o nivel.;materiales;m;PE;PEN;;;;;;pendiente;por_verificar;no_confirmado;pendiente;Pendiente de investigación específica.
MT-PERFIL-TRANS;Perfil de transición de aluminio entre pisos de distinto material o nivel.;materiales;m;MX;MXN;;;;;;pendiente;por_verificar;no_confirmado;pendiente;Pendiente de investigación específica.
MT-PERFIL-TRANS;Perfil de transición de aluminio entre pisos de distinto material o nivel.;materiales;m;EC;USD;;;;;;pendiente;por_verificar;no_confirmado;pendiente;Pendiente de investigación específica.
MT-JUNTA-DILAT;Perfil de junta de dilatación para piso, con su elemento elástico.;materiales;m;CO;COP;;;;;;pendiente;por_verificar;no_confirmado;pendiente;Pendiente de investigación específica.
MT-JUNTA-DILAT;Perfil de junta de dilatación para piso, con su elemento elástico.;materiales;m;PE;PEN;;;;;;pendiente;por_verificar;no_confirmado;pendiente;Pendiente de investigación específica.
MT-JUNTA-DILAT;Perfil de junta de dilatación para piso, con su elemento elástico.;materiales;m;MX;MXN;;;;;;pendiente;por_verificar;no_confirmado;pendiente;Pendiente de investigación específica.
MT-JUNTA-DILAT;Perfil de junta de dilatación para piso, con su elemento elástico.;materiales;m;EC;USD;;;;;;pendiente;por_verificar;no_confirmado;pendiente;Pendiente de investigación específica.
MT-CINTA-ANTIDES;Cinta o perfil antideslizante para narices de peldaño.;materiales;m;CO;COP;;;;;;pendiente;por_verificar;no_confirmado;pendiente;Pendiente de investigación específica.
MT-CINTA-ANTIDES;Cinta o perfil antideslizante para narices de peldaño.;materiales;m;PE;PEN;;;;;;pendiente;por_verificar;no_confirmado;pendiente;Pendiente de investigación específica.
MT-CINTA-ANTIDES;Cinta o perfil antideslizante para narices de peldaño.;materiales;m;MX;MXN;;;;;;pendiente;por_verificar;no_confirmado;pendiente;Pendiente de investigación específica.
MT-CINTA-ANTIDES;Cinta o perfil antideslizante para narices de peldaño.;materiales;m;EC;USD;;;;;;pendiente;por_verificar;no_confirmado;pendiente;Pendiente de investigación específica.
MT-GRANO-MARMOL;Grano de mármol seleccionado para granito vaciado en sitio.;materiales;kg;CO;COP;;;;;;pendiente;por_verificar;no_confirmado;pendiente;Pendiente de investigación específica.
MT-GRANO-MARMOL;Grano de mármol seleccionado para granito vaciado en sitio.;materiales;kg;PE;PEN;;;;;;pendiente;por_verificar;no_confirmado;pendiente;Pendiente de investigación específica.
MT-GRANO-MARMOL;Grano de mármol seleccionado para granito vaciado en sitio.;materiales;kg;MX;MXN;;;;;;pendiente;por_verificar;no_confirmado;pendiente;Pendiente de investigación específica.
MT-GRANO-MARMOL;Grano de mármol seleccionado para granito vaciado en sitio.;materiales;kg;EC;USD;;;;;;pendiente;por_verificar;no_confirmado;pendiente;Pendiente de investigación específica.
MT-PLATINA-DIV;Platina divisoria de aluminio o bronce para juntas de granito vaciado en sitio.;materiales;m;CO;COP;;;;;;pendiente;por_verificar;no_confirmado;pendiente;Pendiente de investigación específica.
MT-PLATINA-DIV;Platina divisoria de aluminio o bronce para juntas de granito vaciado en sitio.;materiales;m;PE;PEN;;;;;;pendiente;por_verificar;no_confirmado;pendiente;Pendiente de investigación específica.
MT-PLATINA-DIV;Platina divisoria de aluminio o bronce para juntas de granito vaciado en sitio.;materiales;m;MX;MXN;;;;;;pendiente;por_verificar;no_confirmado;pendiente;Pendiente de investigación específica.
MT-PLATINA-DIV;Platina divisoria de aluminio o bronce para juntas de granito vaciado en sitio.;materiales;m;EC;USD;;;;;;pendiente;por_verificar;no_confirmado;pendiente;Pendiente de investigación específica.
MT-CIELO-DESM;Panel de fibra mineral de 60x60 cm para cielo raso desmontable.;materiales;m2;CO;COP;;;;;;pendiente;por_verificar;no_confirmado;pendiente;Pendiente de investigación específica.
MT-CIELO-DESM;Panel de fibra mineral de 60x60 cm para cielo raso desmontable.;materiales;m2;PE;PEN;;;;;;pendiente;por_verificar;no_confirmado;pendiente;Pendiente de investigación específica.
MT-CIELO-DESM;Panel de fibra mineral de 60x60 cm para cielo raso desmontable.;materiales;m2;MX;MXN;;;;;;pendiente;por_verificar;no_confirmado;pendiente;Pendiente de investigación específica.
MT-CIELO-DESM;Panel de fibra mineral de 60x60 cm para cielo raso desmontable.;materiales;m2;EC;USD;;;;;;pendiente;por_verificar;no_confirmado;pendiente;Pendiente de investigación específica.
MT-PERF-DESM;Perfilería vista en T y ángulo perimetral, con tensores, para cielo raso desmontable.;materiales;m2;CO;COP;;;;;;pendiente;por_verificar;no_confirmado;pendiente;Pendiente de investigación específica.
MT-PERF-DESM;Perfilería vista en T y ángulo perimetral, con tensores, para cielo raso desmontable.;materiales;m2;PE;PEN;;;;;;pendiente;por_verificar;no_confirmado;pendiente;Pendiente de investigación específica.
MT-PERF-DESM;Perfilería vista en T y ángulo perimetral, con tensores, para cielo raso desmontable.;materiales;m2;MX;MXN;;;;;;pendiente;por_verificar;no_confirmado;pendiente;Pendiente de investigación específica.
MT-PERF-DESM;Perfilería vista en T y ángulo perimetral, con tensores, para cielo raso desmontable.;materiales;m2;EC;USD;;;;;;pendiente;por_verificar;no_confirmado;pendiente;Pendiente de investigación específica.
MT-CIELO-PVC;Lámina de PVC machihembrada para cielo raso, con sus perfiles de remate.;materiales;m2;CO;COP;;;;;;pendiente;por_verificar;no_confirmado;pendiente;Pendiente de investigación específica.
MT-CIELO-PVC;Lámina de PVC machihembrada para cielo raso, con sus perfiles de remate.;materiales;m2;PE;PEN;;;;;;pendiente;por_verificar;no_confirmado;pendiente;Pendiente de investigación específica.
MT-CIELO-PVC;Lámina de PVC machihembrada para cielo raso, con sus perfiles de remate.;materiales;m2;MX;MXN;;;;;;pendiente;por_verificar;no_confirmado;pendiente;Pendiente de investigación específica.
MT-CIELO-PVC;Lámina de PVC machihembrada para cielo raso, con sus perfiles de remate.;materiales;m2;EC;USD;;;;;;pendiente;por_verificar;no_confirmado;pendiente;Pendiente de investigación específica.
MT-CIELO-METAL;Lámina metálica lineal o en bandeja para cielo raso, prelacada.;materiales;m2;CO;COP;;;;;;pendiente;por_verificar;no_confirmado;pendiente;Pendiente de investigación específica.
MT-CIELO-METAL;Lámina metálica lineal o en bandeja para cielo raso, prelacada.;materiales;m2;PE;PEN;;;;;;pendiente;por_verificar;no_confirmado;pendiente;Pendiente de investigación específica.
MT-CIELO-METAL;Lámina metálica lineal o en bandeja para cielo raso, prelacada.;materiales;m2;MX;MXN;;;;;;pendiente;por_verificar;no_confirmado;pendiente;Pendiente de investigación específica.
MT-CIELO-METAL;Lámina metálica lineal o en bandeja para cielo raso, prelacada.;materiales;m2;EC;USD;;;;;;pendiente;por_verificar;no_confirmado;pendiente;Pendiente de investigación específica.
MT-REGISTRO;Tapa de registro practicable para cielo raso, con su marco.;materiales;ud;CO;COP;;;;;;pendiente;por_verificar;no_confirmado;pendiente;Pendiente de investigación específica.
MT-REGISTRO;Tapa de registro practicable para cielo raso, con su marco.;materiales;ud;PE;PEN;;;;;;pendiente;por_verificar;no_confirmado;pendiente;Pendiente de investigación específica.
MT-REGISTRO;Tapa de registro practicable para cielo raso, con su marco.;materiales;ud;MX;MXN;;;;;;pendiente;por_verificar;no_confirmado;pendiente;Pendiente de investigación específica.
MT-REGISTRO;Tapa de registro practicable para cielo raso, con su marco.;materiales;ud;EC;USD;;;;;;pendiente;por_verificar;no_confirmado;pendiente;Pendiente de investigación específica.
MT-CORNISA;Perfil de cornisa para iluminación indirecta en cielo raso.;materiales;m;CO;COP;;;;;;pendiente;por_verificar;no_confirmado;pendiente;Pendiente de investigación específica.
MT-CORNISA;Perfil de cornisa para iluminación indirecta en cielo raso.;materiales;m;PE;PEN;;;;;;pendiente;por_verificar;no_confirmado;pendiente;Pendiente de investigación específica.
MT-CORNISA;Perfil de cornisa para iluminación indirecta en cielo raso.;materiales;m;MX;MXN;;;;;;pendiente;por_verificar;no_confirmado;pendiente;Pendiente de investigación específica.
MT-CORNISA;Perfil de cornisa para iluminación indirecta en cielo raso.;materiales;m;EC;USD;;;;;;pendiente;por_verificar;no_confirmado;pendiente;Pendiente de investigación específica.
MT-MANTO-ASF;Manto asfáltico prefabricado con armadura de poliéster, para impermeabilización de cubierta.;materiales;m2;CO;COP;;;;;;pendiente;por_verificar;no_confirmado;pendiente;Pendiente de investigación específica.
MT-MANTO-ASF;Manto asfáltico prefabricado con armadura de poliéster, para impermeabilización de cubierta.;materiales;m2;PE;PEN;;;;;;pendiente;por_verificar;no_confirmado;pendiente;Pendiente de investigación específica.
MT-MANTO-ASF;Manto asfáltico prefabricado con armadura de poliéster, para impermeabilización de cubierta.;materiales;m2;MX;MXN;;;;;;pendiente;por_verificar;no_confirmado;pendiente;Pendiente de investigación específica.
MT-MANTO-ASF;Manto asfáltico prefabricado con armadura de poliéster, para impermeabilización de cubierta.;materiales;m2;EC;USD;;;;;;pendiente;por_verificar;no_confirmado;pendiente;Pendiente de investigación específica.
MT-IMPRIM-ASF;Imprimación asfáltica de base solvente, como puente de adherencia del manto.;materiales;l;CO;COP;;;;;;pendiente;por_verificar;no_confirmado;pendiente;Pendiente de investigación específica.
MT-IMPRIM-ASF;Imprimación asfáltica de base solvente, como puente de adherencia del manto.;materiales;l;PE;PEN;;;;;;pendiente;por_verificar;no_confirmado;pendiente;Pendiente de investigación específica.
MT-IMPRIM-ASF;Imprimación asfáltica de base solvente, como puente de adherencia del manto.;materiales;l;MX;MXN;;;;;;pendiente;por_verificar;no_confirmado;pendiente;Pendiente de investigación específica.
MT-IMPRIM-ASF;Imprimación asfáltica de base solvente, como puente de adherencia del manto.;materiales;l;EC;USD;;;;;;pendiente;por_verificar;no_confirmado;pendiente;Pendiente de investigación específica.
MT-ACRIL-IMPER;Impermeabilizante acrílico elastomérico de aplicación líquida, con su malla de refuerzo.;materiales;l;CO;COP;;;;;;pendiente;por_verificar;no_confirmado;pendiente;Pendiente de investigación específica.
MT-ACRIL-IMPER;Impermeabilizante acrílico elastomérico de aplicación líquida, con su malla de refuerzo.;materiales;l;PE;PEN;;;;;;pendiente;por_verificar;no_confirmado;pendiente;Pendiente de investigación específica.
MT-ACRIL-IMPER;Impermeabilizante acrílico elastomérico de aplicación líquida, con su malla de refuerzo.;materiales;l;MX;MXN;;;;;;pendiente;por_verificar;no_confirmado;pendiente;Pendiente de investigación específica.
MT-ACRIL-IMPER;Impermeabilizante acrílico elastomérico de aplicación líquida, con su malla de refuerzo.;materiales;l;EC;USD;;;;;;pendiente;por_verificar;no_confirmado;pendiente;Pendiente de investigación específica.
MT-POLIUR-LIQ;Membrana líquida de poliuretano de alta elasticidad y resistencia a la intemperie.;materiales;kg;CO;COP;;;;;;pendiente;por_verificar;no_confirmado;pendiente;Pendiente de investigación específica.
MT-POLIUR-LIQ;Membrana líquida de poliuretano de alta elasticidad y resistencia a la intemperie.;materiales;kg;PE;PEN;;;;;;pendiente;por_verificar;no_confirmado;pendiente;Pendiente de investigación específica.
MT-POLIUR-LIQ;Membrana líquida de poliuretano de alta elasticidad y resistencia a la intemperie.;materiales;kg;MX;MXN;;;;;;pendiente;por_verificar;no_confirmado;pendiente;Pendiente de investigación específica.
MT-POLIUR-LIQ;Membrana líquida de poliuretano de alta elasticidad y resistencia a la intemperie.;materiales;kg;EC;USD;;;;;;pendiente;por_verificar;no_confirmado;pendiente;Pendiente de investigación específica.
MT-GRAVILLA;Gravilla lavada de protección para cubiertas impermeabilizadas.;materiales;m3;CO;COP;;;;;;pendiente;por_verificar;no_confirmado;pendiente;Pendiente de investigación específica.
MT-GRAVILLA;Gravilla lavada de protección para cubiertas impermeabilizadas.;materiales;m3;PE;PEN;;;;;;pendiente;por_verificar;no_confirmado;pendiente;Pendiente de investigación específica.
MT-GRAVILLA;Gravilla lavada de protección para cubiertas impermeabilizadas.;materiales;m3;MX;MXN;;;;;;pendiente;por_verificar;no_confirmado;pendiente;Pendiente de investigación específica.
MT-GRAVILLA;Gravilla lavada de protección para cubiertas impermeabilizadas.;materiales;m3;EC;USD;;;;;;pendiente;por_verificar;no_confirmado;pendiente;Pendiente de investigación específica.
MT-AISL-TERM;Panel de aislamiento térmico de poliestireno o lana mineral para cubiertas y cielos.;materiales;m2;CO;COP;;;;;;pendiente;por_verificar;no_confirmado;pendiente;Pendiente de investigación específica.
MT-AISL-TERM;Panel de aislamiento térmico de poliestireno o lana mineral para cubiertas y cielos.;materiales;m2;PE;PEN;;;;;;pendiente;por_verificar;no_confirmado;pendiente;Pendiente de investigación específica.
MT-AISL-TERM;Panel de aislamiento térmico de poliestireno o lana mineral para cubiertas y cielos.;materiales;m2;MX;MXN;;;;;;pendiente;por_verificar;no_confirmado;pendiente;Pendiente de investigación específica.
MT-AISL-TERM;Panel de aislamiento térmico de poliestireno o lana mineral para cubiertas y cielos.;materiales;m2;EC;USD;;;;;;pendiente;por_verificar;no_confirmado;pendiente;Pendiente de investigación específica.
MT-AISL-REFLECT;Manta reflectiva de doble burbuja con foil de aluminio, para aislamiento bajo techo.;materiales;m2;CO;COP;;;;;;pendiente;por_verificar;no_confirmado;pendiente;Pendiente de investigación específica.
MT-AISL-REFLECT;Manta reflectiva de doble burbuja con foil de aluminio, para aislamiento bajo techo.;materiales;m2;PE;PEN;;;;;;pendiente;por_verificar;no_confirmado;pendiente;Pendiente de investigación específica.
MT-AISL-REFLECT;Manta reflectiva de doble burbuja con foil de aluminio, para aislamiento bajo techo.;materiales;m2;MX;MXN;;;;;;pendiente;por_verificar;no_confirmado;pendiente;Pendiente de investigación específica.
MT-AISL-REFLECT;Manta reflectiva de doble burbuja con foil de aluminio, para aislamiento bajo techo.;materiales;m2;EC;USD;;;;;;pendiente;por_verificar;no_confirmado;pendiente;Pendiente de investigación específica.
MT-BANDA-REF;Banda elástica de refuerzo para encuentros, esquinas y juntas en impermeabilizaciones.;materiales;m;CO;COP;;;;;;pendiente;por_verificar;no_confirmado;pendiente;Pendiente de investigación específica.
MT-BANDA-REF;Banda elástica de refuerzo para encuentros, esquinas y juntas en impermeabilizaciones.;materiales;m;PE;PEN;;;;;;pendiente;por_verificar;no_confirmado;pendiente;Pendiente de investigación específica.
MT-BANDA-REF;Banda elástica de refuerzo para encuentros, esquinas y juntas en impermeabilizaciones.;materiales;m;MX;MXN;;;;;;pendiente;por_verificar;no_confirmado;pendiente;Pendiente de investigación específica.
MT-BANDA-REF;Banda elástica de refuerzo para encuentros, esquinas y juntas en impermeabilizaciones.;materiales;m;EC;USD;;;;;;pendiente;por_verificar;no_confirmado;pendiente;Pendiente de investigación específica.
MT-SELLA-PASE;Kit de sellado de pase de tubería en impermeabilización, con collarín y masilla.;materiales;ud;CO;COP;;;;;;pendiente;por_verificar;no_confirmado;pendiente;Pendiente de investigación específica.
MT-SELLA-PASE;Kit de sellado de pase de tubería en impermeabilización, con collarín y masilla.;materiales;ud;PE;PEN;;;;;;pendiente;por_verificar;no_confirmado;pendiente;Pendiente de investigación específica.
MT-SELLA-PASE;Kit de sellado de pase de tubería en impermeabilización, con collarín y masilla.;materiales;ud;MX;MXN;;;;;;pendiente;por_verificar;no_confirmado;pendiente;Pendiente de investigación específica.
MT-SELLA-PASE;Kit de sellado de pase de tubería en impermeabilización, con collarín y masilla.;materiales;ud;EC;USD;;;;;;pendiente;por_verificar;no_confirmado;pendiente;Pendiente de investigación específica.
MT-TEJA-CRIOLLA;Teja criolla de arcilla cocida, tipo canal.;materiales;ud;CO;COP;;;;;;pendiente;por_verificar;no_confirmado;pendiente;Pendiente de investigación específica.
MT-TEJA-CRIOLLA;Teja criolla de arcilla cocida, tipo canal.;materiales;ud;PE;PEN;;;;;;pendiente;por_verificar;no_confirmado;pendiente;Pendiente de investigación específica.
MT-TEJA-CRIOLLA;Teja criolla de arcilla cocida, tipo canal.;materiales;ud;MX;MXN;;;;;;pendiente;por_verificar;no_confirmado;pendiente;Pendiente de investigación específica.
MT-TEJA-CRIOLLA;Teja criolla de arcilla cocida, tipo canal.;materiales;ud;EC;USD;;;;;;pendiente;por_verificar;no_confirmado;pendiente;Pendiente de investigación específica.
MT-TEJA-ASF;Teja asfáltica en shingle con su fieltro base y clavos de fijación.;materiales;m2;CO;COP;;;;;;pendiente;por_verificar;no_confirmado;pendiente;Pendiente de investigación específica.
MT-TEJA-ASF;Teja asfáltica en shingle con su fieltro base y clavos de fijación.;materiales;m2;PE;PEN;;;;;;pendiente;por_verificar;no_confirmado;pendiente;Pendiente de investigación específica.
MT-TEJA-ASF;Teja asfáltica en shingle con su fieltro base y clavos de fijación.;materiales;m2;MX;MXN;;;;;;pendiente;por_verificar;no_confirmado;pendiente;Pendiente de investigación específica.
MT-TEJA-ASF;Teja asfáltica en shingle con su fieltro base y clavos de fijación.;materiales;m2;EC;USD;;;;;;pendiente;por_verificar;no_confirmado;pendiente;Pendiente de investigación específica.
MT-LAMINA-ZINC;Lámina metálica acanalada galvanizada o prepintada para cubierta.;materiales;m2;CO;COP;;;;;;pendiente;por_verificar;no_confirmado;pendiente;Pendiente de investigación específica.
MT-LAMINA-ZINC;Lámina metálica acanalada galvanizada o prepintada para cubierta.;materiales;m2;PE;PEN;;;;;;pendiente;por_verificar;no_confirmado;pendiente;Pendiente de investigación específica.
MT-LAMINA-ZINC;Lámina metálica acanalada galvanizada o prepintada para cubierta.;materiales;m2;MX;MXN;;;;;;pendiente;por_verificar;no_confirmado;pendiente;Pendiente de investigación específica.
MT-LAMINA-ZINC;Lámina metálica acanalada galvanizada o prepintada para cubierta.;materiales;m2;EC;USD;;;;;;pendiente;por_verificar;no_confirmado;pendiente;Pendiente de investigación específica.
MT-PANEL-SAND;Panel sándwich aislado con núcleo de poliuretano para cubierta.;materiales;m2;CO;COP;;;;;;pendiente;por_verificar;no_confirmado;pendiente;Pendiente de investigación específica.
MT-PANEL-SAND;Panel sándwich aislado con núcleo de poliuretano para cubierta.;materiales;m2;PE;PEN;;;;;;pendiente;por_verificar;no_confirmado;pendiente;Pendiente de investigación específica.
MT-PANEL-SAND;Panel sándwich aislado con núcleo de poliuretano para cubierta.;materiales;m2;MX;MXN;;;;;;pendiente;por_verificar;no_confirmado;pendiente;Pendiente de investigación específica.
MT-PANEL-SAND;Panel sándwich aislado con núcleo de poliuretano para cubierta.;materiales;m2;EC;USD;;;;;;pendiente;por_verificar;no_confirmado;pendiente;Pendiente de investigación específica.
MT-POLICARB;Lámina de policarbonato alveolar translúcida, con sus perfiles de unión.;materiales;m2;CO;COP;;;;;;pendiente;por_verificar;no_confirmado;pendiente;Pendiente de investigación específica.
MT-POLICARB;Lámina de policarbonato alveolar translúcida, con sus perfiles de unión.;materiales;m2;PE;PEN;;;;;;pendiente;por_verificar;no_confirmado;pendiente;Pendiente de investigación específica.
MT-POLICARB;Lámina de policarbonato alveolar translúcida, con sus perfiles de unión.;materiales;m2;MX;MXN;;;;;;pendiente;por_verificar;no_confirmado;pendiente;Pendiente de investigación específica.
MT-POLICARB;Lámina de policarbonato alveolar translúcida, con sus perfiles de unión.;materiales;m2;EC;USD;;;;;;pendiente;por_verificar;no_confirmado;pendiente;Pendiente de investigación específica.
MT-CUMBRERA;Pieza de cumbrera y remate para cubierta, del material de la cubierta.;materiales;m;CO;COP;;;;;;pendiente;por_verificar;no_confirmado;pendiente;Pendiente de investigación específica.
MT-CUMBRERA;Pieza de cumbrera y remate para cubierta, del material de la cubierta.;materiales;m;PE;PEN;;;;;;pendiente;por_verificar;no_confirmado;pendiente;Pendiente de investigación específica.
MT-CUMBRERA;Pieza de cumbrera y remate para cubierta, del material de la cubierta.;materiales;m;MX;MXN;;;;;;pendiente;por_verificar;no_confirmado;pendiente;Pendiente de investigación específica.
MT-CUMBRERA;Pieza de cumbrera y remate para cubierta, del material de la cubierta.;materiales;m;EC;USD;;;;;;pendiente;por_verificar;no_confirmado;pendiente;Pendiente de investigación específica.
MT-CANAL-PVC;Canal de PVC o lámina galvanizada para recogida de aguas lluvias, con sus soportes.;materiales;m;CO;COP;;;;;;pendiente;por_verificar;no_confirmado;pendiente;Pendiente de investigación específica.
MT-CANAL-PVC;Canal de PVC o lámina galvanizada para recogida de aguas lluvias, con sus soportes.;materiales;m;PE;PEN;;;;;;pendiente;por_verificar;no_confirmado;pendiente;Pendiente de investigación específica.
MT-CANAL-PVC;Canal de PVC o lámina galvanizada para recogida de aguas lluvias, con sus soportes.;materiales;m;MX;MXN;;;;;;pendiente;por_verificar;no_confirmado;pendiente;Pendiente de investigación específica.
MT-CANAL-PVC;Canal de PVC o lámina galvanizada para recogida de aguas lluvias, con sus soportes.;materiales;m;EC;USD;;;;;;pendiente;por_verificar;no_confirmado;pendiente;Pendiente de investigación específica.
MT-BAJANTE-PVC;Bajante de PVC para aguas lluvias, con sus abrazaderas y codos.;materiales;m;CO;COP;;;;;;pendiente;por_verificar;no_confirmado;pendiente;Pendiente de investigación específica.
MT-BAJANTE-PVC;Bajante de PVC para aguas lluvias, con sus abrazaderas y codos.;materiales;m;PE;PEN;;;;;;pendiente;por_verificar;no_confirmado;pendiente;Pendiente de investigación específica.
MT-BAJANTE-PVC;Bajante de PVC para aguas lluvias, con sus abrazaderas y codos.;materiales;m;MX;MXN;;;;;;pendiente;por_verificar;no_confirmado;pendiente;Pendiente de investigación específica.
MT-BAJANTE-PVC;Bajante de PVC para aguas lluvias, con sus abrazaderas y codos.;materiales;m;EC;USD;;;;;;pendiente;por_verificar;no_confirmado;pendiente;Pendiente de investigación específica.
MT-TRAGANTE;Tragante, boquilla o sumidero de cubierta con su rejilla y guardahojas.;materiales;ud;CO;COP;;;;;;pendiente;por_verificar;no_confirmado;pendiente;Pendiente de investigación específica.
MT-TRAGANTE;Tragante, boquilla o sumidero de cubierta con su rejilla y guardahojas.;materiales;ud;PE;PEN;;;;;;pendiente;por_verificar;no_confirmado;pendiente;Pendiente de investigación específica.
MT-TRAGANTE;Tragante, boquilla o sumidero de cubierta con su rejilla y guardahojas.;materiales;ud;MX;MXN;;;;;;pendiente;por_verificar;no_confirmado;pendiente;Pendiente de investigación específica.
MT-TRAGANTE;Tragante, boquilla o sumidero de cubierta con su rejilla y guardahojas.;materiales;ud;EC;USD;;;;;;pendiente;por_verificar;no_confirmado;pendiente;Pendiente de investigación específica.
MT-TORN-TECHO;Tornillo autoperforante con arandela de neopreno para fijación de láminas de cubierta.;materiales;ud;CO;COP;;;;;;pendiente;por_verificar;no_confirmado;pendiente;Pendiente de investigación específica.
MT-TORN-TECHO;Tornillo autoperforante con arandela de neopreno para fijación de láminas de cubierta.;materiales;ud;PE;PEN;;;;;;pendiente;por_verificar;no_confirmado;pendiente;Pendiente de investigación específica.
MT-TORN-TECHO;Tornillo autoperforante con arandela de neopreno para fijación de láminas de cubierta.;materiales;ud;MX;MXN;;;;;;pendiente;por_verificar;no_confirmado;pendiente;Pendiente de investigación específica.
MT-TORN-TECHO;Tornillo autoperforante con arandela de neopreno para fijación de láminas de cubierta.;materiales;ud;EC;USD;;;;;;pendiente;por_verificar;no_confirmado;pendiente;Pendiente de investigación específica.
MT-PLOT-REG;Pedestal regulable de polipropileno para piso flotante sobre cubierta.;materiales;ud;CO;COP;;;;;;pendiente;por_verificar;no_confirmado;pendiente;Pendiente de investigación específica.
MT-PLOT-REG;Pedestal regulable de polipropileno para piso flotante sobre cubierta.;materiales;ud;PE;PEN;;;;;;pendiente;por_verificar;no_confirmado;pendiente;Pendiente de investigación específica.
MT-PLOT-REG;Pedestal regulable de polipropileno para piso flotante sobre cubierta.;materiales;ud;MX;MXN;;;;;;pendiente;por_verificar;no_confirmado;pendiente;Pendiente de investigación específica.
MT-PLOT-REG;Pedestal regulable de polipropileno para piso flotante sobre cubierta.;materiales;ud;EC;USD;;;;;;pendiente;por_verificar;no_confirmado;pendiente;Pendiente de investigación específica.
MT-VALV-CHECK;Válvula de retención y válvula de compuerta para instalación de bombeo.;materiales;ud;CO;COP;;;;;;pendiente;por_verificar;no_confirmado;pendiente;Pendiente de investigación específica.
MT-VALV-CHECK;Válvula de retención y válvula de compuerta para instalación de bombeo.;materiales;ud;PE;PEN;;;;;;pendiente;por_verificar;no_confirmado;pendiente;Pendiente de investigación específica.
MT-VALV-CHECK;Válvula de retención y válvula de compuerta para instalación de bombeo.;materiales;ud;MX;MXN;;;;;;pendiente;por_verificar;no_confirmado;pendiente;Pendiente de investigación específica.
MT-VALV-CHECK;Válvula de retención y válvula de compuerta para instalación de bombeo.;materiales;ud;EC;USD;;;;;;pendiente;por_verificar;no_confirmado;pendiente;Pendiente de investigación específica.
MT-ACC-BOMBA;Accesorios de conexión de bomba: uniones universales, manómetro, niples y soportes.;materiales;ud;CO;COP;;;;;;pendiente;por_verificar;no_confirmado;pendiente;Pendiente de investigación específica.
MT-ACC-BOMBA;Accesorios de conexión de bomba: uniones universales, manómetro, niples y soportes.;materiales;ud;PE;PEN;;;;;;pendiente;por_verificar;no_confirmado;pendiente;Pendiente de investigación específica.
MT-ACC-BOMBA;Accesorios de conexión de bomba: uniones universales, manómetro, niples y soportes.;materiales;ud;MX;MXN;;;;;;pendiente;por_verificar;no_confirmado;pendiente;Pendiente de investigación específica.
MT-ACC-BOMBA;Accesorios de conexión de bomba: uniones universales, manómetro, niples y soportes.;materiales;ud;EC;USD;;;;;;pendiente;por_verificar;no_confirmado;pendiente;Pendiente de investigación específica.
MT-TUB-PPR25;Tubería de polipropileno PPR de 25 mm para montantes y alimentación principal.;materiales;m;CO;COP;;;;;;pendiente;por_verificar;no_confirmado;pendiente;Pendiente de investigación específica.
MT-TUB-PPR25;Tubería de polipropileno PPR de 25 mm para montantes y alimentación principal.;materiales;m;PE;PEN;;;;;;pendiente;por_verificar;no_confirmado;pendiente;Pendiente de investigación específica.
MT-TUB-PPR25;Tubería de polipropileno PPR de 25 mm para montantes y alimentación principal.;materiales;m;MX;MXN;;;;;;pendiente;por_verificar;no_confirmado;pendiente;Pendiente de investigación específica.
MT-TUB-PPR25;Tubería de polipropileno PPR de 25 mm para montantes y alimentación principal.;materiales;m;EC;USD;;;;;;pendiente;por_verificar;no_confirmado;pendiente;Pendiente de investigación específica.
MT-FLOTANTE;Válvula de flotante y accesorios de control de nivel para tanque de agua.;materiales;ud;CO;COP;;;;;;pendiente;por_verificar;no_confirmado;pendiente;Pendiente de investigación específica.
MT-FLOTANTE;Válvula de flotante y accesorios de control de nivel para tanque de agua.;materiales;ud;PE;PEN;;;;;;pendiente;por_verificar;no_confirmado;pendiente;Pendiente de investigación específica.
MT-FLOTANTE;Válvula de flotante y accesorios de control de nivel para tanque de agua.;materiales;ud;MX;MXN;;;;;;pendiente;por_verificar;no_confirmado;pendiente;Pendiente de investigación específica.
MT-FLOTANTE;Válvula de flotante y accesorios de control de nivel para tanque de agua.;materiales;ud;EC;USD;;;;;;pendiente;por_verificar;no_confirmado;pendiente;Pendiente de investigación específica.
MT-TABLERO-DIST;Tablero de distribución empotrable con barraje, para el número de circuitos de proyecto.;materiales;ud;CO;COP;;;;;;pendiente;por_verificar;no_confirmado;pendiente;Pendiente de investigación específica.
MT-TABLERO-DIST;Tablero de distribución empotrable con barraje, para el número de circuitos de proyecto.;materiales;ud;PE;PEN;;;;;;pendiente;por_verificar;no_confirmado;pendiente;Pendiente de investigación específica.
MT-TABLERO-DIST;Tablero de distribución empotrable con barraje, para el número de circuitos de proyecto.;materiales;ud;MX;MXN;;;;;;pendiente;por_verificar;no_confirmado;pendiente;Pendiente de investigación específica.
MT-TABLERO-DIST;Tablero de distribución empotrable con barraje, para el número de circuitos de proyecto.;materiales;ud;EC;USD;;;;;;pendiente;por_verificar;no_confirmado;pendiente;Pendiente de investigación específica.
MT-BREAKER;Interruptor termomagnético monopolar o bipolar para protección de circuito.;materiales;ud;CO;COP;;;;;;pendiente;por_verificar;no_confirmado;pendiente;Pendiente de investigación específica.
MT-BREAKER;Interruptor termomagnético monopolar o bipolar para protección de circuito.;materiales;ud;PE;PEN;;;;;;pendiente;por_verificar;no_confirmado;pendiente;Pendiente de investigación específica.
MT-BREAKER;Interruptor termomagnético monopolar o bipolar para protección de circuito.;materiales;ud;MX;MXN;;;;;;pendiente;por_verificar;no_confirmado;pendiente;Pendiente de investigación específica.
MT-BREAKER;Interruptor termomagnético monopolar o bipolar para protección de circuito.;materiales;ud;EC;USD;;;;;;pendiente;por_verificar;no_confirmado;pendiente;Pendiente de investigación específica.
MT-DIFERENCIAL;Interruptor diferencial de alta sensibilidad para protección de personas.;materiales;ud;CO;COP;;;;;;pendiente;por_verificar;no_confirmado;pendiente;Pendiente de investigación específica.
MT-DIFERENCIAL;Interruptor diferencial de alta sensibilidad para protección de personas.;materiales;ud;PE;PEN;;;;;;pendiente;por_verificar;no_confirmado;pendiente;Pendiente de investigación específica.
MT-DIFERENCIAL;Interruptor diferencial de alta sensibilidad para protección de personas.;materiales;ud;MX;MXN;;;;;;pendiente;por_verificar;no_confirmado;pendiente;Pendiente de investigación específica.
MT-DIFERENCIAL;Interruptor diferencial de alta sensibilidad para protección de personas.;materiales;ud;EC;USD;;;;;;pendiente;por_verificar;no_confirmado;pendiente;Pendiente de investigación específica.
MT-CINTA-LED;Cinta LED con su fuente de alimentación y perfil de aluminio disipador.;materiales;m;CO;COP;;;;;;pendiente;por_verificar;no_confirmado;pendiente;Pendiente de investigación específica.
MT-CINTA-LED;Cinta LED con su fuente de alimentación y perfil de aluminio disipador.;materiales;m;PE;PEN;;;;;;pendiente;por_verificar;no_confirmado;pendiente;Pendiente de investigación específica.
MT-CINTA-LED;Cinta LED con su fuente de alimentación y perfil de aluminio disipador.;materiales;m;MX;MXN;;;;;;pendiente;por_verificar;no_confirmado;pendiente;Pendiente de investigación específica.
MT-CINTA-LED;Cinta LED con su fuente de alimentación y perfil de aluminio disipador.;materiales;m;EC;USD;;;;;;pendiente;por_verificar;no_confirmado;pendiente;Pendiente de investigación específica.
MT-CABLE-8;Conductor de cobre THW calibre 8 AWG para acometidas y circuitos de fuerza.;materiales;m;CO;COP;;;;;;pendiente;por_verificar;no_confirmado;pendiente;Pendiente de investigación específica.
MT-CABLE-8;Conductor de cobre THW calibre 8 AWG para acometidas y circuitos de fuerza.;materiales;m;PE;PEN;;;;;;pendiente;por_verificar;no_confirmado;pendiente;Pendiente de investigación específica.
MT-CABLE-8;Conductor de cobre THW calibre 8 AWG para acometidas y circuitos de fuerza.;materiales;m;MX;MXN;;;;;;pendiente;por_verificar;no_confirmado;pendiente;Pendiente de investigación específica.
MT-CABLE-8;Conductor de cobre THW calibre 8 AWG para acometidas y circuitos de fuerza.;materiales;m;EC;USD;;;;;;pendiente;por_verificar;no_confirmado;pendiente;Pendiente de investigación específica.
MT-BARRA-TIERRA;Electrodo de puesta a tierra de cobre con su conector y caja de inspección.;materiales;ud;CO;COP;;;;;;pendiente;por_verificar;no_confirmado;pendiente;Pendiente de investigación específica.
MT-BARRA-TIERRA;Electrodo de puesta a tierra de cobre con su conector y caja de inspección.;materiales;ud;PE;PEN;;;;;;pendiente;por_verificar;no_confirmado;pendiente;Pendiente de investigación específica.
MT-BARRA-TIERRA;Electrodo de puesta a tierra de cobre con su conector y caja de inspección.;materiales;ud;MX;MXN;;;;;;pendiente;por_verificar;no_confirmado;pendiente;Pendiente de investigación específica.
MT-BARRA-TIERRA;Electrodo de puesta a tierra de cobre con su conector y caja de inspección.;materiales;ud;EC;USD;;;;;;pendiente;por_verificar;no_confirmado;pendiente;Pendiente de investigación específica.
MT-CABLE-DATOS;Cable de datos categoría 6 para redes y telecomunicaciones.;materiales;m;CO;COP;;;;;;pendiente;por_verificar;no_confirmado;pendiente;Pendiente de investigación específica.
MT-CABLE-DATOS;Cable de datos categoría 6 para redes y telecomunicaciones.;materiales;m;PE;PEN;;;;;;pendiente;por_verificar;no_confirmado;pendiente;Pendiente de investigación específica.
MT-CABLE-DATOS;Cable de datos categoría 6 para redes y telecomunicaciones.;materiales;m;MX;MXN;;;;;;pendiente;por_verificar;no_confirmado;pendiente;Pendiente de investigación específica.
MT-CABLE-DATOS;Cable de datos categoría 6 para redes y telecomunicaciones.;materiales;m;EC;USD;;;;;;pendiente;por_verificar;no_confirmado;pendiente;Pendiente de investigación específica.
MT-TOMA-DATOS;Toma de datos o televisión con su placa y conector.;materiales;ud;CO;COP;;;;;;pendiente;por_verificar;no_confirmado;pendiente;Pendiente de investigación específica.
MT-TOMA-DATOS;Toma de datos o televisión con su placa y conector.;materiales;ud;PE;PEN;;;;;;pendiente;por_verificar;no_confirmado;pendiente;Pendiente de investigación específica.
MT-TOMA-DATOS;Toma de datos o televisión con su placa y conector.;materiales;ud;MX;MXN;;;;;;pendiente;por_verificar;no_confirmado;pendiente;Pendiente de investigación específica.
MT-TOMA-DATOS;Toma de datos o televisión con su placa y conector.;materiales;ud;EC;USD;;;;;;pendiente;por_verificar;no_confirmado;pendiente;Pendiente de investigación específica.
MT-CABLE-ALARMA;Cable multipar apantallado para sistemas de alarma y control.;materiales;m;CO;COP;;;;;;pendiente;por_verificar;no_confirmado;pendiente;Pendiente de investigación específica.
MT-CABLE-ALARMA;Cable multipar apantallado para sistemas de alarma y control.;materiales;m;PE;PEN;;;;;;pendiente;por_verificar;no_confirmado;pendiente;Pendiente de investigación específica.
MT-CABLE-ALARMA;Cable multipar apantallado para sistemas de alarma y control.;materiales;m;MX;MXN;;;;;;pendiente;por_verificar;no_confirmado;pendiente;Pendiente de investigación específica.
MT-CABLE-ALARMA;Cable multipar apantallado para sistemas de alarma y control.;materiales;m;EC;USD;;;;;;pendiente;por_verificar;no_confirmado;pendiente;Pendiente de investigación específica.
MT-TUB-FRIGO;Par de tuberías frigoríficas de cobre aisladas, con cable de interconexión.;materiales;m;CO;COP;;;;;;pendiente;por_verificar;no_confirmado;pendiente;Pendiente de investigación específica.
MT-TUB-FRIGO;Par de tuberías frigoríficas de cobre aisladas, con cable de interconexión.;materiales;m;PE;PEN;;;;;;pendiente;por_verificar;no_confirmado;pendiente;Pendiente de investigación específica.
MT-TUB-FRIGO;Par de tuberías frigoríficas de cobre aisladas, con cable de interconexión.;materiales;m;MX;MXN;;;;;;pendiente;por_verificar;no_confirmado;pendiente;Pendiente de investigación específica.
MT-TUB-FRIGO;Par de tuberías frigoríficas de cobre aisladas, con cable de interconexión.;materiales;m;EC;USD;;;;;;pendiente;por_verificar;no_confirmado;pendiente;Pendiente de investigación específica.
MT-SOPORTE-AC;Soporte metálico galvanizado para unidad condensadora, con sus anclajes.;materiales;ud;CO;COP;;;;;;pendiente;por_verificar;no_confirmado;pendiente;Pendiente de investigación específica.
MT-SOPORTE-AC;Soporte metálico galvanizado para unidad condensadora, con sus anclajes.;materiales;ud;PE;PEN;;;;;;pendiente;por_verificar;no_confirmado;pendiente;Pendiente de investigación específica.
MT-SOPORTE-AC;Soporte metálico galvanizado para unidad condensadora, con sus anclajes.;materiales;ud;MX;MXN;;;;;;pendiente;por_verificar;no_confirmado;pendiente;Pendiente de investigación específica.
MT-SOPORTE-AC;Soporte metálico galvanizado para unidad condensadora, con sus anclajes.;materiales;ud;EC;USD;;;;;;pendiente;por_verificar;no_confirmado;pendiente;Pendiente de investigación específica.
MT-DUCTO-VENT;Ducto de ventilación flexible o de lámina galvanizada, con sus accesorios.;materiales;m;CO;COP;;;;;;pendiente;por_verificar;no_confirmado;pendiente;Pendiente de investigación específica.
MT-DUCTO-VENT;Ducto de ventilación flexible o de lámina galvanizada, con sus accesorios.;materiales;m;PE;PEN;;;;;;pendiente;por_verificar;no_confirmado;pendiente;Pendiente de investigación específica.
MT-DUCTO-VENT;Ducto de ventilación flexible o de lámina galvanizada, con sus accesorios.;materiales;m;MX;MXN;;;;;;pendiente;por_verificar;no_confirmado;pendiente;Pendiente de investigación específica.
MT-DUCTO-VENT;Ducto de ventilación flexible o de lámina galvanizada, con sus accesorios.;materiales;m;EC;USD;;;;;;pendiente;por_verificar;no_confirmado;pendiente;Pendiente de investigación específica.
MT-TUB-GAS;Tubería de cobre o acero para instalación de gas doméstico, con sus accesorios.;materiales;m;CO;COP;;;;;;pendiente;por_verificar;no_confirmado;pendiente;Pendiente de investigación específica.
MT-TUB-GAS;Tubería de cobre o acero para instalación de gas doméstico, con sus accesorios.;materiales;m;PE;PEN;;;;;;pendiente;por_verificar;no_confirmado;pendiente;Pendiente de investigación específica.
MT-TUB-GAS;Tubería de cobre o acero para instalación de gas doméstico, con sus accesorios.;materiales;m;MX;MXN;;;;;;pendiente;por_verificar;no_confirmado;pendiente;Pendiente de investigación específica.
MT-TUB-GAS;Tubería de cobre o acero para instalación de gas doméstico, con sus accesorios.;materiales;m;EC;USD;;;;;;pendiente;por_verificar;no_confirmado;pendiente;Pendiente de investigación específica.
MT-REGUL-GAS;Regulador de presión, llave de corte y accesorios para instalación de gas.;materiales;ud;CO;COP;;;;;;pendiente;por_verificar;no_confirmado;pendiente;Pendiente de investigación específica.
MT-REGUL-GAS;Regulador de presión, llave de corte y accesorios para instalación de gas.;materiales;ud;PE;PEN;;;;;;pendiente;por_verificar;no_confirmado;pendiente;Pendiente de investigación específica.
MT-REGUL-GAS;Regulador de presión, llave de corte y accesorios para instalación de gas.;materiales;ud;MX;MXN;;;;;;pendiente;por_verificar;no_confirmado;pendiente;Pendiente de investigación específica.
MT-REGUL-GAS;Regulador de presión, llave de corte y accesorios para instalación de gas.;materiales;ud;EC;USD;;;;;;pendiente;por_verificar;no_confirmado;pendiente;Pendiente de investigación específica.
MT-EXTINTOR;Extintor portátil de polvo químico seco con su soporte y señalización.;materiales;ud;CO;COP;;;;;;pendiente;por_verificar;no_confirmado;pendiente;Pendiente de investigación específica.
MT-EXTINTOR;Extintor portátil de polvo químico seco con su soporte y señalización.;materiales;ud;PE;PEN;;;;;;pendiente;por_verificar;no_confirmado;pendiente;Pendiente de investigación específica.
MT-EXTINTOR;Extintor portátil de polvo químico seco con su soporte y señalización.;materiales;ud;MX;MXN;;;;;;pendiente;por_verificar;no_confirmado;pendiente;Pendiente de investigación específica.
MT-EXTINTOR;Extintor portátil de polvo químico seco con su soporte y señalización.;materiales;ud;EC;USD;;;;;;pendiente;por_verificar;no_confirmado;pendiente;Pendiente de investigación específica.
MT-DETECT-HUMO;Detector de humo autónomo o direccionable, con su base.;materiales;ud;CO;COP;;;;;;pendiente;por_verificar;no_confirmado;pendiente;Pendiente de investigación específica.
MT-DETECT-HUMO;Detector de humo autónomo o direccionable, con su base.;materiales;ud;PE;PEN;;;;;;pendiente;por_verificar;no_confirmado;pendiente;Pendiente de investigación específica.
MT-DETECT-HUMO;Detector de humo autónomo o direccionable, con su base.;materiales;ud;MX;MXN;;;;;;pendiente;por_verificar;no_confirmado;pendiente;Pendiente de investigación específica.
MT-DETECT-HUMO;Detector de humo autónomo o direccionable, con su base.;materiales;ud;EC;USD;;;;;;pendiente;por_verificar;no_confirmado;pendiente;Pendiente de investigación específica.
MT-GABINETE-MANG;Gabinete contra incendios con manguera, válvula y boquilla.;materiales;ud;CO;COP;;;;;;pendiente;por_verificar;no_confirmado;pendiente;Pendiente de investigación específica.
MT-GABINETE-MANG;Gabinete contra incendios con manguera, válvula y boquilla.;materiales;ud;PE;PEN;;;;;;pendiente;por_verificar;no_confirmado;pendiente;Pendiente de investigación específica.
MT-GABINETE-MANG;Gabinete contra incendios con manguera, válvula y boquilla.;materiales;ud;MX;MXN;;;;;;pendiente;por_verificar;no_confirmado;pendiente;Pendiente de investigación específica.
MT-GABINETE-MANG;Gabinete contra incendios con manguera, válvula y boquilla.;materiales;ud;EC;USD;;;;;;pendiente;por_verificar;no_confirmado;pendiente;Pendiente de investigación específica.
MT-GAS-REFRIG;Gas refrigerante para carga de equipos de climatización.;materiales;kg;CO;COP;;;;;;pendiente;por_verificar;no_confirmado;pendiente;Pendiente de investigación específica.
MT-GAS-REFRIG;Gas refrigerante para carga de equipos de climatización.;materiales;kg;PE;PEN;;;;;;pendiente;por_verificar;no_confirmado;pendiente;Pendiente de investigación específica.
MT-GAS-REFRIG;Gas refrigerante para carga de equipos de climatización.;materiales;kg;MX;MXN;;;;;;pendiente;por_verificar;no_confirmado;pendiente;Pendiente de investigación específica.
MT-GAS-REFRIG;Gas refrigerante para carga de equipos de climatización.;materiales;kg;EC;USD;;;;;;pendiente;por_verificar;no_confirmado;pendiente;Pendiente de investigación específica.
MT-MARCO-PUERTA;Marco de puerta de madera o metálico, con sus topes y anclajes.;materiales;m;CO;COP;;;;;;pendiente;por_verificar;no_confirmado;pendiente;Pendiente de investigación específica.
MT-MARCO-PUERTA;Marco de puerta de madera o metálico, con sus topes y anclajes.;materiales;m;PE;PEN;;;;;;pendiente;por_verificar;no_confirmado;pendiente;Pendiente de investigación específica.
MT-MARCO-PUERTA;Marco de puerta de madera o metálico, con sus topes y anclajes.;materiales;m;MX;MXN;;;;;;pendiente;por_verificar;no_confirmado;pendiente;Pendiente de investigación específica.
MT-MARCO-PUERTA;Marco de puerta de madera o metálico, con sus topes y anclajes.;materiales;m;EC;USD;;;;;;pendiente;por_verificar;no_confirmado;pendiente;Pendiente de investigación específica.
MT-HERRAJE-PUERTA;Juego de bisagras, topes y herrajes de colgar para puerta.;materiales;ud;CO;COP;;;;;;pendiente;por_verificar;no_confirmado;pendiente;Pendiente de investigación específica.
MT-HERRAJE-PUERTA;Juego de bisagras, topes y herrajes de colgar para puerta.;materiales;ud;PE;PEN;;;;;;pendiente;por_verificar;no_confirmado;pendiente;Pendiente de investigación específica.
MT-HERRAJE-PUERTA;Juego de bisagras, topes y herrajes de colgar para puerta.;materiales;ud;MX;MXN;;;;;;pendiente;por_verificar;no_confirmado;pendiente;Pendiente de investigación específica.
MT-HERRAJE-PUERTA;Juego de bisagras, topes y herrajes de colgar para puerta.;materiales;ud;EC;USD;;;;;;pendiente;por_verificar;no_confirmado;pendiente;Pendiente de investigación específica.
MT-CERRADURA;Cerradura de embutir con manija y cilindro.;materiales;ud;CO;COP;;;;;;pendiente;por_verificar;no_confirmado;pendiente;Pendiente de investigación específica.
MT-CERRADURA;Cerradura de embutir con manija y cilindro.;materiales;ud;PE;PEN;;;;;;pendiente;por_verificar;no_confirmado;pendiente;Pendiente de investigación específica.
MT-CERRADURA;Cerradura de embutir con manija y cilindro.;materiales;ud;MX;MXN;;;;;;pendiente;por_verificar;no_confirmado;pendiente;Pendiente de investigación específica.
MT-CERRADURA;Cerradura de embutir con manija y cilindro.;materiales;ud;EC;USD;;;;;;pendiente;por_verificar;no_confirmado;pendiente;Pendiente de investigación específica.
MT-PERFIL-ALUM;Perfil de aluminio para carpintería de ventanas y puertas, con sus accesorios.;materiales;kg;CO;COP;;;;;;pendiente;por_verificar;no_confirmado;pendiente;Pendiente de investigación específica.
MT-PERFIL-ALUM;Perfil de aluminio para carpintería de ventanas y puertas, con sus accesorios.;materiales;kg;PE;PEN;;;;;;pendiente;por_verificar;no_confirmado;pendiente;Pendiente de investigación específica.
MT-PERFIL-ALUM;Perfil de aluminio para carpintería de ventanas y puertas, con sus accesorios.;materiales;kg;MX;MXN;;;;;;pendiente;por_verificar;no_confirmado;pendiente;Pendiente de investigación específica.
MT-PERFIL-ALUM;Perfil de aluminio para carpintería de ventanas y puertas, con sus accesorios.;materiales;kg;EC;USD;;;;;;pendiente;por_verificar;no_confirmado;pendiente;Pendiente de investigación específica.
MT-VIDRIO-6;Vidrio flotado incoloro de 6 mm.;materiales;m2;CO;COP;;;;;;pendiente;por_verificar;no_confirmado;pendiente;Pendiente de investigación específica.
MT-VIDRIO-6;Vidrio flotado incoloro de 6 mm.;materiales;m2;PE;PEN;;;;;;pendiente;por_verificar;no_confirmado;pendiente;Pendiente de investigación específica.
MT-VIDRIO-6;Vidrio flotado incoloro de 6 mm.;materiales;m2;MX;MXN;;;;;;pendiente;por_verificar;no_confirmado;pendiente;Pendiente de investigación específica.
MT-VIDRIO-6;Vidrio flotado incoloro de 6 mm.;materiales;m2;EC;USD;;;;;;pendiente;por_verificar;no_confirmado;pendiente;Pendiente de investigación específica.
MT-VIDRIO-TEMP;Vidrio templado de seguridad de 10 mm, con cantos pulidos y perforaciones.;materiales;m2;CO;COP;;;;;;pendiente;por_verificar;no_confirmado;pendiente;Pendiente de investigación específica.
MT-VIDRIO-TEMP;Vidrio templado de seguridad de 10 mm, con cantos pulidos y perforaciones.;materiales;m2;PE;PEN;;;;;;pendiente;por_verificar;no_confirmado;pendiente;Pendiente de investigación específica.
MT-VIDRIO-TEMP;Vidrio templado de seguridad de 10 mm, con cantos pulidos y perforaciones.;materiales;m2;MX;MXN;;;;;;pendiente;por_verificar;no_confirmado;pendiente;Pendiente de investigación específica.
MT-VIDRIO-TEMP;Vidrio templado de seguridad de 10 mm, con cantos pulidos y perforaciones.;materiales;m2;EC;USD;;;;;;pendiente;por_verificar;no_confirmado;pendiente;Pendiente de investigación específica.
MT-ESPEJO;Espejo de 4 mm con canto pulido y respaldo protegido.;materiales;m2;CO;COP;;;;;;pendiente;por_verificar;no_confirmado;pendiente;Pendiente de investigación específica.
MT-ESPEJO;Espejo de 4 mm con canto pulido y respaldo protegido.;materiales;m2;PE;PEN;;;;;;pendiente;por_verificar;no_confirmado;pendiente;Pendiente de investigación específica.
MT-ESPEJO;Espejo de 4 mm con canto pulido y respaldo protegido.;materiales;m2;MX;MXN;;;;;;pendiente;por_verificar;no_confirmado;pendiente;Pendiente de investigación específica.
MT-ESPEJO;Espejo de 4 mm con canto pulido y respaldo protegido.;materiales;m2;EC;USD;;;;;;pendiente;por_verificar;no_confirmado;pendiente;Pendiente de investigación específica.
MT-SILICONA-EST;Silicona estructural o neutra para acristalamiento y sellado de carpintería.;materiales;l;CO;COP;;;;;;pendiente;por_verificar;no_confirmado;pendiente;Pendiente de investigación específica.
MT-SILICONA-EST;Silicona estructural o neutra para acristalamiento y sellado de carpintería.;materiales;l;PE;PEN;;;;;;pendiente;por_verificar;no_confirmado;pendiente;Pendiente de investigación específica.
MT-SILICONA-EST;Silicona estructural o neutra para acristalamiento y sellado de carpintería.;materiales;l;MX;MXN;;;;;;pendiente;por_verificar;no_confirmado;pendiente;Pendiente de investigación específica.
MT-SILICONA-EST;Silicona estructural o neutra para acristalamiento y sellado de carpintería.;materiales;l;EC;USD;;;;;;pendiente;por_verificar;no_confirmado;pendiente;Pendiente de investigación específica.
MT-TUBO-ACERO;Tubo estructural de acero para herrería de rejas, portones y barandas.;materiales;kg;CO;COP;;;;;;pendiente;por_verificar;no_confirmado;pendiente;Pendiente de investigación específica.
MT-TUBO-ACERO;Tubo estructural de acero para herrería de rejas, portones y barandas.;materiales;kg;PE;PEN;;;;;;pendiente;por_verificar;no_confirmado;pendiente;Pendiente de investigación específica.
MT-TUBO-ACERO;Tubo estructural de acero para herrería de rejas, portones y barandas.;materiales;kg;MX;MXN;;;;;;pendiente;por_verificar;no_confirmado;pendiente;Pendiente de investigación específica.
MT-TUBO-ACERO;Tubo estructural de acero para herrería de rejas, portones y barandas.;materiales;kg;EC;USD;;;;;;pendiente;por_verificar;no_confirmado;pendiente;Pendiente de investigación específica.
MT-ACERO-INOX;Tubo y accesorios de acero inoxidable para barandas y pasamanos.;materiales;kg;CO;COP;;;;;;pendiente;por_verificar;no_confirmado;pendiente;Pendiente de investigación específica.
MT-ACERO-INOX;Tubo y accesorios de acero inoxidable para barandas y pasamanos.;materiales;kg;PE;PEN;;;;;;pendiente;por_verificar;no_confirmado;pendiente;Pendiente de investigación específica.
MT-ACERO-INOX;Tubo y accesorios de acero inoxidable para barandas y pasamanos.;materiales;kg;MX;MXN;;;;;;pendiente;por_verificar;no_confirmado;pendiente;Pendiente de investigación específica.
MT-ACERO-INOX;Tubo y accesorios de acero inoxidable para barandas y pasamanos.;materiales;kg;EC;USD;;;;;;pendiente;por_verificar;no_confirmado;pendiente;Pendiente de investigación específica.
MT-MOSQUITERO;Malla mosquitera con su bastidor de aluminio.;materiales;m2;CO;COP;;;;;;pendiente;por_verificar;no_confirmado;pendiente;Pendiente de investigación específica.
MT-MOSQUITERO;Malla mosquitera con su bastidor de aluminio.;materiales;m2;PE;PEN;;;;;;pendiente;por_verificar;no_confirmado;pendiente;Pendiente de investigación específica.
MT-MOSQUITERO;Malla mosquitera con su bastidor de aluminio.;materiales;m2;MX;MXN;;;;;;pendiente;por_verificar;no_confirmado;pendiente;Pendiente de investigación específica.
MT-MOSQUITERO;Malla mosquitera con su bastidor de aluminio.;materiales;m2;EC;USD;;;;;;pendiente;por_verificar;no_confirmado;pendiente;Pendiente de investigación específica.
MT-MELAMINA;Tablero de melamina de 18 mm con cantos aplicados, para closets y muebles.;materiales;m2;CO;COP;;;;;;pendiente;por_verificar;no_confirmado;pendiente;Pendiente de investigación específica.
MT-MELAMINA;Tablero de melamina de 18 mm con cantos aplicados, para closets y muebles.;materiales;m2;PE;PEN;;;;;;pendiente;por_verificar;no_confirmado;pendiente;Pendiente de investigación específica.
MT-MELAMINA;Tablero de melamina de 18 mm con cantos aplicados, para closets y muebles.;materiales;m2;MX;MXN;;;;;;pendiente;por_verificar;no_confirmado;pendiente;Pendiente de investigación específica.
MT-MELAMINA;Tablero de melamina de 18 mm con cantos aplicados, para closets y muebles.;materiales;m2;EC;USD;;;;;;pendiente;por_verificar;no_confirmado;pendiente;Pendiente de investigación específica.
MT-HERRAJE-CLOSET;Herraje de closet: bisagra, tirador, soporte de entrepaño y tornillería.;materiales;ud;CO;COP;;;;;;pendiente;por_verificar;no_confirmado;pendiente;Pendiente de investigación específica.
MT-HERRAJE-CLOSET;Herraje de closet: bisagra, tirador, soporte de entrepaño y tornillería.;materiales;ud;PE;PEN;;;;;;pendiente;por_verificar;no_confirmado;pendiente;Pendiente de investigación específica.
MT-HERRAJE-CLOSET;Herraje de closet: bisagra, tirador, soporte de entrepaño y tornillería.;materiales;ud;MX;MXN;;;;;;pendiente;por_verificar;no_confirmado;pendiente;Pendiente de investigación específica.
MT-HERRAJE-CLOSET;Herraje de closet: bisagra, tirador, soporte de entrepaño y tornillería.;materiales;ud;EC;USD;;;;;;pendiente;por_verificar;no_confirmado;pendiente;Pendiente de investigación específica.
MT-RIEL-CORRED;Riel superior e inferior con carros para puerta corrediza.;materiales;m;CO;COP;;;;;;pendiente;por_verificar;no_confirmado;pendiente;Pendiente de investigación específica.
MT-RIEL-CORRED;Riel superior e inferior con carros para puerta corrediza.;materiales;m;PE;PEN;;;;;;pendiente;por_verificar;no_confirmado;pendiente;Pendiente de investigación específica.
MT-RIEL-CORRED;Riel superior e inferior con carros para puerta corrediza.;materiales;m;MX;MXN;;;;;;pendiente;por_verificar;no_confirmado;pendiente;Pendiente de investigación específica.
MT-RIEL-CORRED;Riel superior e inferior con carros para puerta corrediza.;materiales;m;EC;USD;;;;;;pendiente;por_verificar;no_confirmado;pendiente;Pendiente de investigación específica.
MT-ESTRUCT-MESON;Estructura de soporte de mesón en perfil metálico o mampostería, con su base.;materiales;m;CO;COP;;;;;;pendiente;por_verificar;no_confirmado;pendiente;Pendiente de investigación específica.
MT-ESTRUCT-MESON;Estructura de soporte de mesón en perfil metálico o mampostería, con su base.;materiales;m;PE;PEN;;;;;;pendiente;por_verificar;no_confirmado;pendiente;Pendiente de investigación específica.
MT-ESTRUCT-MESON;Estructura de soporte de mesón en perfil metálico o mampostería, con su base.;materiales;m;MX;MXN;;;;;;pendiente;por_verificar;no_confirmado;pendiente;Pendiente de investigación específica.
MT-ESTRUCT-MESON;Estructura de soporte de mesón en perfil metálico o mampostería, con su base.;materiales;m;EC;USD;;;;;;pendiente;por_verificar;no_confirmado;pendiente;Pendiente de investigación específica.
MT-BARRA-APOYO;Barra de apoyo de acero inoxidable para accesibilidad en baño.;materiales;ud;CO;COP;;;;;;pendiente;por_verificar;no_confirmado;pendiente;Pendiente de investigación específica.
MT-BARRA-APOYO;Barra de apoyo de acero inoxidable para accesibilidad en baño.;materiales;ud;PE;PEN;;;;;;pendiente;por_verificar;no_confirmado;pendiente;Pendiente de investigación específica.
MT-BARRA-APOYO;Barra de apoyo de acero inoxidable para accesibilidad en baño.;materiales;ud;MX;MXN;;;;;;pendiente;por_verificar;no_confirmado;pendiente;Pendiente de investigación específica.
MT-BARRA-APOYO;Barra de apoyo de acero inoxidable para accesibilidad en baño.;materiales;ud;EC;USD;;;;;;pendiente;por_verificar;no_confirmado;pendiente;Pendiente de investigación específica.
MT-ADOQUIN;Adoquín de concreto para pavimento exterior, con su cama de arena.;materiales;m2;CO;COP;;;;;;pendiente;por_verificar;no_confirmado;pendiente;Pendiente de investigación específica.
MT-ADOQUIN;Adoquín de concreto para pavimento exterior, con su cama de arena.;materiales;m2;PE;PEN;;;;;;pendiente;por_verificar;no_confirmado;pendiente;Pendiente de investigación específica.
MT-ADOQUIN;Adoquín de concreto para pavimento exterior, con su cama de arena.;materiales;m2;MX;MXN;;;;;;pendiente;por_verificar;no_confirmado;pendiente;Pendiente de investigación específica.
MT-ADOQUIN;Adoquín de concreto para pavimento exterior, con su cama de arena.;materiales;m2;EC;USD;;;;;;pendiente;por_verificar;no_confirmado;pendiente;Pendiente de investigación específica.
MT-GRAMA;Grama en panes o alfombra, puesta en obra.;materiales;m2;CO;COP;;;;;;pendiente;por_verificar;no_confirmado;pendiente;Pendiente de investigación específica.
MT-GRAMA;Grama en panes o alfombra, puesta en obra.;materiales;m2;PE;PEN;;;;;;pendiente;por_verificar;no_confirmado;pendiente;Pendiente de investigación específica.
MT-GRAMA;Grama en panes o alfombra, puesta en obra.;materiales;m2;MX;MXN;;;;;;pendiente;por_verificar;no_confirmado;pendiente;Pendiente de investigación específica.
MT-GRAMA;Grama en panes o alfombra, puesta en obra.;materiales;m2;EC;USD;;;;;;pendiente;por_verificar;no_confirmado;pendiente;Pendiente de investigación específica.
MT-TIERRA-ABON;Tierra abonada y sustrato para jardinería.;materiales;m3;CO;COP;;;;;;pendiente;por_verificar;no_confirmado;pendiente;Pendiente de investigación específica.
MT-TIERRA-ABON;Tierra abonada y sustrato para jardinería.;materiales;m3;PE;PEN;;;;;;pendiente;por_verificar;no_confirmado;pendiente;Pendiente de investigación específica.
MT-TIERRA-ABON;Tierra abonada y sustrato para jardinería.;materiales;m3;MX;MXN;;;;;;pendiente;por_verificar;no_confirmado;pendiente;Pendiente de investigación específica.
MT-TIERRA-ABON;Tierra abonada y sustrato para jardinería.;materiales;m3;EC;USD;;;;;;pendiente;por_verificar;no_confirmado;pendiente;Pendiente de investigación específica.
MT-TUB-RIEGO;Tubería de polietileno y accesorios para red de riego.;materiales;m;CO;COP;;;;;;pendiente;por_verificar;no_confirmado;pendiente;Pendiente de investigación específica.
MT-TUB-RIEGO;Tubería de polietileno y accesorios para red de riego.;materiales;m;PE;PEN;;;;;;pendiente;por_verificar;no_confirmado;pendiente;Pendiente de investigación específica.
MT-TUB-RIEGO;Tubería de polietileno y accesorios para red de riego.;materiales;m;MX;MXN;;;;;;pendiente;por_verificar;no_confirmado;pendiente;Pendiente de investigación específica.
MT-TUB-RIEGO;Tubería de polietileno y accesorios para red de riego.;materiales;m;EC;USD;;;;;;pendiente;por_verificar;no_confirmado;pendiente;Pendiente de investigación específica.
MT-ASPERSOR;Aspersor o gotero con su conexión a la red de riego.;materiales;ud;CO;COP;;;;;;pendiente;por_verificar;no_confirmado;pendiente;Pendiente de investigación específica.
MT-ASPERSOR;Aspersor o gotero con su conexión a la red de riego.;materiales;ud;PE;PEN;;;;;;pendiente;por_verificar;no_confirmado;pendiente;Pendiente de investigación específica.
MT-ASPERSOR;Aspersor o gotero con su conexión a la red de riego.;materiales;ud;MX;MXN;;;;;;pendiente;por_verificar;no_confirmado;pendiente;Pendiente de investigación específica.
MT-ASPERSOR;Aspersor o gotero con su conexión a la red de riego.;materiales;ud;EC;USD;;;;;;pendiente;por_verificar;no_confirmado;pendiente;Pendiente de investigación específica.
MT-CANAL-DREN;Canal de drenaje lineal prefabricado con su rejilla.;materiales;m;CO;COP;;;;;;pendiente;por_verificar;no_confirmado;pendiente;Pendiente de investigación específica.
MT-CANAL-DREN;Canal de drenaje lineal prefabricado con su rejilla.;materiales;m;PE;PEN;;;;;;pendiente;por_verificar;no_confirmado;pendiente;Pendiente de investigación específica.
MT-CANAL-DREN;Canal de drenaje lineal prefabricado con su rejilla.;materiales;m;MX;MXN;;;;;;pendiente;por_verificar;no_confirmado;pendiente;Pendiente de investigación específica.
MT-CANAL-DREN;Canal de drenaje lineal prefabricado con su rejilla.;materiales;m;EC;USD;;;;;;pendiente;por_verificar;no_confirmado;pendiente;Pendiente de investigación específica.
MT-CONTENEDOR;Alquiler mensual de contenedor de escombro, incluido su retiro y vaciado.;materiales;ud;CO;COP;;;;;;pendiente;por_verificar;no_confirmado;pendiente;Pendiente de investigación específica.
MT-CONTENEDOR;Alquiler mensual de contenedor de escombro, incluido su retiro y vaciado.;materiales;ud;PE;PEN;;;;;;pendiente;por_verificar;no_confirmado;pendiente;Pendiente de investigación específica.
MT-CONTENEDOR;Alquiler mensual de contenedor de escombro, incluido su retiro y vaciado.;materiales;ud;MX;MXN;;;;;;pendiente;por_verificar;no_confirmado;pendiente;Pendiente de investigación específica.
MT-CONTENEDOR;Alquiler mensual de contenedor de escombro, incluido su retiro y vaciado.;materiales;ud;EC;USD;;;;;;pendiente;por_verificar;no_confirmado;pendiente;Pendiente de investigación específica.
MT-CONS-LIMP;Consumibles de limpieza final: detergentes, desincrustantes, paños y bolsas.;materiales;m2;CO;COP;;;;;;pendiente;por_verificar;no_confirmado;pendiente;Pendiente de investigación específica.
MT-CONS-LIMP;Consumibles de limpieza final: detergentes, desincrustantes, paños y bolsas.;materiales;m2;PE;PEN;;;;;;pendiente;por_verificar;no_confirmado;pendiente;Pendiente de investigación específica.
MT-CONS-LIMP;Consumibles de limpieza final: detergentes, desincrustantes, paños y bolsas.;materiales;m2;MX;MXN;;;;;;pendiente;por_verificar;no_confirmado;pendiente;Pendiente de investigación específica.
MT-CONS-LIMP;Consumibles de limpieza final: detergentes, desincrustantes, paños y bolsas.;materiales;m2;EC;USD;;;;;;pendiente;por_verificar;no_confirmado;pendiente;Pendiente de investigación específica.
MT-BARANDA-PROV;Baranda provisional de borde con guardacuerpos, pasamanos y rodapié, amortizada por usos.;materiales;m;CO;COP;;;;;;pendiente;por_verificar;no_confirmado;pendiente;Pendiente de investigación específica.
MT-BARANDA-PROV;Baranda provisional de borde con guardacuerpos, pasamanos y rodapié, amortizada por usos.;materiales;m;PE;PEN;;;;;;pendiente;por_verificar;no_confirmado;pendiente;Pendiente de investigación específica.
MT-BARANDA-PROV;Baranda provisional de borde con guardacuerpos, pasamanos y rodapié, amortizada por usos.;materiales;m;MX;MXN;;;;;;pendiente;por_verificar;no_confirmado;pendiente;Pendiente de investigación específica.
MT-BARANDA-PROV;Baranda provisional de borde con guardacuerpos, pasamanos y rodapié, amortizada por usos.;materiales;m;EC;USD;;;;;;pendiente;por_verificar;no_confirmado;pendiente;Pendiente de investigación específica.
MT-RED-SEG;Red de seguridad de poliamida con sus cuerdas de atado, amortizada por usos.;materiales;m2;CO;COP;;;;;;pendiente;por_verificar;no_confirmado;pendiente;Pendiente de investigación específica.
MT-RED-SEG;Red de seguridad de poliamida con sus cuerdas de atado, amortizada por usos.;materiales;m2;PE;PEN;;;;;;pendiente;por_verificar;no_confirmado;pendiente;Pendiente de investigación específica.
MT-RED-SEG;Red de seguridad de poliamida con sus cuerdas de atado, amortizada por usos.;materiales;m2;MX;MXN;;;;;;pendiente;por_verificar;no_confirmado;pendiente;Pendiente de investigación específica.
MT-RED-SEG;Red de seguridad de poliamida con sus cuerdas de atado, amortizada por usos.;materiales;m2;EC;USD;;;;;;pendiente;por_verificar;no_confirmado;pendiente;Pendiente de investigación específica.
MT-LINEA-VIDA;Línea de vida horizontal con sus anclajes y absorbedor de energía.;materiales;m;CO;COP;;;;;;pendiente;por_verificar;no_confirmado;pendiente;Pendiente de investigación específica.
MT-LINEA-VIDA;Línea de vida horizontal con sus anclajes y absorbedor de energía.;materiales;m;PE;PEN;;;;;;pendiente;por_verificar;no_confirmado;pendiente;Pendiente de investigación específica.
MT-LINEA-VIDA;Línea de vida horizontal con sus anclajes y absorbedor de energía.;materiales;m;MX;MXN;;;;;;pendiente;por_verificar;no_confirmado;pendiente;Pendiente de investigación específica.
MT-LINEA-VIDA;Línea de vida horizontal con sus anclajes y absorbedor de energía.;materiales;m;EC;USD;;;;;;pendiente;por_verificar;no_confirmado;pendiente;Pendiente de investigación específica.
MT-EPP;Dotación de equipo de protección individual por trabajador: casco, botas, guantes, lentes y chaleco.;materiales;ud;CO;COP;;;;;;pendiente;por_verificar;no_confirmado;pendiente;Pendiente de investigación específica.
MT-EPP;Dotación de equipo de protección individual por trabajador: casco, botas, guantes, lentes y chaleco.;materiales;ud;PE;PEN;;;;;;pendiente;por_verificar;no_confirmado;pendiente;Pendiente de investigación específica.
MT-EPP;Dotación de equipo de protección individual por trabajador: casco, botas, guantes, lentes y chaleco.;materiales;ud;MX;MXN;;;;;;pendiente;por_verificar;no_confirmado;pendiente;Pendiente de investigación específica.
MT-EPP;Dotación de equipo de protección individual por trabajador: casco, botas, guantes, lentes y chaleco.;materiales;ud;EC;USD;;;;;;pendiente;por_verificar;no_confirmado;pendiente;Pendiente de investigación específica.
MT-ARNES;Arnés de cuerpo completo con eslinga y absorbedor, para trabajo en altura.;materiales;ud;CO;COP;;;;;;pendiente;por_verificar;no_confirmado;pendiente;Pendiente de investigación específica.
MT-ARNES;Arnés de cuerpo completo con eslinga y absorbedor, para trabajo en altura.;materiales;ud;PE;PEN;;;;;;pendiente;por_verificar;no_confirmado;pendiente;Pendiente de investigación específica.
MT-ARNES;Arnés de cuerpo completo con eslinga y absorbedor, para trabajo en altura.;materiales;ud;MX;MXN;;;;;;pendiente;por_verificar;no_confirmado;pendiente;Pendiente de investigación específica.
MT-ARNES;Arnés de cuerpo completo con eslinga y absorbedor, para trabajo en altura.;materiales;ud;EC;USD;;;;;;pendiente;por_verificar;no_confirmado;pendiente;Pendiente de investigación específica.
MT-BOTIQUIN;Botiquín de primeros auxilios de obra, dotado y con reposición.;materiales;ud;CO;COP;;;;;;pendiente;por_verificar;no_confirmado;pendiente;Pendiente de investigación específica.
MT-BOTIQUIN;Botiquín de primeros auxilios de obra, dotado y con reposición.;materiales;ud;PE;PEN;;;;;;pendiente;por_verificar;no_confirmado;pendiente;Pendiente de investigación específica.
MT-BOTIQUIN;Botiquín de primeros auxilios de obra, dotado y con reposición.;materiales;ud;MX;MXN;;;;;;pendiente;por_verificar;no_confirmado;pendiente;Pendiente de investigación específica.
MT-BOTIQUIN;Botiquín de primeros auxilios de obra, dotado y con reposición.;materiales;ud;EC;USD;;;;;;pendiente;por_verificar;no_confirmado;pendiente;Pendiente de investigación específica.
MT-CASETA-BIEN;Adecuación de zona de vestuario y comedor de obra, con mobiliario básico.;materiales;ud;CO;COP;;;;;;pendiente;por_verificar;no_confirmado;pendiente;Pendiente de investigación específica.
MT-CASETA-BIEN;Adecuación de zona de vestuario y comedor de obra, con mobiliario básico.;materiales;ud;PE;PEN;;;;;;pendiente;por_verificar;no_confirmado;pendiente;Pendiente de investigación específica.
MT-CASETA-BIEN;Adecuación de zona de vestuario y comedor de obra, con mobiliario básico.;materiales;ud;MX;MXN;;;;;;pendiente;por_verificar;no_confirmado;pendiente;Pendiente de investigación específica.
MT-CASETA-BIEN;Adecuación de zona de vestuario y comedor de obra, con mobiliario básico.;materiales;ud;EC;USD;;;;;;pendiente;por_verificar;no_confirmado;pendiente;Pendiente de investigación específica.
MT-BLQ-EST-15;Bloque de concreto estructural de 15x20x40 cm, de resistencia certificada.;materiales;ud;CO;COP;;;;;;pendiente;por_verificar;no_confirmado;pendiente;Pendiente de investigación específica.
MT-BLQ-EST-15;Bloque de concreto estructural de 15x20x40 cm, de resistencia certificada.;materiales;ud;PE;PEN;;;;;;pendiente;por_verificar;no_confirmado;pendiente;Pendiente de investigación específica.
MT-BLQ-EST-15;Bloque de concreto estructural de 15x20x40 cm, de resistencia certificada.;materiales;ud;MX;MXN;;;;;;pendiente;por_verificar;no_confirmado;pendiente;Pendiente de investigación específica.
MT-BLQ-EST-15;Bloque de concreto estructural de 15x20x40 cm, de resistencia certificada.;materiales;ud;EC;USD;;;;;;pendiente;por_verificar;no_confirmado;pendiente;Pendiente de investigación específica.
MT-BLQ-EST-20;Bloque de concreto estructural de 20x20x40 cm, de resistencia certificada.;materiales;ud;CO;COP;;;;;;pendiente;por_verificar;no_confirmado;pendiente;Pendiente de investigación específica.
MT-BLQ-EST-20;Bloque de concreto estructural de 20x20x40 cm, de resistencia certificada.;materiales;ud;PE;PEN;;;;;;pendiente;por_verificar;no_confirmado;pendiente;Pendiente de investigación específica.
MT-BLQ-EST-20;Bloque de concreto estructural de 20x20x40 cm, de resistencia certificada.;materiales;ud;MX;MXN;;;;;;pendiente;por_verificar;no_confirmado;pendiente;Pendiente de investigación específica.
MT-BLQ-EST-20;Bloque de concreto estructural de 20x20x40 cm, de resistencia certificada.;materiales;ud;EC;USD;;;;;;pendiente;por_verificar;no_confirmado;pendiente;Pendiente de investigación específica.
MT-MORT-EST;Mortero de pega de resistencia controlada para mampostería estructural, elaborado en obra, dosificación 1:3.;materiales;m3;CO;COP;;;;;;pendiente;por_verificar;no_confirmado;pendiente;Pendiente de investigación específica.
MT-MORT-EST;Mortero de pega de resistencia controlada para mampostería estructural, elaborado en obra, dosificación 1:3.;materiales;m3;PE;PEN;;;;;;pendiente;por_verificar;no_confirmado;pendiente;Pendiente de investigación específica.
MT-MORT-EST;Mortero de pega de resistencia controlada para mampostería estructural, elaborado en obra, dosificación 1:3.;materiales;m3;MX;MXN;;;;;;pendiente;por_verificar;no_confirmado;pendiente;Pendiente de investigación específica.
MT-MORT-EST;Mortero de pega de resistencia controlada para mampostería estructural, elaborado en obra, dosificación 1:3.;materiales;m3;EC;USD;;;;;;pendiente;por_verificar;no_confirmado;pendiente;Pendiente de investigación específica.
MT-GROUT-CELDA;Concreto fluido de relleno de celdas para mampostería estructural.;materiales;m3;CO;COP;;;;;;pendiente;por_verificar;no_confirmado;pendiente;Pendiente de investigación específica.
MT-GROUT-CELDA;Concreto fluido de relleno de celdas para mampostería estructural.;materiales;m3;PE;PEN;;;;;;pendiente;por_verificar;no_confirmado;pendiente;Pendiente de investigación específica.
MT-GROUT-CELDA;Concreto fluido de relleno de celdas para mampostería estructural.;materiales;m3;MX;MXN;;;;;;pendiente;por_verificar;no_confirmado;pendiente;Pendiente de investigación específica.
MT-GROUT-CELDA;Concreto fluido de relleno de celdas para mampostería estructural.;materiales;m3;EC;USD;;;;;;pendiente;por_verificar;no_confirmado;pendiente;Pendiente de investigación específica.
MT-ESCALERILLA;Escalerilla o junta de refuerzo horizontal para mampostería.;materiales;m;CO;COP;;;;;;pendiente;por_verificar;no_confirmado;pendiente;Pendiente de investigación específica.
MT-ESCALERILLA;Escalerilla o junta de refuerzo horizontal para mampostería.;materiales;m;PE;PEN;;;;;;pendiente;por_verificar;no_confirmado;pendiente;Pendiente de investigación específica.
MT-ESCALERILLA;Escalerilla o junta de refuerzo horizontal para mampostería.;materiales;m;MX;MXN;;;;;;pendiente;por_verificar;no_confirmado;pendiente;Pendiente de investigación específica.
MT-ESCALERILLA;Escalerilla o junta de refuerzo horizontal para mampostería.;materiales;m;EC;USD;;;;;;pendiente;por_verificar;no_confirmado;pendiente;Pendiente de investigación específica.
MT-CAJON-PERS;Cajón de persiana prefabricado aislado, con su tapa registrable.;materiales;m;CO;COP;;;;;;pendiente;por_verificar;no_confirmado;pendiente;Pendiente de investigación específica.
MT-CAJON-PERS;Cajón de persiana prefabricado aislado, con su tapa registrable.;materiales;m;PE;PEN;;;;;;pendiente;por_verificar;no_confirmado;pendiente;Pendiente de investigación específica.
MT-CAJON-PERS;Cajón de persiana prefabricado aislado, con su tapa registrable.;materiales;m;MX;MXN;;;;;;pendiente;por_verificar;no_confirmado;pendiente;Pendiente de investigación específica.
MT-CAJON-PERS;Cajón de persiana prefabricado aislado, con su tapa registrable.;materiales;m;EC;USD;;;;;;pendiente;por_verificar;no_confirmado;pendiente;Pendiente de investigación específica.
MT-MAMPARA-OFI;Sistema de mampara divisoria de oficina, con perfilería, paneles y juntas.;materiales;m2;CO;COP;;;;;;pendiente;por_verificar;no_confirmado;pendiente;Pendiente de investigación específica.
MT-MAMPARA-OFI;Sistema de mampara divisoria de oficina, con perfilería, paneles y juntas.;materiales;m2;PE;PEN;;;;;;pendiente;por_verificar;no_confirmado;pendiente;Pendiente de investigación específica.
MT-MAMPARA-OFI;Sistema de mampara divisoria de oficina, con perfilería, paneles y juntas.;materiales;m2;MX;MXN;;;;;;pendiente;por_verificar;no_confirmado;pendiente;Pendiente de investigación específica.
MT-MAMPARA-OFI;Sistema de mampara divisoria de oficina, con perfilería, paneles y juntas.;materiales;m2;EC;USD;;;;;;pendiente;por_verificar;no_confirmado;pendiente;Pendiente de investigación específica.
MT-TABIQUE-MOVIL;Sistema de tabique móvil o plegable, con paneles, riel y herrajes.;materiales;m2;CO;COP;;;;;;pendiente;por_verificar;no_confirmado;pendiente;Pendiente de investigación específica.
MT-TABIQUE-MOVIL;Sistema de tabique móvil o plegable, con paneles, riel y herrajes.;materiales;m2;PE;PEN;;;;;;pendiente;por_verificar;no_confirmado;pendiente;Pendiente de investigación específica.
MT-TABIQUE-MOVIL;Sistema de tabique móvil o plegable, con paneles, riel y herrajes.;materiales;m2;MX;MXN;;;;;;pendiente;por_verificar;no_confirmado;pendiente;Pendiente de investigación específica.
MT-TABIQUE-MOVIL;Sistema de tabique móvil o plegable, con paneles, riel y herrajes.;materiales;m2;EC;USD;;;;;;pendiente;por_verificar;no_confirmado;pendiente;Pendiente de investigación específica.
MT-HIDROFUG-FACH;Hidrofugante incoloro de impregnación para protección de fachadas.;materiales;l;CO;COP;;;;;;pendiente;por_verificar;no_confirmado;pendiente;Pendiente de investigación específica.
MT-HIDROFUG-FACH;Hidrofugante incoloro de impregnación para protección de fachadas.;materiales;l;PE;PEN;;;;;;pendiente;por_verificar;no_confirmado;pendiente;Pendiente de investigación específica.
MT-HIDROFUG-FACH;Hidrofugante incoloro de impregnación para protección de fachadas.;materiales;l;MX;MXN;;;;;;pendiente;por_verificar;no_confirmado;pendiente;Pendiente de investigación específica.
MT-HIDROFUG-FACH;Hidrofugante incoloro de impregnación para protección de fachadas.;materiales;l;EC;USD;;;;;;pendiente;por_verificar;no_confirmado;pendiente;Pendiente de investigación específica.
MT-FUNGICIDA;Solución fungicida y algicida para tratamiento de moho y verdín en fachadas.;materiales;l;CO;COP;;;;;;pendiente;por_verificar;no_confirmado;pendiente;Pendiente de investigación específica.
MT-FUNGICIDA;Solución fungicida y algicida para tratamiento de moho y verdín en fachadas.;materiales;l;PE;PEN;;;;;;pendiente;por_verificar;no_confirmado;pendiente;Pendiente de investigación específica.
MT-FUNGICIDA;Solución fungicida y algicida para tratamiento de moho y verdín en fachadas.;materiales;l;MX;MXN;;;;;;pendiente;por_verificar;no_confirmado;pendiente;Pendiente de investigación específica.
MT-FUNGICIDA;Solución fungicida y algicida para tratamiento de moho y verdín en fachadas.;materiales;l;EC;USD;;;;;;pendiente;por_verificar;no_confirmado;pendiente;Pendiente de investigación específica.
MT-LIMP-QUIM;Limpiador químico específico para fachadas, según el tipo de soporte y de mancha.;materiales;l;CO;COP;;;;;;pendiente;por_verificar;no_confirmado;pendiente;Pendiente de investigación específica.
MT-LIMP-QUIM;Limpiador químico específico para fachadas, según el tipo de soporte y de mancha.;materiales;l;PE;PEN;;;;;;pendiente;por_verificar;no_confirmado;pendiente;Pendiente de investigación específica.
MT-LIMP-QUIM;Limpiador químico específico para fachadas, según el tipo de soporte y de mancha.;materiales;l;MX;MXN;;;;;;pendiente;por_verificar;no_confirmado;pendiente;Pendiente de investigación específica.
MT-LIMP-QUIM;Limpiador químico específico para fachadas, según el tipo de soporte y de mancha.;materiales;l;EC;USD;;;;;;pendiente;por_verificar;no_confirmado;pendiente;Pendiente de investigación específica.
MT-BLQ-12;Bloque de concreto hueco de 12x20x40 cm.;materiales;ud;CO;COP;;;;;;pendiente;por_verificar;no_confirmado;pendiente;Pendiente de investigación específica.
MT-BLQ-12;Bloque de concreto hueco de 12x20x40 cm.;materiales;ud;PE;PEN;;;;;;pendiente;por_verificar;no_confirmado;pendiente;Pendiente de investigación específica.
MT-BLQ-12;Bloque de concreto hueco de 12x20x40 cm.;materiales;ud;MX;MXN;;;;;;pendiente;por_verificar;no_confirmado;pendiente;Pendiente de investigación específica.
MT-BLQ-12;Bloque de concreto hueco de 12x20x40 cm.;materiales;ud;EC;USD;;;;;;pendiente;por_verificar;no_confirmado;pendiente;Pendiente de investigación específica.
MT-STEELDECK;Lámina colaborante de acero galvanizado tipo steel deck para losa mixta.;materiales;m2;CO;COP;;;;;;pendiente;por_verificar;no_confirmado;pendiente;Pendiente de investigación específica.
MT-STEELDECK;Lámina colaborante de acero galvanizado tipo steel deck para losa mixta.;materiales;m2;PE;PEN;;;;;;pendiente;por_verificar;no_confirmado;pendiente;Pendiente de investigación específica.
MT-STEELDECK;Lámina colaborante de acero galvanizado tipo steel deck para losa mixta.;materiales;m2;MX;MXN;;;;;;pendiente;por_verificar;no_confirmado;pendiente;Pendiente de investigación específica.
MT-STEELDECK;Lámina colaborante de acero galvanizado tipo steel deck para losa mixta.;materiales;m2;EC;USD;;;;;;pendiente;por_verificar;no_confirmado;pendiente;Pendiente de investigación específica.
MT-CONECTOR-CORTE;Conector de cortante soldable para losa mixta sobre estructura metálica.;materiales;ud;CO;COP;;;;;;pendiente;por_verificar;no_confirmado;pendiente;Pendiente de investigación específica.
MT-CONECTOR-CORTE;Conector de cortante soldable para losa mixta sobre estructura metálica.;materiales;ud;PE;PEN;;;;;;pendiente;por_verificar;no_confirmado;pendiente;Pendiente de investigación específica.
MT-CONECTOR-CORTE;Conector de cortante soldable para losa mixta sobre estructura metálica.;materiales;ud;MX;MXN;;;;;;pendiente;por_verificar;no_confirmado;pendiente;Pendiente de investigación específica.
MT-CONECTOR-CORTE;Conector de cortante soldable para losa mixta sobre estructura metálica.;materiales;ud;EC;USD;;;;;;pendiente;por_verificar;no_confirmado;pendiente;Pendiente de investigación específica.
MT-DOMO;Domo o claraboya de policarbonato o acrílico con su zócalo y herrajes.;materiales;ud;CO;COP;;;;;;pendiente;por_verificar;no_confirmado;pendiente;Pendiente de investigación específica.
MT-DOMO;Domo o claraboya de policarbonato o acrílico con su zócalo y herrajes.;materiales;ud;PE;PEN;;;;;;pendiente;por_verificar;no_confirmado;pendiente;Pendiente de investigación específica.
MT-DOMO;Domo o claraboya de policarbonato o acrílico con su zócalo y herrajes.;materiales;ud;MX;MXN;;;;;;pendiente;por_verificar;no_confirmado;pendiente;Pendiente de investigación específica.
MT-DOMO;Domo o claraboya de policarbonato o acrílico con su zócalo y herrajes.;materiales;ud;EC;USD;;;;;;pendiente;por_verificar;no_confirmado;pendiente;Pendiente de investigación específica.
MT-CELOSIA;Celosía o romanilla de aluminio para ventilación, con su marco.;materiales;m2;CO;COP;;;;;;pendiente;por_verificar;no_confirmado;pendiente;Pendiente de investigación específica.
MT-CELOSIA;Celosía o romanilla de aluminio para ventilación, con su marco.;materiales;m2;PE;PEN;;;;;;pendiente;por_verificar;no_confirmado;pendiente;Pendiente de investigación específica.
MT-CELOSIA;Celosía o romanilla de aluminio para ventilación, con su marco.;materiales;m2;MX;MXN;;;;;;pendiente;por_verificar;no_confirmado;pendiente;Pendiente de investigación específica.
MT-CELOSIA;Celosía o romanilla de aluminio para ventilación, con su marco.;materiales;m2;EC;USD;;;;;;pendiente;por_verificar;no_confirmado;pendiente;Pendiente de investigación específica.
MT-PANEL-PVC-BANO;Panel de PVC o composite para revestimiento de paredes de baño, con sus perfiles.;materiales;m2;CO;COP;;;;;;pendiente;por_verificar;no_confirmado;pendiente;Pendiente de investigación específica.
MT-PANEL-PVC-BANO;Panel de PVC o composite para revestimiento de paredes de baño, con sus perfiles.;materiales;m2;PE;PEN;;;;;;pendiente;por_verificar;no_confirmado;pendiente;Pendiente de investigación específica.
MT-PANEL-PVC-BANO;Panel de PVC o composite para revestimiento de paredes de baño, con sus perfiles.;materiales;m2;MX;MXN;;;;;;pendiente;por_verificar;no_confirmado;pendiente;Pendiente de investigación específica.
MT-PANEL-PVC-BANO;Panel de PVC o composite para revestimiento de paredes de baño, con sus perfiles.;materiales;m2;EC;USD;;;;;;pendiente;por_verificar;no_confirmado;pendiente;Pendiente de investigación específica.
MT-TRAMPA-GRASA;Trampa de grasa prefabricada con su tapa y conexiones.;materiales;ud;CO;COP;;;;;;pendiente;por_verificar;no_confirmado;pendiente;Pendiente de investigación específica.
MT-TRAMPA-GRASA;Trampa de grasa prefabricada con su tapa y conexiones.;materiales;ud;PE;PEN;;;;;;pendiente;por_verificar;no_confirmado;pendiente;Pendiente de investigación específica.
MT-TRAMPA-GRASA;Trampa de grasa prefabricada con su tapa y conexiones.;materiales;ud;MX;MXN;;;;;;pendiente;por_verificar;no_confirmado;pendiente;Pendiente de investigación específica.
MT-TRAMPA-GRASA;Trampa de grasa prefabricada con su tapa y conexiones.;materiales;ud;EC;USD;;;;;;pendiente;por_verificar;no_confirmado;pendiente;Pendiente de investigación específica.
MT-TIMBRE;Timbre con su pulsador y transformador.;materiales;ud;CO;COP;;;;;;pendiente;por_verificar;no_confirmado;pendiente;Pendiente de investigación específica.
MT-TIMBRE;Timbre con su pulsador y transformador.;materiales;ud;PE;PEN;;;;;;pendiente;por_verificar;no_confirmado;pendiente;Pendiente de investigación específica.
MT-TIMBRE;Timbre con su pulsador y transformador.;materiales;ud;MX;MXN;;;;;;pendiente;por_verificar;no_confirmado;pendiente;Pendiente de investigación específica.
MT-TIMBRE;Timbre con su pulsador y transformador.;materiales;ud;EC;USD;;;;;;pendiente;por_verificar;no_confirmado;pendiente;Pendiente de investigación específica.
MT-PINT-TRAFICO;Pintura de tráfico para demarcación de pisos y estacionamientos.;materiales;l;CO;COP;;;;;;pendiente;por_verificar;no_confirmado;pendiente;Pendiente de investigación específica.
MT-PINT-TRAFICO;Pintura de tráfico para demarcación de pisos y estacionamientos.;materiales;l;PE;PEN;;;;;;pendiente;por_verificar;no_confirmado;pendiente;Pendiente de investigación específica.
MT-PINT-TRAFICO;Pintura de tráfico para demarcación de pisos y estacionamientos.;materiales;l;MX;MXN;;;;;;pendiente;por_verificar;no_confirmado;pendiente;Pendiente de investigación específica.
MT-PINT-TRAFICO;Pintura de tráfico para demarcación de pisos y estacionamientos.;materiales;l;EC;USD;;;;;;pendiente;por_verificar;no_confirmado;pendiente;Pendiente de investigación específica.
MT-PERFIL-CORTINERO;Riel de cortinero con sus soportes y accesorios.;materiales;m;CO;COP;;;;;;pendiente;por_verificar;no_confirmado;pendiente;Pendiente de investigación específica.
MT-PERFIL-CORTINERO;Riel de cortinero con sus soportes y accesorios.;materiales;m;PE;PEN;;;;;;pendiente;por_verificar;no_confirmado;pendiente;Pendiente de investigación específica.
MT-PERFIL-CORTINERO;Riel de cortinero con sus soportes y accesorios.;materiales;m;MX;MXN;;;;;;pendiente;por_verificar;no_confirmado;pendiente;Pendiente de investigación específica.
MT-PERFIL-CORTINERO;Riel de cortinero con sus soportes y accesorios.;materiales;m;EC;USD;;;;;;pendiente;por_verificar;no_confirmado;pendiente;Pendiente de investigación específica.
MT-SELLA-FISURA;Sellador elástico de fisuras en base a poliuretano o acrílico para exteriores.;materiales;kg;CO;COP;;;;;;pendiente;por_verificar;no_confirmado;pendiente;Pendiente de investigación específica.
MT-SELLA-FISURA;Sellador elástico de fisuras en base a poliuretano o acrílico para exteriores.;materiales;kg;PE;PEN;;;;;;pendiente;por_verificar;no_confirmado;pendiente;Pendiente de investigación específica.
MT-SELLA-FISURA;Sellador elástico de fisuras en base a poliuretano o acrílico para exteriores.;materiales;kg;MX;MXN;;;;;;pendiente;por_verificar;no_confirmado;pendiente;Pendiente de investigación específica.
MT-SELLA-FISURA;Sellador elástico de fisuras en base a poliuretano o acrílico para exteriores.;materiales;kg;EC;USD;;;;;;pendiente;por_verificar;no_confirmado;pendiente;Pendiente de investigación específica.
MT-QUIMICO-LIMP-AC;Producto químico espumante para limpieza de serpentines de climatización.;materiales;ud;CO;COP;;;;;;pendiente;por_verificar;no_confirmado;pendiente;Pendiente de investigación específica.
MT-QUIMICO-LIMP-AC;Producto químico espumante para limpieza de serpentines de climatización.;materiales;ud;PE;PEN;;;;;;pendiente;por_verificar;no_confirmado;pendiente;Pendiente de investigación específica.
MT-QUIMICO-LIMP-AC;Producto químico espumante para limpieza de serpentines de climatización.;materiales;ud;MX;MXN;;;;;;pendiente;por_verificar;no_confirmado;pendiente;Pendiente de investigación específica.
MT-QUIMICO-LIMP-AC;Producto químico espumante para limpieza de serpentines de climatización.;materiales;ud;EC;USD;;;;;;pendiente;por_verificar;no_confirmado;pendiente;Pendiente de investigación específica.
MT-REJILLA-VENT;Rejilla de ventilación con marco y malla antiinsectos.;materiales;ud;CO;COP;;;;;;pendiente;por_verificar;no_confirmado;pendiente;Pendiente de investigación específica.
MT-REJILLA-VENT;Rejilla de ventilación con marco y malla antiinsectos.;materiales;ud;PE;PEN;;;;;;pendiente;por_verificar;no_confirmado;pendiente;Pendiente de investigación específica.
MT-REJILLA-VENT;Rejilla de ventilación con marco y malla antiinsectos.;materiales;ud;MX;MXN;;;;;;pendiente;por_verificar;no_confirmado;pendiente;Pendiente de investigación específica.
MT-REJILLA-VENT;Rejilla de ventilación con marco y malla antiinsectos.;materiales;ud;EC;USD;;;;;;pendiente;por_verificar;no_confirmado;pendiente;Pendiente de investigación específica.
MT-MADERA-PERGOLA;Viga y listón de madera tratada para pérgola exterior.;materiales;m;CO;COP;;;;;;pendiente;por_verificar;no_confirmado;pendiente;Pendiente de investigación específica.
MT-MADERA-PERGOLA;Viga y listón de madera tratada para pérgola exterior.;materiales;m;PE;PEN;;;;;;pendiente;por_verificar;no_confirmado;pendiente;Pendiente de investigación específica.
MT-MADERA-PERGOLA;Viga y listón de madera tratada para pérgola exterior.;materiales;m;MX;MXN;;;;;;pendiente;por_verificar;no_confirmado;pendiente;Pendiente de investigación específica.
MT-MADERA-PERGOLA;Viga y listón de madera tratada para pérgola exterior.;materiales;m;EC;USD;;;;;;pendiente;por_verificar;no_confirmado;pendiente;Pendiente de investigación específica.
MT-PARARRAYOS-PDA;Pararrayos con dispositivo de cebado (PDA), con su cabeza captadora, mástil de acero galvanizado y piezas de fijación y conexión. El precio no incluye el mástil de gran altura ni la estructura de soporte sobre cubierta.;materiales;ud;CO;COP;;;;;;pendiente;por_verificar;no_confirmado;pendiente;Pendiente de investigación específica.
MT-PARARRAYOS-PDA;Pararrayos con dispositivo de cebado (PDA), con su cabeza captadora, mástil de acero galvanizado y piezas de fijación y conexión. El precio no incluye el mástil de gran altura ni la estructura de soporte sobre cubierta.;materiales;ud;PE;PEN;;;;;;pendiente;por_verificar;no_confirmado;pendiente;Pendiente de investigación específica.
MT-PARARRAYOS-PDA;Pararrayos con dispositivo de cebado (PDA), con su cabeza captadora, mástil de acero galvanizado y piezas de fijación y conexión. El precio no incluye el mástil de gran altura ni la estructura de soporte sobre cubierta.;materiales;ud;MX;MXN;;;;;;pendiente;por_verificar;no_confirmado;pendiente;Pendiente de investigación específica.
MT-PARARRAYOS-PDA;Pararrayos con dispositivo de cebado (PDA), con su cabeza captadora, mástil de acero galvanizado y piezas de fijación y conexión. El precio no incluye el mástil de gran altura ni la estructura de soporte sobre cubierta.;materiales;ud;EC;USD;;;;;;pendiente;por_verificar;no_confirmado;pendiente;Pendiente de investigación específica.
MT-PARARRAYOS-PUNTA;Pararrayos tipo Franklin de punta simple, con su soporte corto y piezas de conexión a la bajante.;materiales;ud;CO;COP;;;;;;pendiente;por_verificar;no_confirmado;pendiente;Pendiente de investigación específica.
MT-PARARRAYOS-PUNTA;Pararrayos tipo Franklin de punta simple, con su soporte corto y piezas de conexión a la bajante.;materiales;ud;PE;PEN;;;;;;pendiente;por_verificar;no_confirmado;pendiente;Pendiente de investigación específica.
MT-PARARRAYOS-PUNTA;Pararrayos tipo Franklin de punta simple, con su soporte corto y piezas de conexión a la bajante.;materiales;ud;MX;MXN;;;;;;pendiente;por_verificar;no_confirmado;pendiente;Pendiente de investigación específica.
MT-PARARRAYOS-PUNTA;Pararrayos tipo Franklin de punta simple, con su soporte corto y piezas de conexión a la bajante.;materiales;ud;EC;USD;;;;;;pendiente;por_verificar;no_confirmado;pendiente;Pendiente de investigación específica.
MT-CABLE-COBRE-DESN;Cable de cobre desnudo de 35 mm2 para captación y bajante de protección contra rayos, con sus grapas de fijación.;materiales;m;CO;COP;;;;;;pendiente;por_verificar;no_confirmado;pendiente;Pendiente de investigación específica.
MT-CABLE-COBRE-DESN;Cable de cobre desnudo de 35 mm2 para captación y bajante de protección contra rayos, con sus grapas de fijación.;materiales;m;PE;PEN;;;;;;pendiente;por_verificar;no_confirmado;pendiente;Pendiente de investigación específica.
MT-CABLE-COBRE-DESN;Cable de cobre desnudo de 35 mm2 para captación y bajante de protección contra rayos, con sus grapas de fijación.;materiales;m;MX;MXN;;;;;;pendiente;por_verificar;no_confirmado;pendiente;Pendiente de investigación específica.
MT-CABLE-COBRE-DESN;Cable de cobre desnudo de 35 mm2 para captación y bajante de protección contra rayos, con sus grapas de fijación.;materiales;m;EC;USD;;;;;;pendiente;por_verificar;no_confirmado;pendiente;Pendiente de investigación específica.
MT-CONT-DESCARGAS;Contador de descargas con su mando de comprobación, intercalado en la bajante del sistema de protección.;materiales;ud;CO;COP;;;;;;pendiente;por_verificar;no_confirmado;pendiente;Pendiente de investigación específica.
MT-CONT-DESCARGAS;Contador de descargas con su mando de comprobación, intercalado en la bajante del sistema de protección.;materiales;ud;PE;PEN;;;;;;pendiente;por_verificar;no_confirmado;pendiente;Pendiente de investigación específica.
MT-CONT-DESCARGAS;Contador de descargas con su mando de comprobación, intercalado en la bajante del sistema de protección.;materiales;ud;MX;MXN;;;;;;pendiente;por_verificar;no_confirmado;pendiente;Pendiente de investigación específica.
MT-CONT-DESCARGAS;Contador de descargas con su mando de comprobación, intercalado en la bajante del sistema de protección.;materiales;ud;EC;USD;;;;;;pendiente;por_verificar;no_confirmado;pendiente;Pendiente de investigación específica.
MT-DPS-1;Protector contra sobretensiones transitorias tipo 1 (clase I), para montaje en el tablero principal o la acometida.;materiales;ud;CO;COP;;;;;;pendiente;por_verificar;no_confirmado;pendiente;Pendiente de investigación específica.
MT-DPS-1;Protector contra sobretensiones transitorias tipo 1 (clase I), para montaje en el tablero principal o la acometida.;materiales;ud;PE;PEN;;;;;;pendiente;por_verificar;no_confirmado;pendiente;Pendiente de investigación específica.
MT-DPS-1;Protector contra sobretensiones transitorias tipo 1 (clase I), para montaje en el tablero principal o la acometida.;materiales;ud;MX;MXN;;;;;;pendiente;por_verificar;no_confirmado;pendiente;Pendiente de investigación específica.
MT-DPS-1;Protector contra sobretensiones transitorias tipo 1 (clase I), para montaje en el tablero principal o la acometida.;materiales;ud;EC;USD;;;;;;pendiente;por_verificar;no_confirmado;pendiente;Pendiente de investigación específica.
MT-DPS-2;Protector contra sobretensiones transitorias tipo 2 (clase II), para montaje en tablero secundario de distribución.;materiales;ud;CO;COP;;;;;;pendiente;por_verificar;no_confirmado;pendiente;Pendiente de investigación específica.
MT-DPS-2;Protector contra sobretensiones transitorias tipo 2 (clase II), para montaje en tablero secundario de distribución.;materiales;ud;PE;PEN;;;;;;pendiente;por_verificar;no_confirmado;pendiente;Pendiente de investigación específica.
MT-DPS-2;Protector contra sobretensiones transitorias tipo 2 (clase II), para montaje en tablero secundario de distribución.;materiales;ud;MX;MXN;;;;;;pendiente;por_verificar;no_confirmado;pendiente;Pendiente de investigación específica.
MT-DPS-2;Protector contra sobretensiones transitorias tipo 2 (clase II), para montaje en tablero secundario de distribución.;materiales;ud;EC;USD;;;;;;pendiente;por_verificar;no_confirmado;pendiente;Pendiente de investigación específica.
MT-DPS-3;Protector contra sobretensiones tipo 3 (clase III), supresor para equipos electrónicos sensibles.;materiales;ud;CO;COP;;;;;;pendiente;por_verificar;no_confirmado;pendiente;Pendiente de investigación específica.
MT-DPS-3;Protector contra sobretensiones tipo 3 (clase III), supresor para equipos electrónicos sensibles.;materiales;ud;PE;PEN;;;;;;pendiente;por_verificar;no_confirmado;pendiente;Pendiente de investigación específica.
MT-DPS-3;Protector contra sobretensiones tipo 3 (clase III), supresor para equipos electrónicos sensibles.;materiales;ud;MX;MXN;;;;;;pendiente;por_verificar;no_confirmado;pendiente;Pendiente de investigación específica.
MT-DPS-3;Protector contra sobretensiones tipo 3 (clase III), supresor para equipos electrónicos sensibles.;materiales;ud;EC;USD;;;;;;pendiente;por_verificar;no_confirmado;pendiente;Pendiente de investigación específica.
MT-DPS-DATOS;Protector contra sobretensiones para línea de datos y telecomunicaciones, con su conexión a tierra.;materiales;ud;CO;COP;;;;;;pendiente;por_verificar;no_confirmado;pendiente;Pendiente de investigación específica.
MT-DPS-DATOS;Protector contra sobretensiones para línea de datos y telecomunicaciones, con su conexión a tierra.;materiales;ud;PE;PEN;;;;;;pendiente;por_verificar;no_confirmado;pendiente;Pendiente de investigación específica.
MT-DPS-DATOS;Protector contra sobretensiones para línea de datos y telecomunicaciones, con su conexión a tierra.;materiales;ud;MX;MXN;;;;;;pendiente;por_verificar;no_confirmado;pendiente;Pendiente de investigación específica.
MT-DPS-DATOS;Protector contra sobretensiones para línea de datos y telecomunicaciones, con su conexión a tierra.;materiales;ud;EC;USD;;;;;;pendiente;por_verificar;no_confirmado;pendiente;Pendiente de investigación específica.
MT-DOM-CENTRAL;Central domótica o controlador principal, con su fuente de alimentación y el software de configuración. El precio no incluye los módulos de actuación ni los sensores periféricos.;materiales;ud;CO;COP;;;;;;pendiente;por_verificar;no_confirmado;pendiente;Pendiente de investigación específica.
MT-DOM-CENTRAL;Central domótica o controlador principal, con su fuente de alimentación y el software de configuración. El precio no incluye los módulos de actuación ni los sensores periféricos.;materiales;ud;PE;PEN;;;;;;pendiente;por_verificar;no_confirmado;pendiente;Pendiente de investigación específica.
MT-DOM-CENTRAL;Central domótica o controlador principal, con su fuente de alimentación y el software de configuración. El precio no incluye los módulos de actuación ni los sensores periféricos.;materiales;ud;MX;MXN;;;;;;pendiente;por_verificar;no_confirmado;pendiente;Pendiente de investigación específica.
MT-DOM-CENTRAL;Central domótica o controlador principal, con su fuente de alimentación y el software de configuración. El precio no incluye los módulos de actuación ni los sensores periféricos.;materiales;ud;EC;USD;;;;;;pendiente;por_verificar;no_confirmado;pendiente;Pendiente de investigación específica.
MT-DOM-PASARELA;Pasarela de comunicación que integra protocolos de distintos fabricantes (Zigbee, Z-Wave, WiFi, bus cableado) con la central domótica.;materiales;ud;CO;COP;;;;;;pendiente;por_verificar;no_confirmado;pendiente;Pendiente de investigación específica.
MT-DOM-PASARELA;Pasarela de comunicación que integra protocolos de distintos fabricantes (Zigbee, Z-Wave, WiFi, bus cableado) con la central domótica.;materiales;ud;PE;PEN;;;;;;pendiente;por_verificar;no_confirmado;pendiente;Pendiente de investigación específica.
MT-DOM-PASARELA;Pasarela de comunicación que integra protocolos de distintos fabricantes (Zigbee, Z-Wave, WiFi, bus cableado) con la central domótica.;materiales;ud;MX;MXN;;;;;;pendiente;por_verificar;no_confirmado;pendiente;Pendiente de investigación específica.
MT-DOM-PASARELA;Pasarela de comunicación que integra protocolos de distintos fabricantes (Zigbee, Z-Wave, WiFi, bus cableado) con la central domótica.;materiales;ud;EC;USD;;;;;;pendiente;por_verificar;no_confirmado;pendiente;Pendiente de investigación específica.
MT-DOM-REPETIDOR;Repetidor o extensor de señal inalámbrica para ampliar la cobertura de la red domótica.;materiales;ud;CO;COP;;;;;;pendiente;por_verificar;no_confirmado;pendiente;Pendiente de investigación específica.
MT-DOM-REPETIDOR;Repetidor o extensor de señal inalámbrica para ampliar la cobertura de la red domótica.;materiales;ud;PE;PEN;;;;;;pendiente;por_verificar;no_confirmado;pendiente;Pendiente de investigación específica.
MT-DOM-REPETIDOR;Repetidor o extensor de señal inalámbrica para ampliar la cobertura de la red domótica.;materiales;ud;MX;MXN;;;;;;pendiente;por_verificar;no_confirmado;pendiente;Pendiente de investigación específica.
MT-DOM-REPETIDOR;Repetidor o extensor de señal inalámbrica para ampliar la cobertura de la red domótica.;materiales;ud;EC;USD;;;;;;pendiente;por_verificar;no_confirmado;pendiente;Pendiente de investigación específica.
MT-DOM-SENSOR-MOV;Sensor de movimiento o presencia para iluminación y alarmas, con su soporte de montaje.;materiales;ud;CO;COP;;;;;;pendiente;por_verificar;no_confirmado;pendiente;Pendiente de investigación específica.
MT-DOM-SENSOR-MOV;Sensor de movimiento o presencia para iluminación y alarmas, con su soporte de montaje.;materiales;ud;PE;PEN;;;;;;pendiente;por_verificar;no_confirmado;pendiente;Pendiente de investigación específica.
MT-DOM-SENSOR-MOV;Sensor de movimiento o presencia para iluminación y alarmas, con su soporte de montaje.;materiales;ud;MX;MXN;;;;;;pendiente;por_verificar;no_confirmado;pendiente;Pendiente de investigación específica.
MT-DOM-SENSOR-MOV;Sensor de movimiento o presencia para iluminación y alarmas, con su soporte de montaje.;materiales;ud;EC;USD;;;;;;pendiente;por_verificar;no_confirmado;pendiente;Pendiente de investigación específica.
MT-DOM-SENSOR-PUERTA;Sensor magnético de apertura para puertas y ventanas, con su emisor y su soporte de montaje.;materiales;ud;CO;COP;;;;;;pendiente;por_verificar;no_confirmado;pendiente;Pendiente de investigación específica.
MT-DOM-SENSOR-PUERTA;Sensor magnético de apertura para puertas y ventanas, con su emisor y su soporte de montaje.;materiales;ud;PE;PEN;;;;;;pendiente;por_verificar;no_confirmado;pendiente;Pendiente de investigación específica.
MT-DOM-SENSOR-PUERTA;Sensor magnético de apertura para puertas y ventanas, con su emisor y su soporte de montaje.;materiales;ud;MX;MXN;;;;;;pendiente;por_verificar;no_confirmado;pendiente;Pendiente de investigación específica.
MT-DOM-SENSOR-PUERTA;Sensor magnético de apertura para puertas y ventanas, con su emisor y su soporte de montaje.;materiales;ud;EC;USD;;;;;;pendiente;por_verificar;no_confirmado;pendiente;Pendiente de investigación específica.
MT-DOM-SENSOR-TEMP;Sensor de temperatura y humedad ambiente con comunicación a la central domótica.;materiales;ud;CO;COP;;;;;;pendiente;por_verificar;no_confirmado;pendiente;Pendiente de investigación específica.
MT-DOM-SENSOR-TEMP;Sensor de temperatura y humedad ambiente con comunicación a la central domótica.;materiales;ud;PE;PEN;;;;;;pendiente;por_verificar;no_confirmado;pendiente;Pendiente de investigación específica.
MT-DOM-SENSOR-TEMP;Sensor de temperatura y humedad ambiente con comunicación a la central domótica.;materiales;ud;MX;MXN;;;;;;pendiente;por_verificar;no_confirmado;pendiente;Pendiente de investigación específica.
MT-DOM-SENSOR-TEMP;Sensor de temperatura y humedad ambiente con comunicación a la central domótica.;materiales;ud;EC;USD;;;;;;pendiente;por_verificar;no_confirmado;pendiente;Pendiente de investigación específica.
MT-DOM-SENSOR-INUND;Detector de inundación o fuga de agua por contacto, con aviso a la central domótica.;materiales;ud;CO;COP;;;;;;pendiente;por_verificar;no_confirmado;pendiente;Pendiente de investigación específica.
MT-DOM-SENSOR-INUND;Detector de inundación o fuga de agua por contacto, con aviso a la central domótica.;materiales;ud;PE;PEN;;;;;;pendiente;por_verificar;no_confirmado;pendiente;Pendiente de investigación específica.
MT-DOM-SENSOR-INUND;Detector de inundación o fuga de agua por contacto, con aviso a la central domótica.;materiales;ud;MX;MXN;;;;;;pendiente;por_verificar;no_confirmado;pendiente;Pendiente de investigación específica.
MT-DOM-SENSOR-INUND;Detector de inundación o fuga de agua por contacto, con aviso a la central domótica.;materiales;ud;EC;USD;;;;;;pendiente;por_verificar;no_confirmado;pendiente;Pendiente de investigación específica.
MT-DOM-SENSOR-GAS;Detector de gas doméstico con alarma local y comunicación a la central domótica.;materiales;ud;CO;COP;;;;;;pendiente;por_verificar;no_confirmado;pendiente;Pendiente de investigación específica.
MT-DOM-SENSOR-GAS;Detector de gas doméstico con alarma local y comunicación a la central domótica.;materiales;ud;PE;PEN;;;;;;pendiente;por_verificar;no_confirmado;pendiente;Pendiente de investigación específica.
MT-DOM-SENSOR-GAS;Detector de gas doméstico con alarma local y comunicación a la central domótica.;materiales;ud;MX;MXN;;;;;;pendiente;por_verificar;no_confirmado;pendiente;Pendiente de investigación específica.
MT-DOM-SENSOR-GAS;Detector de gas doméstico con alarma local y comunicación a la central domótica.;materiales;ud;EC;USD;;;;;;pendiente;por_verificar;no_confirmado;pendiente;Pendiente de investigación específica.
MT-DOM-SENSOR-LUZ;Sensor de nivel de luz para automatización de iluminación y persianas.;materiales;ud;CO;COP;;;;;;pendiente;por_verificar;no_confirmado;pendiente;Pendiente de investigación específica.
MT-DOM-SENSOR-LUZ;Sensor de nivel de luz para automatización de iluminación y persianas.;materiales;ud;PE;PEN;;;;;;pendiente;por_verificar;no_confirmado;pendiente;Pendiente de investigación específica.
MT-DOM-SENSOR-LUZ;Sensor de nivel de luz para automatización de iluminación y persianas.;materiales;ud;MX;MXN;;;;;;pendiente;por_verificar;no_confirmado;pendiente;Pendiente de investigación específica.
MT-DOM-SENSOR-LUZ;Sensor de nivel de luz para automatización de iluminación y persianas.;materiales;ud;EC;USD;;;;;;pendiente;por_verificar;no_confirmado;pendiente;Pendiente de investigación específica.
MT-DOM-ACTUADOR;Módulo de actuación on/off (relé) para control de circuitos de iluminación y cargas, montaje en carril o empotrado.;materiales;ud;CO;COP;;;;;;pendiente;por_verificar;no_confirmado;pendiente;Pendiente de investigación específica.
MT-DOM-ACTUADOR;Módulo de actuación on/off (relé) para control de circuitos de iluminación y cargas, montaje en carril o empotrado.;materiales;ud;PE;PEN;;;;;;pendiente;por_verificar;no_confirmado;pendiente;Pendiente de investigación específica.
MT-DOM-ACTUADOR;Módulo de actuación on/off (relé) para control de circuitos de iluminación y cargas, montaje en carril o empotrado.;materiales;ud;MX;MXN;;;;;;pendiente;por_verificar;no_confirmado;pendiente;Pendiente de investigación específica.
MT-DOM-ACTUADOR;Módulo de actuación on/off (relé) para control de circuitos de iluminación y cargas, montaje en carril o empotrado.;materiales;ud;EC;USD;;;;;;pendiente;por_verificar;no_confirmado;pendiente;Pendiente de investigación específica.
MT-DOM-DIMMER;Módulo regulador (dimmer) para atenuación de iluminación, compatible con la central domótica.;materiales;ud;CO;COP;;;;;;pendiente;por_verificar;no_confirmado;pendiente;Pendiente de investigación específica.
MT-DOM-DIMMER;Módulo regulador (dimmer) para atenuación de iluminación, compatible con la central domótica.;materiales;ud;PE;PEN;;;;;;pendiente;por_verificar;no_confirmado;pendiente;Pendiente de investigación específica.
MT-DOM-DIMMER;Módulo regulador (dimmer) para atenuación de iluminación, compatible con la central domótica.;materiales;ud;MX;MXN;;;;;;pendiente;por_verificar;no_confirmado;pendiente;Pendiente de investigación específica.
MT-DOM-DIMMER;Módulo regulador (dimmer) para atenuación de iluminación, compatible con la central domótica.;materiales;ud;EC;USD;;;;;;pendiente;por_verificar;no_confirmado;pendiente;Pendiente de investigación específica.
MT-DOM-PERSIANA;Módulo de control de persiana, cortina o toldo motorizado, con detección de final de carrera.;materiales;ud;CO;COP;;;;;;pendiente;por_verificar;no_confirmado;pendiente;Pendiente de investigación específica.
MT-DOM-PERSIANA;Módulo de control de persiana, cortina o toldo motorizado, con detección de final de carrera.;materiales;ud;PE;PEN;;;;;;pendiente;por_verificar;no_confirmado;pendiente;Pendiente de investigación específica.
MT-DOM-PERSIANA;Módulo de control de persiana, cortina o toldo motorizado, con detección de final de carrera.;materiales;ud;MX;MXN;;;;;;pendiente;por_verificar;no_confirmado;pendiente;Pendiente de investigación específica.
MT-DOM-PERSIANA;Módulo de control de persiana, cortina o toldo motorizado, con detección de final de carrera.;materiales;ud;EC;USD;;;;;;pendiente;por_verificar;no_confirmado;pendiente;Pendiente de investigación específica.
MT-DOM-ENCHUFE;Módulo de enchufe inteligente para medición y control on/off de cargas enchufables.;materiales;ud;CO;COP;;;;;;pendiente;por_verificar;no_confirmado;pendiente;Pendiente de investigación específica.
MT-DOM-ENCHUFE;Módulo de enchufe inteligente para medición y control on/off de cargas enchufables.;materiales;ud;PE;PEN;;;;;;pendiente;por_verificar;no_confirmado;pendiente;Pendiente de investigación específica.
MT-DOM-ENCHUFE;Módulo de enchufe inteligente para medición y control on/off de cargas enchufables.;materiales;ud;MX;MXN;;;;;;pendiente;por_verificar;no_confirmado;pendiente;Pendiente de investigación específica.
MT-DOM-ENCHUFE;Módulo de enchufe inteligente para medición y control on/off de cargas enchufables.;materiales;ud;EC;USD;;;;;;pendiente;por_verificar;no_confirmado;pendiente;Pendiente de investigación específica.
MT-DOM-TERMOSTATO;Termostato inteligente para control de climatización, con programación horaria y comunicación a la central domótica.;materiales;ud;CO;COP;;;;;;pendiente;por_verificar;no_confirmado;pendiente;Pendiente de investigación específica.
MT-DOM-TERMOSTATO;Termostato inteligente para control de climatización, con programación horaria y comunicación a la central domótica.;materiales;ud;PE;PEN;;;;;;pendiente;por_verificar;no_confirmado;pendiente;Pendiente de investigación específica.
MT-DOM-TERMOSTATO;Termostato inteligente para control de climatización, con programación horaria y comunicación a la central domótica.;materiales;ud;MX;MXN;;;;;;pendiente;por_verificar;no_confirmado;pendiente;Pendiente de investigación específica.
MT-DOM-TERMOSTATO;Termostato inteligente para control de climatización, con programación horaria y comunicación a la central domótica.;materiales;ud;EC;USD;;;;;;pendiente;por_verificar;no_confirmado;pendiente;Pendiente de investigación específica.
MT-DOM-PANEL;Panel táctil de pared para control y visualización del sistema domótico, con su caja de empotrar.;materiales;ud;CO;COP;;;;;;pendiente;por_verificar;no_confirmado;pendiente;Pendiente de investigación específica.
MT-DOM-PANEL;Panel táctil de pared para control y visualización del sistema domótico, con su caja de empotrar.;materiales;ud;PE;PEN;;;;;;pendiente;por_verificar;no_confirmado;pendiente;Pendiente de investigación específica.
MT-DOM-PANEL;Panel táctil de pared para control y visualización del sistema domótico, con su caja de empotrar.;materiales;ud;MX;MXN;;;;;;pendiente;por_verificar;no_confirmado;pendiente;Pendiente de investigación específica.
MT-DOM-PANEL;Panel táctil de pared para control y visualización del sistema domótico, con su caja de empotrar.;materiales;ud;EC;USD;;;;;;pendiente;por_verificar;no_confirmado;pendiente;Pendiente de investigación específica.
MT-DOM-TECLADO;Teclado o pulsador de escenas para activación directa de ambientes preconfigurados.;materiales;ud;CO;COP;;;;;;pendiente;por_verificar;no_confirmado;pendiente;Pendiente de investigación específica.
MT-DOM-TECLADO;Teclado o pulsador de escenas para activación directa de ambientes preconfigurados.;materiales;ud;PE;PEN;;;;;;pendiente;por_verificar;no_confirmado;pendiente;Pendiente de investigación específica.
MT-DOM-TECLADO;Teclado o pulsador de escenas para activación directa de ambientes preconfigurados.;materiales;ud;MX;MXN;;;;;;pendiente;por_verificar;no_confirmado;pendiente;Pendiente de investigación específica.
MT-DOM-TECLADO;Teclado o pulsador de escenas para activación directa de ambientes preconfigurados.;materiales;ud;EC;USD;;;;;;pendiente;por_verificar;no_confirmado;pendiente;Pendiente de investigación específica.
MT-PYL-PLACA-HD;Placa de yeso laminado de alta dureza, de 12,5 mm, para paramentos interiores sometidos a impacto y zonas de tránsito.;materiales;m2;CO;COP;;;;;;pendiente;por_verificar;no_confirmado;pendiente;Pendiente de investigación específica.
MT-PYL-PLACA-HD;Placa de yeso laminado de alta dureza, de 12,5 mm, para paramentos interiores sometidos a impacto y zonas de tránsito.;materiales;m2;PE;PEN;;;;;;pendiente;por_verificar;no_confirmado;pendiente;Pendiente de investigación específica.
MT-PYL-PLACA-HD;Placa de yeso laminado de alta dureza, de 12,5 mm, para paramentos interiores sometidos a impacto y zonas de tránsito.;materiales;m2;MX;MXN;;;;;;pendiente;por_verificar;no_confirmado;pendiente;Pendiente de investigación específica.
MT-PYL-PLACA-HD;Placa de yeso laminado de alta dureza, de 12,5 mm, para paramentos interiores sometidos a impacto y zonas de tránsito.;materiales;m2;EC;USD;;;;;;pendiente;por_verificar;no_confirmado;pendiente;Pendiente de investigación específica.
MT-PYL-PLACA-IG;Placa de yeso laminado resistente al fuego (tipo F), de 15 mm, para protección de instalaciones y estructura.;materiales;m2;CO;COP;;;;;;pendiente;por_verificar;no_confirmado;pendiente;Pendiente de investigación específica.
MT-PYL-PLACA-IG;Placa de yeso laminado resistente al fuego (tipo F), de 15 mm, para protección de instalaciones y estructura.;materiales;m2;PE;PEN;;;;;;pendiente;por_verificar;no_confirmado;pendiente;Pendiente de investigación específica.
MT-PYL-PLACA-IG;Placa de yeso laminado resistente al fuego (tipo F), de 15 mm, para protección de instalaciones y estructura.;materiales;m2;MX;MXN;;;;;;pendiente;por_verificar;no_confirmado;pendiente;Pendiente de investigación específica.
MT-PYL-PLACA-IG;Placa de yeso laminado resistente al fuego (tipo F), de 15 mm, para protección de instalaciones y estructura.;materiales;m2;EC;USD;;;;;;pendiente;por_verificar;no_confirmado;pendiente;Pendiente de investigación específica.
MT-PYL-PASTA-AGARRE;Pasta de agarre de base yeso para fijación de placa de yeso laminado directamente al paramento en trasdosado directo.;materiales;kg;CO;COP;;;;;;pendiente;por_verificar;no_confirmado;pendiente;Pendiente de investigación específica.
MT-PYL-PASTA-AGARRE;Pasta de agarre de base yeso para fijación de placa de yeso laminado directamente al paramento en trasdosado directo.;materiales;kg;PE;PEN;;;;;;pendiente;por_verificar;no_confirmado;pendiente;Pendiente de investigación específica.
MT-PYL-PASTA-AGARRE;Pasta de agarre de base yeso para fijación de placa de yeso laminado directamente al paramento en trasdosado directo.;materiales;kg;MX;MXN;;;;;;pendiente;por_verificar;no_confirmado;pendiente;Pendiente de investigación específica.
MT-PYL-PASTA-AGARRE;Pasta de agarre de base yeso para fijación de placa de yeso laminado directamente al paramento en trasdosado directo.;materiales;kg;EC;USD;;;;;;pendiente;por_verificar;no_confirmado;pendiente;Pendiente de investigación específica.
MT-PIN-ANTIMOHO;Pintura acrílica antihongos y antimoho para interiores de cocinas, baños y locales con condensación.;materiales;l;CO;COP;;;;;;pendiente;por_verificar;no_confirmado;pendiente;Pendiente de investigación específica.
MT-PIN-ANTIMOHO;Pintura acrílica antihongos y antimoho para interiores de cocinas, baños y locales con condensación.;materiales;l;PE;PEN;;;;;;pendiente;por_verificar;no_confirmado;pendiente;Pendiente de investigación específica.
MT-PIN-ANTIMOHO;Pintura acrílica antihongos y antimoho para interiores de cocinas, baños y locales con condensación.;materiales;l;MX;MXN;;;;;;pendiente;por_verificar;no_confirmado;pendiente;Pendiente de investigación específica.
MT-PIN-ANTIMOHO;Pintura acrílica antihongos y antimoho para interiores de cocinas, baños y locales con condensación.;materiales;l;EC;USD;;;;;;pendiente;por_verificar;no_confirmado;pendiente;Pendiente de investigación específica.
MT-PIN-TIZA;Pintura de pizarra efecto tiza, lavable, para paredes de uso escolar, infantil o de oficina.;materiales;l;CO;COP;;;;;;pendiente;por_verificar;no_confirmado;pendiente;Pendiente de investigación específica.
MT-PIN-TIZA;Pintura de pizarra efecto tiza, lavable, para paredes de uso escolar, infantil o de oficina.;materiales;l;PE;PEN;;;;;;pendiente;por_verificar;no_confirmado;pendiente;Pendiente de investigación específica.
MT-PIN-TIZA;Pintura de pizarra efecto tiza, lavable, para paredes de uso escolar, infantil o de oficina.;materiales;l;MX;MXN;;;;;;pendiente;por_verificar;no_confirmado;pendiente;Pendiente de investigación específica.
MT-PIN-TIZA;Pintura de pizarra efecto tiza, lavable, para paredes de uso escolar, infantil o de oficina.;materiales;l;EC;USD;;;;;;pendiente;por_verificar;no_confirmado;pendiente;Pendiente de investigación específica.
MT-PIN-MAGNETICA;Pintura magnética de base para paredes sobre las que se quiere fijar imanes.;materiales;l;CO;COP;;;;;;pendiente;por_verificar;no_confirmado;pendiente;Pendiente de investigación específica.
MT-PIN-MAGNETICA;Pintura magnética de base para paredes sobre las que se quiere fijar imanes.;materiales;l;PE;PEN;;;;;;pendiente;por_verificar;no_confirmado;pendiente;Pendiente de investigación específica.
MT-PIN-MAGNETICA;Pintura magnética de base para paredes sobre las que se quiere fijar imanes.;materiales;l;MX;MXN;;;;;;pendiente;por_verificar;no_confirmado;pendiente;Pendiente de investigación específica.
MT-PIN-MAGNETICA;Pintura magnética de base para paredes sobre las que se quiere fijar imanes.;materiales;l;EC;USD;;;;;;pendiente;por_verificar;no_confirmado;pendiente;Pendiente de investigación específica.
MT-PIN-CAL;Cal hidratada para pintura mineral interior de sótanos, depósitos y paramentos transpirables.;materiales;kg;CO;COP;;;;;;pendiente;por_verificar;no_confirmado;pendiente;Pendiente de investigación específica.
MT-PIN-CAL;Cal hidratada para pintura mineral interior de sótanos, depósitos y paramentos transpirables.;materiales;kg;PE;PEN;;;;;;pendiente;por_verificar;no_confirmado;pendiente;Pendiente de investigación específica.
MT-PIN-CAL;Cal hidratada para pintura mineral interior de sótanos, depósitos y paramentos transpirables.;materiales;kg;MX;MXN;;;;;;pendiente;por_verificar;no_confirmado;pendiente;Pendiente de investigación específica.
MT-PIN-CAL;Cal hidratada para pintura mineral interior de sótanos, depósitos y paramentos transpirables.;materiales;kg;EC;USD;;;;;;pendiente;por_verificar;no_confirmado;pendiente;Pendiente de investigación específica.
MT-PIN-SEMIBRILLO;Pintura de caucho semibrillo lavable para interiores de alto tránsito y escuelas.;materiales;l;CO;COP;;;;;;pendiente;por_verificar;no_confirmado;pendiente;Pendiente de investigación específica.
MT-PIN-SEMIBRILLO;Pintura de caucho semibrillo lavable para interiores de alto tránsito y escuelas.;materiales;l;PE;PEN;;;;;;pendiente;por_verificar;no_confirmado;pendiente;Pendiente de investigación específica.
MT-PIN-SEMIBRILLO;Pintura de caucho semibrillo lavable para interiores de alto tránsito y escuelas.;materiales;l;MX;MXN;;;;;;pendiente;por_verificar;no_confirmado;pendiente;Pendiente de investigación específica.
MT-PIN-SEMIBRILLO;Pintura de caucho semibrillo lavable para interiores de alto tránsito y escuelas.;materiales;l;EC;USD;;;;;;pendiente;por_verificar;no_confirmado;pendiente;Pendiente de investigación específica.
MT-LACA-MADERA;Laca nitrocelulósica o al agua para acabado de carpintería interior de madera.;materiales;l;CO;COP;;;;;;pendiente;por_verificar;no_confirmado;pendiente;Pendiente de investigación específica.
MT-LACA-MADERA;Laca nitrocelulósica o al agua para acabado de carpintería interior de madera.;materiales;l;PE;PEN;;;;;;pendiente;por_verificar;no_confirmado;pendiente;Pendiente de investigación específica.
MT-LACA-MADERA;Laca nitrocelulósica o al agua para acabado de carpintería interior de madera.;materiales;l;MX;MXN;;;;;;pendiente;por_verificar;no_confirmado;pendiente;Pendiente de investigación específica.
MT-LACA-MADERA;Laca nitrocelulósica o al agua para acabado de carpintería interior de madera.;materiales;l;EC;USD;;;;;;pendiente;por_verificar;no_confirmado;pendiente;Pendiente de investigación específica.
MT-BARNIZ-MARINO;Barniz marino o de exterior de alta resistencia para madera expuesta a la intemperie.;materiales;l;CO;COP;;;;;;pendiente;por_verificar;no_confirmado;pendiente;Pendiente de investigación específica.
MT-BARNIZ-MARINO;Barniz marino o de exterior de alta resistencia para madera expuesta a la intemperie.;materiales;l;PE;PEN;;;;;;pendiente;por_verificar;no_confirmado;pendiente;Pendiente de investigación específica.
MT-BARNIZ-MARINO;Barniz marino o de exterior de alta resistencia para madera expuesta a la intemperie.;materiales;l;MX;MXN;;;;;;pendiente;por_verificar;no_confirmado;pendiente;Pendiente de investigación específica.
MT-BARNIZ-MARINO;Barniz marino o de exterior de alta resistencia para madera expuesta a la intemperie.;materiales;l;EC;USD;;;;;;pendiente;por_verificar;no_confirmado;pendiente;Pendiente de investigación específica.
MT-ESMALTE-AGUA;Esmalte al agua satinado para carpintería interior de madera y metal.;materiales;l;CO;COP;;;;;;pendiente;por_verificar;no_confirmado;pendiente;Pendiente de investigación específica.
MT-ESMALTE-AGUA;Esmalte al agua satinado para carpintería interior de madera y metal.;materiales;l;PE;PEN;;;;;;pendiente;por_verificar;no_confirmado;pendiente;Pendiente de investigación específica.
MT-ESMALTE-AGUA;Esmalte al agua satinado para carpintería interior de madera y metal.;materiales;l;MX;MXN;;;;;;pendiente;por_verificar;no_confirmado;pendiente;Pendiente de investigación específica.
MT-ESMALTE-AGUA;Esmalte al agua satinado para carpintería interior de madera y metal.;materiales;l;EC;USD;;;;;;pendiente;por_verificar;no_confirmado;pendiente;Pendiente de investigación específica.
MT-POLIURETANO-PISO;Recubrimiento de poliuretano bicomponente para piso, con resistencia a la abrasión.;materiales;kg;CO;COP;;;;;;pendiente;por_verificar;no_confirmado;pendiente;Pendiente de investigación específica.
MT-POLIURETANO-PISO;Recubrimiento de poliuretano bicomponente para piso, con resistencia a la abrasión.;materiales;kg;PE;PEN;;;;;;pendiente;por_verificar;no_confirmado;pendiente;Pendiente de investigación específica.
MT-POLIURETANO-PISO;Recubrimiento de poliuretano bicomponente para piso, con resistencia a la abrasión.;materiales;kg;MX;MXN;;;;;;pendiente;por_verificar;no_confirmado;pendiente;Pendiente de investigación específica.
MT-POLIURETANO-PISO;Recubrimiento de poliuretano bicomponente para piso, con resistencia a la abrasión.;materiales;kg;EC;USD;;;;;;pendiente;por_verificar;no_confirmado;pendiente;Pendiente de investigación específica.
MT-LASUR;Lasur o protector decorativo para madera exterior que deja ver la veta.;materiales;l;CO;COP;;;;;;pendiente;por_verificar;no_confirmado;pendiente;Pendiente de investigación específica.
MT-LASUR;Lasur o protector decorativo para madera exterior que deja ver la veta.;materiales;l;PE;PEN;;;;;;pendiente;por_verificar;no_confirmado;pendiente;Pendiente de investigación específica.
MT-LASUR;Lasur o protector decorativo para madera exterior que deja ver la veta.;materiales;l;MX;MXN;;;;;;pendiente;por_verificar;no_confirmado;pendiente;Pendiente de investigación específica.
MT-LASUR;Lasur o protector decorativo para madera exterior que deja ver la veta.;materiales;l;EC;USD;;;;;;pendiente;por_verificar;no_confirmado;pendiente;Pendiente de investigación específica.
MT-MOSAICO;Mosaico vítreo o cerámico en malla para revestimiento de paredes y superficies curvas.;materiales;m2;CO;COP;;;;;;pendiente;por_verificar;no_confirmado;pendiente;Pendiente de investigación específica.
MT-MOSAICO;Mosaico vítreo o cerámico en malla para revestimiento de paredes y superficies curvas.;materiales;m2;PE;PEN;;;;;;pendiente;por_verificar;no_confirmado;pendiente;Pendiente de investigación específica.
MT-MOSAICO;Mosaico vítreo o cerámico en malla para revestimiento de paredes y superficies curvas.;materiales;m2;MX;MXN;;;;;;pendiente;por_verificar;no_confirmado;pendiente;Pendiente de investigación específica.
MT-MOSAICO;Mosaico vítreo o cerámico en malla para revestimiento de paredes y superficies curvas.;materiales;m2;EC;USD;;;;;;pendiente;por_verificar;no_confirmado;pendiente;Pendiente de investigación específica.
MT-VIDRIO-DECOR;Vidrio decorativo lacado, grabado o de color para revestimiento de pared.;materiales;m2;CO;COP;;;;;;pendiente;por_verificar;no_confirmado;pendiente;Pendiente de investigación específica.
MT-VIDRIO-DECOR;Vidrio decorativo lacado, grabado o de color para revestimiento de pared.;materiales;m2;PE;PEN;;;;;;pendiente;por_verificar;no_confirmado;pendiente;Pendiente de investigación específica.
MT-VIDRIO-DECOR;Vidrio decorativo lacado, grabado o de color para revestimiento de pared.;materiales;m2;MX;MXN;;;;;;pendiente;por_verificar;no_confirmado;pendiente;Pendiente de investigación específica.
MT-VIDRIO-DECOR;Vidrio decorativo lacado, grabado o de color para revestimiento de pared.;materiales;m2;EC;USD;;;;;;pendiente;por_verificar;no_confirmado;pendiente;Pendiente de investigación específica.
MT-FIBRA-NAT;Revestimiento de fibra natural tejida (sisal, yute, bambú) para paredes decorativas.;materiales;m2;CO;COP;;;;;;pendiente;por_verificar;no_confirmado;pendiente;Pendiente de investigación específica.
MT-FIBRA-NAT;Revestimiento de fibra natural tejida (sisal, yute, bambú) para paredes decorativas.;materiales;m2;PE;PEN;;;;;;pendiente;por_verificar;no_confirmado;pendiente;Pendiente de investigación específica.
MT-FIBRA-NAT;Revestimiento de fibra natural tejida (sisal, yute, bambú) para paredes decorativas.;materiales;m2;MX;MXN;;;;;;pendiente;por_verificar;no_confirmado;pendiente;Pendiente de investigación específica.
MT-FIBRA-NAT;Revestimiento de fibra natural tejida (sisal, yute, bambú) para paredes decorativas.;materiales;m2;EC;USD;;;;;;pendiente;por_verificar;no_confirmado;pendiente;Pendiente de investigación específica.
MT-PIN-IGNFUGA;Pintura intumescente ignífuga para protección de estructura metálica y madera.;materiales;l;CO;COP;;;;;;pendiente;por_verificar;no_confirmado;pendiente;Pendiente de investigación específica.
MT-PIN-IGNFUGA;Pintura intumescente ignífuga para protección de estructura metálica y madera.;materiales;l;PE;PEN;;;;;;pendiente;por_verificar;no_confirmado;pendiente;Pendiente de investigación específica.
MT-PIN-IGNFUGA;Pintura intumescente ignífuga para protección de estructura metálica y madera.;materiales;l;MX;MXN;;;;;;pendiente;por_verificar;no_confirmado;pendiente;Pendiente de investigación específica.
MT-PIN-IGNFUGA;Pintura intumescente ignífuga para protección de estructura metálica y madera.;materiales;l;EC;USD;;;;;;pendiente;por_verificar;no_confirmado;pendiente;Pendiente de investigación específica.
MT-ANTI-GRAFFITI;Protector anti-graffiti para superficies pintadas, que facilita la limpieza de pintadas.;materiales;l;CO;COP;;;;;;pendiente;por_verificar;no_confirmado;pendiente;Pendiente de investigación específica.
MT-ANTI-GRAFFITI;Protector anti-graffiti para superficies pintadas, que facilita la limpieza de pintadas.;materiales;l;PE;PEN;;;;;;pendiente;por_verificar;no_confirmado;pendiente;Pendiente de investigación específica.
MT-ANTI-GRAFFITI;Protector anti-graffiti para superficies pintadas, que facilita la limpieza de pintadas.;materiales;l;MX;MXN;;;;;;pendiente;por_verificar;no_confirmado;pendiente;Pendiente de investigación específica.
MT-ANTI-GRAFFITI;Protector anti-graffiti para superficies pintadas, que facilita la limpieza de pintadas.;materiales;l;EC;USD;;;;;;pendiente;por_verificar;no_confirmado;pendiente;Pendiente de investigación específica.
MT-SILOXANO;Hidrofugante a base de siloxano para fachadas, permeable al vapor de agua.;materiales;l;CO;COP;;;;;;pendiente;por_verificar;no_confirmado;pendiente;Pendiente de investigación específica.
MT-SILOXANO;Hidrofugante a base de siloxano para fachadas, permeable al vapor de agua.;materiales;l;PE;PEN;;;;;;pendiente;por_verificar;no_confirmado;pendiente;Pendiente de investigación específica.
MT-SILOXANO;Hidrofugante a base de siloxano para fachadas, permeable al vapor de agua.;materiales;l;MX;MXN;;;;;;pendiente;por_verificar;no_confirmado;pendiente;Pendiente de investigación específica.
MT-SILOXANO;Hidrofugante a base de siloxano para fachadas, permeable al vapor de agua.;materiales;l;EC;USD;;;;;;pendiente;por_verificar;no_confirmado;pendiente;Pendiente de investigación específica.
MT-TINTE-MAD;Tinte o colorante para madera, de base al agua o al disolvente.;materiales;l;CO;COP;;;;;;pendiente;por_verificar;no_confirmado;pendiente;Pendiente de investigación específica.
MT-TINTE-MAD;Tinte o colorante para madera, de base al agua o al disolvente.;materiales;l;PE;PEN;;;;;;pendiente;por_verificar;no_confirmado;pendiente;Pendiente de investigación específica.
MT-TINTE-MAD;Tinte o colorante para madera, de base al agua o al disolvente.;materiales;l;MX;MXN;;;;;;pendiente;por_verificar;no_confirmado;pendiente;Pendiente de investigación específica.
MT-TINTE-MAD;Tinte o colorante para madera, de base al agua o al disolvente.;materiales;l;EC;USD;;;;;;pendiente;por_verificar;no_confirmado;pendiente;Pendiente de investigación específica.
MT-POLIUREA;Membrana de poliurea de aplicación en caliente para impermeabilización y recubrimiento de alta resistencia.;materiales;kg;CO;COP;;;;;;pendiente;por_verificar;no_confirmado;pendiente;Pendiente de investigación específica.
MT-POLIUREA;Membrana de poliurea de aplicación en caliente para impermeabilización y recubrimiento de alta resistencia.;materiales;kg;PE;PEN;;;;;;pendiente;por_verificar;no_confirmado;pendiente;Pendiente de investigación específica.
MT-POLIUREA;Membrana de poliurea de aplicación en caliente para impermeabilización y recubrimiento de alta resistencia.;materiales;kg;MX;MXN;;;;;;pendiente;por_verificar;no_confirmado;pendiente;Pendiente de investigación específica.
MT-POLIUREA;Membrana de poliurea de aplicación en caliente para impermeabilización y recubrimiento de alta resistencia.;materiales;kg;EC;USD;;;;;;pendiente;por_verificar;no_confirmado;pendiente;Pendiente de investigación específica.
MT-CUARZO-COLOR;Árido de cuarzo coloreado para recubrimientos decorativos antideslizantes.;materiales;kg;CO;COP;;;;;;pendiente;por_verificar;no_confirmado;pendiente;Pendiente de investigación específica.
MT-CUARZO-COLOR;Árido de cuarzo coloreado para recubrimientos decorativos antideslizantes.;materiales;kg;PE;PEN;;;;;;pendiente;por_verificar;no_confirmado;pendiente;Pendiente de investigación específica.
MT-CUARZO-COLOR;Árido de cuarzo coloreado para recubrimientos decorativos antideslizantes.;materiales;kg;MX;MXN;;;;;;pendiente;por_verificar;no_confirmado;pendiente;Pendiente de investigación específica.
MT-CUARZO-COLOR;Árido de cuarzo coloreado para recubrimientos decorativos antideslizantes.;materiales;kg;EC;USD;;;;;;pendiente;por_verificar;no_confirmado;pendiente;Pendiente de investigación específica.
MT-RESINA-ACRIL;Resina acrílica decorativa para recubrimientos continuos de paredes y pisos.;materiales;kg;CO;COP;;;;;;pendiente;por_verificar;no_confirmado;pendiente;Pendiente de investigación específica.
MT-RESINA-ACRIL;Resina acrílica decorativa para recubrimientos continuos de paredes y pisos.;materiales;kg;PE;PEN;;;;;;pendiente;por_verificar;no_confirmado;pendiente;Pendiente de investigación específica.
MT-RESINA-ACRIL;Resina acrílica decorativa para recubrimientos continuos de paredes y pisos.;materiales;kg;MX;MXN;;;;;;pendiente;por_verificar;no_confirmado;pendiente;Pendiente de investigación específica.
MT-RESINA-ACRIL;Resina acrílica decorativa para recubrimientos continuos de paredes y pisos.;materiales;kg;EC;USD;;;;;;pendiente;por_verificar;no_confirmado;pendiente;Pendiente de investigación específica.
MT-PERSIANA-ALU;Persiana enrollable de aluminio con su cajón y cinta o motor, para protección solar y oscurecimiento.;materiales;m2;CO;COP;;;;;;pendiente;por_verificar;no_confirmado;pendiente;Pendiente de investigación específica.
MT-PERSIANA-ALU;Persiana enrollable de aluminio con su cajón y cinta o motor, para protección solar y oscurecimiento.;materiales;m2;PE;PEN;;;;;;pendiente;por_verificar;no_confirmado;pendiente;Pendiente de investigación específica.
MT-PERSIANA-ALU;Persiana enrollable de aluminio con su cajón y cinta o motor, para protección solar y oscurecimiento.;materiales;m2;MX;MXN;;;;;;pendiente;por_verificar;no_confirmado;pendiente;Pendiente de investigación específica.
MT-PERSIANA-ALU;Persiana enrollable de aluminio con su cajón y cinta o motor, para protección solar y oscurecimiento.;materiales;m2;EC;USD;;;;;;pendiente;por_verificar;no_confirmado;pendiente;Pendiente de investigación específica.
MT-TOLDO;Toldo extensible de lona con brazos y soportes, para protección solar en fachadas.;materiales;m2;CO;COP;;;;;;pendiente;por_verificar;no_confirmado;pendiente;Pendiente de investigación específica.
MT-TOLDO;Toldo extensible de lona con brazos y soportes, para protección solar en fachadas.;materiales;m2;PE;PEN;;;;;;pendiente;por_verificar;no_confirmado;pendiente;Pendiente de investigación específica.
MT-TOLDO;Toldo extensible de lona con brazos y soportes, para protección solar en fachadas.;materiales;m2;MX;MXN;;;;;;pendiente;por_verificar;no_confirmado;pendiente;Pendiente de investigación específica.
MT-TOLDO;Toldo extensible de lona con brazos y soportes, para protección solar en fachadas.;materiales;m2;EC;USD;;;;;;pendiente;por_verificar;no_confirmado;pendiente;Pendiente de investigación específica.
MT-VIDRIO-LAM;Vidrio laminado de seguridad con butiral, para acristalamiento de protección.;materiales;m2;CO;COP;;;;;;pendiente;por_verificar;no_confirmado;pendiente;Pendiente de investigación específica.
MT-VIDRIO-LAM;Vidrio laminado de seguridad con butiral, para acristalamiento de protección.;materiales;m2;PE;PEN;;;;;;pendiente;por_verificar;no_confirmado;pendiente;Pendiente de investigación específica.
MT-VIDRIO-LAM;Vidrio laminado de seguridad con butiral, para acristalamiento de protección.;materiales;m2;MX;MXN;;;;;;pendiente;por_verificar;no_confirmado;pendiente;Pendiente de investigación específica.
MT-VIDRIO-LAM;Vidrio laminado de seguridad con butiral, para acristalamiento de protección.;materiales;m2;EC;USD;;;;;;pendiente;por_verificar;no_confirmado;pendiente;Pendiente de investigación específica.
MT-VIDRIO-DOBLE;Doble acristalamiento con cámara de aire, para aislamiento térmico y acústico.;materiales;m2;CO;COP;;;;;;pendiente;por_verificar;no_confirmado;pendiente;Pendiente de investigación específica.
MT-VIDRIO-DOBLE;Doble acristalamiento con cámara de aire, para aislamiento térmico y acústico.;materiales;m2;PE;PEN;;;;;;pendiente;por_verificar;no_confirmado;pendiente;Pendiente de investigación específica.
MT-VIDRIO-DOBLE;Doble acristalamiento con cámara de aire, para aislamiento térmico y acústico.;materiales;m2;MX;MXN;;;;;;pendiente;por_verificar;no_confirmado;pendiente;Pendiente de investigación específica.
MT-VIDRIO-DOBLE;Doble acristalamiento con cámara de aire, para aislamiento térmico y acústico.;materiales;m2;EC;USD;;;;;;pendiente;por_verificar;no_confirmado;pendiente;Pendiente de investigación específica.
MT-VIDRIO-ARENA;Vidrio arenado o esmerilado para privacidad en mamparas y divisiones.;materiales;m2;CO;COP;;;;;;pendiente;por_verificar;no_confirmado;pendiente;Pendiente de investigación específica.
MT-VIDRIO-ARENA;Vidrio arenado o esmerilado para privacidad en mamparas y divisiones.;materiales;m2;PE;PEN;;;;;;pendiente;por_verificar;no_confirmado;pendiente;Pendiente de investigación específica.
MT-VIDRIO-ARENA;Vidrio arenado o esmerilado para privacidad en mamparas y divisiones.;materiales;m2;MX;MXN;;;;;;pendiente;por_verificar;no_confirmado;pendiente;Pendiente de investigación específica.
MT-VIDRIO-ARENA;Vidrio arenado o esmerilado para privacidad en mamparas y divisiones.;materiales;m2;EC;USD;;;;;;pendiente;por_verificar;no_confirmado;pendiente;Pendiente de investigación específica.
MT-AUTOM-PORTON;Motor y automatismo para portón corredizo o batiente, con mandos y finales de carrera.;materiales;ud;CO;COP;;;;;;pendiente;por_verificar;no_confirmado;pendiente;Pendiente de investigación específica.
MT-AUTOM-PORTON;Motor y automatismo para portón corredizo o batiente, con mandos y finales de carrera.;materiales;ud;PE;PEN;;;;;;pendiente;por_verificar;no_confirmado;pendiente;Pendiente de investigación específica.
MT-AUTOM-PORTON;Motor y automatismo para portón corredizo o batiente, con mandos y finales de carrera.;materiales;ud;MX;MXN;;;;;;pendiente;por_verificar;no_confirmado;pendiente;Pendiente de investigación específica.
MT-AUTOM-PORTON;Motor y automatismo para portón corredizo o batiente, con mandos y finales de carrera.;materiales;ud;EC;USD;;;;;;pendiente;por_verificar;no_confirmado;pendiente;Pendiente de investigación específica.
MT-CIERRA-PUERTA;Cierra-puertas hidráulico para puertas de tránsito, con brazo y regulación.;materiales;ud;CO;COP;;;;;;pendiente;por_verificar;no_confirmado;pendiente;Pendiente de investigación específica.
MT-CIERRA-PUERTA;Cierra-puertas hidráulico para puertas de tránsito, con brazo y regulación.;materiales;ud;PE;PEN;;;;;;pendiente;por_verificar;no_confirmado;pendiente;Pendiente de investigación específica.
MT-CIERRA-PUERTA;Cierra-puertas hidráulico para puertas de tránsito, con brazo y regulación.;materiales;ud;MX;MXN;;;;;;pendiente;por_verificar;no_confirmado;pendiente;Pendiente de investigación específica.
MT-CIERRA-PUERTA;Cierra-puertas hidráulico para puertas de tránsito, con brazo y regulación.;materiales;ud;EC;USD;;;;;;pendiente;por_verificar;no_confirmado;pendiente;Pendiente de investigación específica.
MT-CERRADURA-MULTI;Cerradura multipunto de seguridad con cilindro y cerraderos, para puerta de acceso.;materiales;ud;CO;COP;;;;;;pendiente;por_verificar;no_confirmado;pendiente;Pendiente de investigación específica.
MT-CERRADURA-MULTI;Cerradura multipunto de seguridad con cilindro y cerraderos, para puerta de acceso.;materiales;ud;PE;PEN;;;;;;pendiente;por_verificar;no_confirmado;pendiente;Pendiente de investigación específica.
MT-CERRADURA-MULTI;Cerradura multipunto de seguridad con cilindro y cerraderos, para puerta de acceso.;materiales;ud;MX;MXN;;;;;;pendiente;por_verificar;no_confirmado;pendiente;Pendiente de investigación específica.
MT-CERRADURA-MULTI;Cerradura multipunto de seguridad con cilindro y cerraderos, para puerta de acceso.;materiales;ud;EC;USD;;;;;;pendiente;por_verificar;no_confirmado;pendiente;Pendiente de investigación específica.
MT-HERRAJE-CORRED;Herrajes de puerta corredera de madera o vidrio, con carros, guías y topes.;materiales;ud;CO;COP;;;;;;pendiente;por_verificar;no_confirmado;pendiente;Pendiente de investigación específica.
MT-HERRAJE-CORRED;Herrajes de puerta corredera de madera o vidrio, con carros, guías y topes.;materiales;ud;PE;PEN;;;;;;pendiente;por_verificar;no_confirmado;pendiente;Pendiente de investigación específica.
MT-HERRAJE-CORRED;Herrajes de puerta corredera de madera o vidrio, con carros, guías y topes.;materiales;ud;MX;MXN;;;;;;pendiente;por_verificar;no_confirmado;pendiente;Pendiente de investigación específica.
MT-HERRAJE-CORRED;Herrajes de puerta corredera de madera o vidrio, con carros, guías y topes.;materiales;ud;EC;USD;;;;;;pendiente;por_verificar;no_confirmado;pendiente;Pendiente de investigación específica.
MT-POLIESTIRENO-EXT;Panel de poliestireno extruido (XPS) para aislamiento térmico de cubiertas, muros y pisos.;materiales;m2;CO;COP;;;;;;pendiente;por_verificar;no_confirmado;pendiente;Pendiente de investigación específica.
MT-POLIESTIRENO-EXT;Panel de poliestireno extruido (XPS) para aislamiento térmico de cubiertas, muros y pisos.;materiales;m2;PE;PEN;;;;;;pendiente;por_verificar;no_confirmado;pendiente;Pendiente de investigación específica.
MT-POLIESTIRENO-EXT;Panel de poliestireno extruido (XPS) para aislamiento térmico de cubiertas, muros y pisos.;materiales;m2;MX;MXN;;;;;;pendiente;por_verificar;no_confirmado;pendiente;Pendiente de investigación específica.
MT-POLIESTIRENO-EXT;Panel de poliestireno extruido (XPS) para aislamiento térmico de cubiertas, muros y pisos.;materiales;m2;EC;USD;;;;;;pendiente;por_verificar;no_confirmado;pendiente;Pendiente de investigación específica.
MT-LANA-ROCA;Panel de lana de roca para aislamiento térmico y acústico y protección contra incendios.;materiales;m2;CO;COP;;;;;;pendiente;por_verificar;no_confirmado;pendiente;Pendiente de investigación específica.
MT-LANA-ROCA;Panel de lana de roca para aislamiento térmico y acústico y protección contra incendios.;materiales;m2;PE;PEN;;;;;;pendiente;por_verificar;no_confirmado;pendiente;Pendiente de investigación específica.
MT-LANA-ROCA;Panel de lana de roca para aislamiento térmico y acústico y protección contra incendios.;materiales;m2;MX;MXN;;;;;;pendiente;por_verificar;no_confirmado;pendiente;Pendiente de investigación específica.
MT-LANA-ROCA;Panel de lana de roca para aislamiento térmico y acústico y protección contra incendios.;materiales;m2;EC;USD;;;;;;pendiente;por_verificar;no_confirmado;pendiente;Pendiente de investigación específica.
MT-MEMBRANA-PVC;Membrana impermeabilizante de PVC armado con poliéster, para cubiertas y terrazas.;materiales;m2;CO;COP;;;;;;pendiente;por_verificar;no_confirmado;pendiente;Pendiente de investigación específica.
MT-MEMBRANA-PVC;Membrana impermeabilizante de PVC armado con poliéster, para cubiertas y terrazas.;materiales;m2;PE;PEN;;;;;;pendiente;por_verificar;no_confirmado;pendiente;Pendiente de investigación específica.
MT-MEMBRANA-PVC;Membrana impermeabilizante de PVC armado con poliéster, para cubiertas y terrazas.;materiales;m2;MX;MXN;;;;;;pendiente;por_verificar;no_confirmado;pendiente;Pendiente de investigación específica.
MT-MEMBRANA-PVC;Membrana impermeabilizante de PVC armado con poliéster, para cubiertas y terrazas.;materiales;m2;EC;USD;;;;;;pendiente;por_verificar;no_confirmado;pendiente;Pendiente de investigación específica.
MT-BENTONITA;Geocompuesto de bentonita sódica para impermeabilización de muros enterrados y fundaciones.;materiales;m2;CO;COP;;;;;;pendiente;por_verificar;no_confirmado;pendiente;Pendiente de investigación específica.
MT-BENTONITA;Geocompuesto de bentonita sódica para impermeabilización de muros enterrados y fundaciones.;materiales;m2;PE;PEN;;;;;;pendiente;por_verificar;no_confirmado;pendiente;Pendiente de investigación específica.
MT-BENTONITA;Geocompuesto de bentonita sódica para impermeabilización de muros enterrados y fundaciones.;materiales;m2;MX;MXN;;;;;;pendiente;por_verificar;no_confirmado;pendiente;Pendiente de investigación específica.
MT-BENTONITA;Geocompuesto de bentonita sódica para impermeabilización de muros enterrados y fundaciones.;materiales;m2;EC;USD;;;;;;pendiente;por_verificar;no_confirmado;pendiente;Pendiente de investigación específica.
MT-LAMINA-DREN;Lámina drenante nodular de polietileno para protección y drenaje de muros enterrados.;materiales;m2;CO;COP;;;;;;pendiente;por_verificar;no_confirmado;pendiente;Pendiente de investigación específica.
MT-LAMINA-DREN;Lámina drenante nodular de polietileno para protección y drenaje de muros enterrados.;materiales;m2;PE;PEN;;;;;;pendiente;por_verificar;no_confirmado;pendiente;Pendiente de investigación específica.
MT-LAMINA-DREN;Lámina drenante nodular de polietileno para protección y drenaje de muros enterrados.;materiales;m2;MX;MXN;;;;;;pendiente;por_verificar;no_confirmado;pendiente;Pendiente de investigación específica.
MT-LAMINA-DREN;Lámina drenante nodular de polietileno para protección y drenaje de muros enterrados.;materiales;m2;EC;USD;;;;;;pendiente;por_verificar;no_confirmado;pendiente;Pendiente de investigación específica.
MT-BARRERA-ANTICAP;Barrera anticapilaridad de lámina bituminosa o de polietileno para muros.;materiales;m;CO;COP;;;;;;pendiente;por_verificar;no_confirmado;pendiente;Pendiente de investigación específica.
MT-BARRERA-ANTICAP;Barrera anticapilaridad de lámina bituminosa o de polietileno para muros.;materiales;m;PE;PEN;;;;;;pendiente;por_verificar;no_confirmado;pendiente;Pendiente de investigación específica.
MT-BARRERA-ANTICAP;Barrera anticapilaridad de lámina bituminosa o de polietileno para muros.;materiales;m;MX;MXN;;;;;;pendiente;por_verificar;no_confirmado;pendiente;Pendiente de investigación específica.
MT-BARRERA-ANTICAP;Barrera anticapilaridad de lámina bituminosa o de polietileno para muros.;materiales;m;EC;USD;;;;;;pendiente;por_verificar;no_confirmado;pendiente;Pendiente de investigación específica.
MT-RESINA-INYEC;Resina de inyección para sellado de fisuras y filtraciones en muros y estructuras.;materiales;l;CO;COP;;;;;;pendiente;por_verificar;no_confirmado;pendiente;Pendiente de investigación específica.
MT-RESINA-INYEC;Resina de inyección para sellado de fisuras y filtraciones en muros y estructuras.;materiales;l;PE;PEN;;;;;;pendiente;por_verificar;no_confirmado;pendiente;Pendiente de investigación específica.
MT-RESINA-INYEC;Resina de inyección para sellado de fisuras y filtraciones en muros y estructuras.;materiales;l;MX;MXN;;;;;;pendiente;por_verificar;no_confirmado;pendiente;Pendiente de investigación específica.
MT-RESINA-INYEC;Resina de inyección para sellado de fisuras y filtraciones en muros y estructuras.;materiales;l;EC;USD;;;;;;pendiente;por_verificar;no_confirmado;pendiente;Pendiente de investigación específica.
MT-SELLA-BENTONITA;Cordón de bentonita expansiva para sellado de juntas de hormigonado y pasos.;materiales;m;CO;COP;;;;;;pendiente;por_verificar;no_confirmado;pendiente;Pendiente de investigación específica.
MT-SELLA-BENTONITA;Cordón de bentonita expansiva para sellado de juntas de hormigonado y pasos.;materiales;m;PE;PEN;;;;;;pendiente;por_verificar;no_confirmado;pendiente;Pendiente de investigación específica.
MT-SELLA-BENTONITA;Cordón de bentonita expansiva para sellado de juntas de hormigonado y pasos.;materiales;m;MX;MXN;;;;;;pendiente;por_verificar;no_confirmado;pendiente;Pendiente de investigación específica.
MT-SELLA-BENTONITA;Cordón de bentonita expansiva para sellado de juntas de hormigonado y pasos.;materiales;m;EC;USD;;;;;;pendiente;por_verificar;no_confirmado;pendiente;Pendiente de investigación específica.
MT-MALLA-DREN;Geocompuesto drenante con malla y núcleo para drenaje de cubiertas y muros.;materiales;m2;CO;COP;;;;;;pendiente;por_verificar;no_confirmado;pendiente;Pendiente de investigación específica.
MT-MALLA-DREN;Geocompuesto drenante con malla y núcleo para drenaje de cubiertas y muros.;materiales;m2;PE;PEN;;;;;;pendiente;por_verificar;no_confirmado;pendiente;Pendiente de investigación específica.
MT-MALLA-DREN;Geocompuesto drenante con malla y núcleo para drenaje de cubiertas y muros.;materiales;m2;MX;MXN;;;;;;pendiente;por_verificar;no_confirmado;pendiente;Pendiente de investigación específica.
MT-MALLA-DREN;Geocompuesto drenante con malla y núcleo para drenaje de cubiertas y muros.;materiales;m2;EC;USD;;;;;;pendiente;por_verificar;no_confirmado;pendiente;Pendiente de investigación específica.
MT-PLACA-FACHADA;Panel de fachada ventilada (composite de aluminio, fibrocemento o cerámico extruido), con sus fijaciones ocultas.;materiales;m2;CO;COP;;;;;;pendiente;por_verificar;no_confirmado;pendiente;Pendiente de investigación específica.
MT-PLACA-FACHADA;Panel de fachada ventilada (composite de aluminio, fibrocemento o cerámico extruido), con sus fijaciones ocultas.;materiales;m2;PE;PEN;;;;;;pendiente;por_verificar;no_confirmado;pendiente;Pendiente de investigación específica.
MT-PLACA-FACHADA;Panel de fachada ventilada (composite de aluminio, fibrocemento o cerámico extruido), con sus fijaciones ocultas.;materiales;m2;MX;MXN;;;;;;pendiente;por_verificar;no_confirmado;pendiente;Pendiente de investigación específica.
MT-PLACA-FACHADA;Panel de fachada ventilada (composite de aluminio, fibrocemento o cerámico extruido), con sus fijaciones ocultas.;materiales;m2;EC;USD;;;;;;pendiente;por_verificar;no_confirmado;pendiente;Pendiente de investigación específica.
MT-MALLA-FACH;Malla de fibra de vidrio antiálcalis para refuerzo de revestimiento continuo de fachada (SATE).;materiales;m2;CO;COP;;;;;;pendiente;por_verificar;no_confirmado;pendiente;Pendiente de investigación específica.
MT-MALLA-FACH;Malla de fibra de vidrio antiálcalis para refuerzo de revestimiento continuo de fachada (SATE).;materiales;m2;PE;PEN;;;;;;pendiente;por_verificar;no_confirmado;pendiente;Pendiente de investigación específica.
MT-MALLA-FACH;Malla de fibra de vidrio antiálcalis para refuerzo de revestimiento continuo de fachada (SATE).;materiales;m2;MX;MXN;;;;;;pendiente;por_verificar;no_confirmado;pendiente;Pendiente de investigación específica.
MT-MALLA-FACH;Malla de fibra de vidrio antiálcalis para refuerzo de revestimiento continuo de fachada (SATE).;materiales;m2;EC;USD;;;;;;pendiente;por_verificar;no_confirmado;pendiente;Pendiente de investigación específica.
MT-SUBESTRUCTURA;Subestructura de fachada ventilada en perfiles de aluminio, con anclajes y remates.;materiales;m2;CO;COP;;;;;;pendiente;por_verificar;no_confirmado;pendiente;Pendiente de investigación específica.
MT-SUBESTRUCTURA;Subestructura de fachada ventilada en perfiles de aluminio, con anclajes y remates.;materiales;m2;PE;PEN;;;;;;pendiente;por_verificar;no_confirmado;pendiente;Pendiente de investigación específica.
MT-SUBESTRUCTURA;Subestructura de fachada ventilada en perfiles de aluminio, con anclajes y remates.;materiales;m2;MX;MXN;;;;;;pendiente;por_verificar;no_confirmado;pendiente;Pendiente de investigación específica.
MT-SUBESTRUCTURA;Subestructura de fachada ventilada en perfiles de aluminio, con anclajes y remates.;materiales;m2;EC;USD;;;;;;pendiente;por_verificar;no_confirmado;pendiente;Pendiente de investigación específica.
MT-LADRILLO-VISTO;Ladrillo caravista de arcilla para fachadas de ladrillo visto, con junta fina.;materiales;ud;CO;COP;;;;;;pendiente;por_verificar;no_confirmado;pendiente;Pendiente de investigación específica.
MT-LADRILLO-VISTO;Ladrillo caravista de arcilla para fachadas de ladrillo visto, con junta fina.;materiales;ud;PE;PEN;;;;;;pendiente;por_verificar;no_confirmado;pendiente;Pendiente de investigación específica.
MT-LADRILLO-VISTO;Ladrillo caravista de arcilla para fachadas de ladrillo visto, con junta fina.;materiales;ud;MX;MXN;;;;;;pendiente;por_verificar;no_confirmado;pendiente;Pendiente de investigación específica.
MT-LADRILLO-VISTO;Ladrillo caravista de arcilla para fachadas de ladrillo visto, con junta fina.;materiales;ud;EC;USD;;;;;;pendiente;por_verificar;no_confirmado;pendiente;Pendiente de investigación específica.
MT-PIEDRA-FACHADA;Aplacado de piedra natural ligera para fachada ventilada, con fijación mecánica.;materiales;m2;CO;COP;;;;;;pendiente;por_verificar;no_confirmado;pendiente;Pendiente de investigación específica.
MT-PIEDRA-FACHADA;Aplacado de piedra natural ligera para fachada ventilada, con fijación mecánica.;materiales;m2;PE;PEN;;;;;;pendiente;por_verificar;no_confirmado;pendiente;Pendiente de investigación específica.
MT-PIEDRA-FACHADA;Aplacado de piedra natural ligera para fachada ventilada, con fijación mecánica.;materiales;m2;MX;MXN;;;;;;pendiente;por_verificar;no_confirmado;pendiente;Pendiente de investigación específica.
MT-PIEDRA-FACHADA;Aplacado de piedra natural ligera para fachada ventilada, con fijación mecánica.;materiales;m2;EC;USD;;;;;;pendiente;por_verificar;no_confirmado;pendiente;Pendiente de investigación específica.
MT-MASTIC-CORTAFUEGO;Masilla o mortero intumescente para sellado cortafuego de pasos de instalaciones en muros y losas.;materiales;kg;CO;COP;;;;;;pendiente;por_verificar;no_confirmado;pendiente;Pendiente de investigación específica.
MT-MASTIC-CORTAFUEGO;Masilla o mortero intumescente para sellado cortafuego de pasos de instalaciones en muros y losas.;materiales;kg;PE;PEN;;;;;;pendiente;por_verificar;no_confirmado;pendiente;Pendiente de investigación específica.
MT-MASTIC-CORTAFUEGO;Masilla o mortero intumescente para sellado cortafuego de pasos de instalaciones en muros y losas.;materiales;kg;MX;MXN;;;;;;pendiente;por_verificar;no_confirmado;pendiente;Pendiente de investigación específica.
MT-MASTIC-CORTAFUEGO;Masilla o mortero intumescente para sellado cortafuego de pasos de instalaciones en muros y losas.;materiales;kg;EC;USD;;;;;;pendiente;por_verificar;no_confirmado;pendiente;Pendiente de investigación específica.
MT-BOMBA-AGUA;Bomba centrífuga de agua para suministro doméstico, con su control y accesorios de conexión.;materiales;ud;CO;COP;;;;;;pendiente;por_verificar;no_confirmado;pendiente;Pendiente de investigación específica.
MT-BOMBA-AGUA;Bomba centrífuga de agua para suministro doméstico, con su control y accesorios de conexión.;materiales;ud;PE;PEN;;;;;;pendiente;por_verificar;no_confirmado;pendiente;Pendiente de investigación específica.
MT-BOMBA-AGUA;Bomba centrífuga de agua para suministro doméstico, con su control y accesorios de conexión.;materiales;ud;MX;MXN;;;;;;pendiente;por_verificar;no_confirmado;pendiente;Pendiente de investigación específica.
MT-BOMBA-AGUA;Bomba centrífuga de agua para suministro doméstico, con su control y accesorios de conexión.;materiales;ud;EC;USD;;;;;;pendiente;por_verificar;no_confirmado;pendiente;Pendiente de investigación específica.
MT-HIDRONEUMATICO;Sistema hidroneumático con tanque de presión, bomba y control, para presión constante de agua.;materiales;ud;CO;COP;;;;;;pendiente;por_verificar;no_confirmado;pendiente;Pendiente de investigación específica.
MT-HIDRONEUMATICO;Sistema hidroneumático con tanque de presión, bomba y control, para presión constante de agua.;materiales;ud;PE;PEN;;;;;;pendiente;por_verificar;no_confirmado;pendiente;Pendiente de investigación específica.
MT-HIDRONEUMATICO;Sistema hidroneumático con tanque de presión, bomba y control, para presión constante de agua.;materiales;ud;MX;MXN;;;;;;pendiente;por_verificar;no_confirmado;pendiente;Pendiente de investigación específica.
MT-HIDRONEUMATICO;Sistema hidroneumático con tanque de presión, bomba y control, para presión constante de agua.;materiales;ud;EC;USD;;;;;;pendiente;por_verificar;no_confirmado;pendiente;Pendiente de investigación específica.
MT-PLANTA-ELEC;Planta eléctrica de respaldo con motor diésel o gasolina y tablero de arranque, para suministro de emergencia.;materiales;ud;CO;COP;;;;;;pendiente;por_verificar;no_confirmado;pendiente;Pendiente de investigación específica.
MT-PLANTA-ELEC;Planta eléctrica de respaldo con motor diésel o gasolina y tablero de arranque, para suministro de emergencia.;materiales;ud;PE;PEN;;;;;;pendiente;por_verificar;no_confirmado;pendiente;Pendiente de investigación específica.
MT-PLANTA-ELEC;Planta eléctrica de respaldo con motor diésel o gasolina y tablero de arranque, para suministro de emergencia.;materiales;ud;MX;MXN;;;;;;pendiente;por_verificar;no_confirmado;pendiente;Pendiente de investigación específica.
MT-PLANTA-ELEC;Planta eléctrica de respaldo con motor diésel o gasolina y tablero de arranque, para suministro de emergencia.;materiales;ud;EC;USD;;;;;;pendiente;por_verificar;no_confirmado;pendiente;Pendiente de investigación específica.
MT-BATERIA;Batería de ciclo profundo para sistema de respaldo eléctrico, de plomo-ácido o litio.;materiales;ud;CO;COP;;;;;;pendiente;por_verificar;no_confirmado;pendiente;Pendiente de investigación específica.
MT-BATERIA;Batería de ciclo profundo para sistema de respaldo eléctrico, de plomo-ácido o litio.;materiales;ud;PE;PEN;;;;;;pendiente;por_verificar;no_confirmado;pendiente;Pendiente de investigación específica.
MT-BATERIA;Batería de ciclo profundo para sistema de respaldo eléctrico, de plomo-ácido o litio.;materiales;ud;MX;MXN;;;;;;pendiente;por_verificar;no_confirmado;pendiente;Pendiente de investigación específica.
MT-BATERIA;Batería de ciclo profundo para sistema de respaldo eléctrico, de plomo-ácido o litio.;materiales;ud;EC;USD;;;;;;pendiente;por_verificar;no_confirmado;pendiente;Pendiente de investigación específica.
MT-INVERSOR;Inversor de corriente para sistema de respaldo, con su control de carga.;materiales;ud;CO;COP;;;;;;pendiente;por_verificar;no_confirmado;pendiente;Pendiente de investigación específica.
MT-INVERSOR;Inversor de corriente para sistema de respaldo, con su control de carga.;materiales;ud;PE;PEN;;;;;;pendiente;por_verificar;no_confirmado;pendiente;Pendiente de investigación específica.
MT-INVERSOR;Inversor de corriente para sistema de respaldo, con su control de carga.;materiales;ud;MX;MXN;;;;;;pendiente;por_verificar;no_confirmado;pendiente;Pendiente de investigación específica.
MT-INVERSOR;Inversor de corriente para sistema de respaldo, con su control de carga.;materiales;ud;EC;USD;;;;;;pendiente;por_verificar;no_confirmado;pendiente;Pendiente de investigación específica.
MT-PANEL-SOLAR;Panel fotovoltaico para generación de energía, con su estructura de fijación.;materiales;ud;CO;COP;;;;;;pendiente;por_verificar;no_confirmado;pendiente;Pendiente de investigación específica.
MT-PANEL-SOLAR;Panel fotovoltaico para generación de energía, con su estructura de fijación.;materiales;ud;PE;PEN;;;;;;pendiente;por_verificar;no_confirmado;pendiente;Pendiente de investigación específica.
MT-PANEL-SOLAR;Panel fotovoltaico para generación de energía, con su estructura de fijación.;materiales;ud;MX;MXN;;;;;;pendiente;por_verificar;no_confirmado;pendiente;Pendiente de investigación específica.
MT-PANEL-SOLAR;Panel fotovoltaico para generación de energía, con su estructura de fijación.;materiales;ud;EC;USD;;;;;;pendiente;por_verificar;no_confirmado;pendiente;Pendiente de investigación específica.
MT-CAMARA-CCTV;Cámara de video vigilancia CCTV, con su soporte y cable de conexión.;materiales;ud;CO;COP;;;;;;pendiente;por_verificar;no_confirmado;pendiente;Pendiente de investigación específica.
MT-CAMARA-CCTV;Cámara de video vigilancia CCTV, con su soporte y cable de conexión.;materiales;ud;PE;PEN;;;;;;pendiente;por_verificar;no_confirmado;pendiente;Pendiente de investigación específica.
MT-CAMARA-CCTV;Cámara de video vigilancia CCTV, con su soporte y cable de conexión.;materiales;ud;MX;MXN;;;;;;pendiente;por_verificar;no_confirmado;pendiente;Pendiente de investigación específica.
MT-CAMARA-CCTV;Cámara de video vigilancia CCTV, con su soporte y cable de conexión.;materiales;ud;EC;USD;;;;;;pendiente;por_verificar;no_confirmado;pendiente;Pendiente de investigación específica.
MT-ALARMA;Central de alarma con teclado, sensores y sirena, para protección perimetral e interior.;materiales;ud;CO;COP;;;;;;pendiente;por_verificar;no_confirmado;pendiente;Pendiente de investigación específica.
MT-ALARMA;Central de alarma con teclado, sensores y sirena, para protección perimetral e interior.;materiales;ud;PE;PEN;;;;;;pendiente;por_verificar;no_confirmado;pendiente;Pendiente de investigación específica.
MT-ALARMA;Central de alarma con teclado, sensores y sirena, para protección perimetral e interior.;materiales;ud;MX;MXN;;;;;;pendiente;por_verificar;no_confirmado;pendiente;Pendiente de investigación específica.
MT-ALARMA;Central de alarma con teclado, sensores y sirena, para protección perimetral e interior.;materiales;ud;EC;USD;;;;;;pendiente;por_verificar;no_confirmado;pendiente;Pendiente de investigación específica.
MT-SOPORTE-ANTIVIB;Soporte antivibratorio de neopreno (silent block) para aislar equipos de bombas, compresores y maquinaria, con su tornillería.;materiales;ud;CO;COP;;;;;;pendiente;por_verificar;no_confirmado;pendiente;Pendiente de investigación específica.
MT-SOPORTE-ANTIVIB;Soporte antivibratorio de neopreno (silent block) para aislar equipos de bombas, compresores y maquinaria, con su tornillería.;materiales;ud;PE;PEN;;;;;;pendiente;por_verificar;no_confirmado;pendiente;Pendiente de investigación específica.
MT-SOPORTE-ANTIVIB;Soporte antivibratorio de neopreno (silent block) para aislar equipos de bombas, compresores y maquinaria, con su tornillería.;materiales;ud;MX;MXN;;;;;;pendiente;por_verificar;no_confirmado;pendiente;Pendiente de investigación específica.
MT-SOPORTE-ANTIVIB;Soporte antivibratorio de neopreno (silent block) para aislar equipos de bombas, compresores y maquinaria, con su tornillería.;materiales;ud;EC;USD;;;;;;pendiente;por_verificar;no_confirmado;pendiente;Pendiente de investigación específica.
MQ-CORT-AGUA;Cortadora eléctrica de banco con disco de diamante y refrigeración por agua, incluida amortización y consumo.;maquinaria;h;CO;COP;;;;;;pendiente;por_verificar;no_confirmado;pendiente;Pendiente de investigación específica.
MQ-CORT-AGUA;Cortadora eléctrica de banco con disco de diamante y refrigeración por agua, incluida amortización y consumo.;maquinaria;h;PE;PEN;;;;;;pendiente;por_verificar;no_confirmado;pendiente;Pendiente de investigación específica.
MQ-CORT-AGUA;Cortadora eléctrica de banco con disco de diamante y refrigeración por agua, incluida amortización y consumo.;maquinaria;h;MX;MXN;;;;;;pendiente;por_verificar;no_confirmado;pendiente;Pendiente de investigación específica.
MQ-CORT-AGUA;Cortadora eléctrica de banco con disco de diamante y refrigeración por agua, incluida amortización y consumo.;maquinaria;h;EC;USD;;;;;;pendiente;por_verificar;no_confirmado;pendiente;Pendiente de investigación específica.
MQ-BATID;Batidora mezcladora eléctrica de doble varilla para amasado de morteros y adhesivos.;maquinaria;h;CO;COP;;;;;;pendiente;por_verificar;no_confirmado;pendiente;Pendiente de investigación específica.
MQ-BATID;Batidora mezcladora eléctrica de doble varilla para amasado de morteros y adhesivos.;maquinaria;h;PE;PEN;;;;;;pendiente;por_verificar;no_confirmado;pendiente;Pendiente de investigación específica.
MQ-BATID;Batidora mezcladora eléctrica de doble varilla para amasado de morteros y adhesivos.;maquinaria;h;MX;MXN;;;;;;pendiente;por_verificar;no_confirmado;pendiente;Pendiente de investigación específica.
MQ-BATID;Batidora mezcladora eléctrica de doble varilla para amasado de morteros y adhesivos.;maquinaria;h;EC;USD;;;;;;pendiente;por_verificar;no_confirmado;pendiente;Pendiente de investigación específica.
MQ-MART-ELEC;Martillo eléctrico de demolición de 5 kg, incluida amortización y consumo.;maquinaria;h;CO;COP;;;;;;pendiente;por_verificar;no_confirmado;pendiente;Pendiente de investigación específica.
MQ-MART-ELEC;Martillo eléctrico de demolición de 5 kg, incluida amortización y consumo.;maquinaria;h;PE;PEN;;;;;;pendiente;por_verificar;no_confirmado;pendiente;Pendiente de investigación específica.
MQ-MART-ELEC;Martillo eléctrico de demolición de 5 kg, incluida amortización y consumo.;maquinaria;h;MX;MXN;;;;;;pendiente;por_verificar;no_confirmado;pendiente;Pendiente de investigación específica.
MQ-MART-ELEC;Martillo eléctrico de demolición de 5 kg, incluida amortización y consumo.;maquinaria;h;EC;USD;;;;;;pendiente;por_verificar;no_confirmado;pendiente;Pendiente de investigación específica.
MQ-ASPIR;Aspirador industrial con filtro de polvo fino para limpieza de soporte y control de polvo.;maquinaria;h;CO;COP;;;;;;pendiente;por_verificar;no_confirmado;pendiente;Pendiente de investigación específica.
MQ-ASPIR;Aspirador industrial con filtro de polvo fino para limpieza de soporte y control de polvo.;maquinaria;h;PE;PEN;;;;;;pendiente;por_verificar;no_confirmado;pendiente;Pendiente de investigación específica.
MQ-ASPIR;Aspirador industrial con filtro de polvo fino para limpieza de soporte y control de polvo.;maquinaria;h;MX;MXN;;;;;;pendiente;por_verificar;no_confirmado;pendiente;Pendiente de investigación específica.
MQ-ASPIR;Aspirador industrial con filtro de polvo fino para limpieza de soporte y control de polvo.;maquinaria;h;EC;USD;;;;;;pendiente;por_verificar;no_confirmado;pendiente;Pendiente de investigación específica.
MQ-VENT-SUC;Juego de ventosas de elevación para manipulación de piezas de gran formato.;maquinaria;h;CO;COP;;;;;;pendiente;por_verificar;no_confirmado;pendiente;Pendiente de investigación específica.
MQ-VENT-SUC;Juego de ventosas de elevación para manipulación de piezas de gran formato.;maquinaria;h;PE;PEN;;;;;;pendiente;por_verificar;no_confirmado;pendiente;Pendiente de investigación específica.
MQ-VENT-SUC;Juego de ventosas de elevación para manipulación de piezas de gran formato.;maquinaria;h;MX;MXN;;;;;;pendiente;por_verificar;no_confirmado;pendiente;Pendiente de investigación específica.
MQ-VENT-SUC;Juego de ventosas de elevación para manipulación de piezas de gran formato.;maquinaria;h;EC;USD;;;;;;pendiente;por_verificar;no_confirmado;pendiente;Pendiente de investigación específica.
MQ-ATORN;Atornilladora eléctrica para placa de yeso laminado, incluida amortización y consumo.;maquinaria;h;CO;COP;;;;;;pendiente;por_verificar;no_confirmado;pendiente;Pendiente de investigación específica.
MQ-ATORN;Atornilladora eléctrica para placa de yeso laminado, incluida amortización y consumo.;maquinaria;h;PE;PEN;;;;;;pendiente;por_verificar;no_confirmado;pendiente;Pendiente de investigación específica.
MQ-ATORN;Atornilladora eléctrica para placa de yeso laminado, incluida amortización y consumo.;maquinaria;h;MX;MXN;;;;;;pendiente;por_verificar;no_confirmado;pendiente;Pendiente de investigación específica.
MQ-ATORN;Atornilladora eléctrica para placa de yeso laminado, incluida amortización y consumo.;maquinaria;h;EC;USD;;;;;;pendiente;por_verificar;no_confirmado;pendiente;Pendiente de investigación específica.
MQ-LIJAD;Lijadora de pared con aspiración para acabado de juntas.;maquinaria;h;CO;COP;;;;;;pendiente;por_verificar;no_confirmado;pendiente;Pendiente de investigación específica.
MQ-LIJAD;Lijadora de pared con aspiración para acabado de juntas.;maquinaria;h;PE;PEN;;;;;;pendiente;por_verificar;no_confirmado;pendiente;Pendiente de investigación específica.
MQ-LIJAD;Lijadora de pared con aspiración para acabado de juntas.;maquinaria;h;MX;MXN;;;;;;pendiente;por_verificar;no_confirmado;pendiente;Pendiente de investigación específica.
MQ-LIJAD;Lijadora de pared con aspiración para acabado de juntas.;maquinaria;h;EC;USD;;;;;;pendiente;por_verificar;no_confirmado;pendiente;Pendiente de investigación específica.
MQ-ROZAD;Rozadora eléctrica de doble disco de diamante con captación de polvo.;maquinaria;h;CO;COP;;;;;;pendiente;por_verificar;no_confirmado;pendiente;Pendiente de investigación específica.
MQ-ROZAD;Rozadora eléctrica de doble disco de diamante con captación de polvo.;maquinaria;h;PE;PEN;;;;;;pendiente;por_verificar;no_confirmado;pendiente;Pendiente de investigación específica.
MQ-ROZAD;Rozadora eléctrica de doble disco de diamante con captación de polvo.;maquinaria;h;MX;MXN;;;;;;pendiente;por_verificar;no_confirmado;pendiente;Pendiente de investigación específica.
MQ-ROZAD;Rozadora eléctrica de doble disco de diamante con captación de polvo.;maquinaria;h;EC;USD;;;;;;pendiente;por_verificar;no_confirmado;pendiente;Pendiente de investigación específica.
MQ-TERMOF;Termofusora para tubería de polipropileno PPR, incluida amortización.;maquinaria;h;CO;COP;;;;;;pendiente;por_verificar;no_confirmado;pendiente;Pendiente de investigación específica.
MQ-TERMOF;Termofusora para tubería de polipropileno PPR, incluida amortización.;maquinaria;h;PE;PEN;;;;;;pendiente;por_verificar;no_confirmado;pendiente;Pendiente de investigación específica.
MQ-TERMOF;Termofusora para tubería de polipropileno PPR, incluida amortización.;maquinaria;h;MX;MXN;;;;;;pendiente;por_verificar;no_confirmado;pendiente;Pendiente de investigación específica.
MQ-TERMOF;Termofusora para tubería de polipropileno PPR, incluida amortización.;maquinaria;h;EC;USD;;;;;;pendiente;por_verificar;no_confirmado;pendiente;Pendiente de investigación específica.
MQ-RODILLO;Equipo de aplicación de pintura: rodillos, brochas, cubetas y andamio bajo.;maquinaria;h;CO;COP;;;;;;pendiente;por_verificar;no_confirmado;pendiente;Pendiente de investigación específica.
MQ-RODILLO;Equipo de aplicación de pintura: rodillos, brochas, cubetas y andamio bajo.;maquinaria;h;PE;PEN;;;;;;pendiente;por_verificar;no_confirmado;pendiente;Pendiente de investigación específica.
MQ-RODILLO;Equipo de aplicación de pintura: rodillos, brochas, cubetas y andamio bajo.;maquinaria;h;MX;MXN;;;;;;pendiente;por_verificar;no_confirmado;pendiente;Pendiente de investigación específica.
MQ-RODILLO;Equipo de aplicación de pintura: rodillos, brochas, cubetas y andamio bajo.;maquinaria;h;EC;USD;;;;;;pendiente;por_verificar;no_confirmado;pendiente;Pendiente de investigación específica.
MQ-VOLQ;Camión volqueta de 6 m³ con chofer, para transporte de escombro a vertedero.;maquinaria;h;CO;COP;;;;;;pendiente;por_verificar;no_confirmado;pendiente;Pendiente de investigación específica.
MQ-VOLQ;Camión volqueta de 6 m³ con chofer, para transporte de escombro a vertedero.;maquinaria;h;PE;PEN;;;;;;pendiente;por_verificar;no_confirmado;pendiente;Pendiente de investigación específica.
MQ-VOLQ;Camión volqueta de 6 m³ con chofer, para transporte de escombro a vertedero.;maquinaria;h;MX;MXN;;;;;;pendiente;por_verificar;no_confirmado;pendiente;Pendiente de investigación específica.
MQ-VOLQ;Camión volqueta de 6 m³ con chofer, para transporte de escombro a vertedero.;maquinaria;h;EC;USD;;;;;;pendiente;por_verificar;no_confirmado;pendiente;Pendiente de investigación específica.
MQ-MEZCL;Mezcladora de concreto y mortero de 1 saco, incluida amortización y combustible.;maquinaria;h;CO;COP;;;;;;pendiente;por_verificar;no_confirmado;pendiente;Pendiente de investigación específica.
MQ-MEZCL;Mezcladora de concreto y mortero de 1 saco, incluida amortización y combustible.;maquinaria;h;PE;PEN;;;;;;pendiente;por_verificar;no_confirmado;pendiente;Pendiente de investigación específica.
MQ-MEZCL;Mezcladora de concreto y mortero de 1 saco, incluida amortización y combustible.;maquinaria;h;MX;MXN;;;;;;pendiente;por_verificar;no_confirmado;pendiente;Pendiente de investigación específica.
MQ-MEZCL;Mezcladora de concreto y mortero de 1 saco, incluida amortización y combustible.;maquinaria;h;EC;USD;;;;;;pendiente;por_verificar;no_confirmado;pendiente;Pendiente de investigación específica.
MQ-MART-NEUM;Martillo neumático con compresor de aire, para demolición de concreto y pisos de alta dureza.;maquinaria;h;CO;COP;;;;;;pendiente;por_verificar;no_confirmado;pendiente;Pendiente de investigación específica.
MQ-MART-NEUM;Martillo neumático con compresor de aire, para demolición de concreto y pisos de alta dureza.;maquinaria;h;PE;PEN;;;;;;pendiente;por_verificar;no_confirmado;pendiente;Pendiente de investigación específica.
MQ-MART-NEUM;Martillo neumático con compresor de aire, para demolición de concreto y pisos de alta dureza.;maquinaria;h;MX;MXN;;;;;;pendiente;por_verificar;no_confirmado;pendiente;Pendiente de investigación específica.
MQ-MART-NEUM;Martillo neumático con compresor de aire, para demolición de concreto y pisos de alta dureza.;maquinaria;h;EC;USD;;;;;;pendiente;por_verificar;no_confirmado;pendiente;Pendiente de investigación específica.
MQ-AMOLA;Amoladora angular con disco de diamante, para corte perimetral y de juntas.;maquinaria;h;CO;COP;;;;;;pendiente;por_verificar;no_confirmado;pendiente;Pendiente de investigación específica.
MQ-AMOLA;Amoladora angular con disco de diamante, para corte perimetral y de juntas.;maquinaria;h;PE;PEN;;;;;;pendiente;por_verificar;no_confirmado;pendiente;Pendiente de investigación específica.
MQ-AMOLA;Amoladora angular con disco de diamante, para corte perimetral y de juntas.;maquinaria;h;MX;MXN;;;;;;pendiente;por_verificar;no_confirmado;pendiente;Pendiente de investigación específica.
MQ-AMOLA;Amoladora angular con disco de diamante, para corte perimetral y de juntas.;maquinaria;h;EC;USD;;;;;;pendiente;por_verificar;no_confirmado;pendiente;Pendiente de investigación específica.
MQ-ANDAMIO;Andamio tubular o de borriquetas para trabajos en altura, incluido montaje y desmontaje amortizados.;maquinaria;h;CO;COP;;;;;;pendiente;por_verificar;no_confirmado;pendiente;Pendiente de investigación específica.
MQ-ANDAMIO;Andamio tubular o de borriquetas para trabajos en altura, incluido montaje y desmontaje amortizados.;maquinaria;h;PE;PEN;;;;;;pendiente;por_verificar;no_confirmado;pendiente;Pendiente de investigación específica.
MQ-ANDAMIO;Andamio tubular o de borriquetas para trabajos en altura, incluido montaje y desmontaje amortizados.;maquinaria;h;MX;MXN;;;;;;pendiente;por_verificar;no_confirmado;pendiente;Pendiente de investigación específica.
MQ-ANDAMIO;Andamio tubular o de borriquetas para trabajos en altura, incluido montaje y desmontaje amortizados.;maquinaria;h;EC;USD;;;;;;pendiente;por_verificar;no_confirmado;pendiente;Pendiente de investigación específica.
MQ-RETRO;Retroexcavadora o minicargadora con martillo hidráulico y operador.;maquinaria;h;CO;COP;;;;;;pendiente;por_verificar;no_confirmado;pendiente;Pendiente de investigación específica.
MQ-RETRO;Retroexcavadora o minicargadora con martillo hidráulico y operador.;maquinaria;h;PE;PEN;;;;;;pendiente;por_verificar;no_confirmado;pendiente;Pendiente de investigación específica.
MQ-RETRO;Retroexcavadora o minicargadora con martillo hidráulico y operador.;maquinaria;h;MX;MXN;;;;;;pendiente;por_verificar;no_confirmado;pendiente;Pendiente de investigación específica.
MQ-RETRO;Retroexcavadora o minicargadora con martillo hidráulico y operador.;maquinaria;h;EC;USD;;;;;;pendiente;por_verificar;no_confirmado;pendiente;Pendiente de investigación específica.
MQ-OXICORTE;Equipo de oxicorte para desguace de estructuras y elementos metálicos.;maquinaria;h;CO;COP;;;;;;pendiente;por_verificar;no_confirmado;pendiente;Pendiente de investigación específica.
MQ-OXICORTE;Equipo de oxicorte para desguace de estructuras y elementos metálicos.;maquinaria;h;PE;PEN;;;;;;pendiente;por_verificar;no_confirmado;pendiente;Pendiente de investigación específica.
MQ-OXICORTE;Equipo de oxicorte para desguace de estructuras y elementos metálicos.;maquinaria;h;MX;MXN;;;;;;pendiente;por_verificar;no_confirmado;pendiente;Pendiente de investigación específica.
MQ-OXICORTE;Equipo de oxicorte para desguace de estructuras y elementos metálicos.;maquinaria;h;EC;USD;;;;;;pendiente;por_verificar;no_confirmado;pendiente;Pendiente de investigación específica.
MQ-SIERRA;Sierra circular o motosierra para corte de elementos de madera.;maquinaria;h;CO;COP;;;;;;pendiente;por_verificar;no_confirmado;pendiente;Pendiente de investigación específica.
MQ-SIERRA;Sierra circular o motosierra para corte de elementos de madera.;maquinaria;h;PE;PEN;;;;;;pendiente;por_verificar;no_confirmado;pendiente;Pendiente de investigación específica.
MQ-SIERRA;Sierra circular o motosierra para corte de elementos de madera.;maquinaria;h;MX;MXN;;;;;;pendiente;por_verificar;no_confirmado;pendiente;Pendiente de investigación específica.
MQ-SIERRA;Sierra circular o motosierra para corte de elementos de madera.;maquinaria;h;EC;USD;;;;;;pendiente;por_verificar;no_confirmado;pendiente;Pendiente de investigación específica.
MQ-MONTAC;Montacargas o pluma de obra para bajada de material desde plantas altas.;maquinaria;h;CO;COP;;;;;;pendiente;por_verificar;no_confirmado;pendiente;Pendiente de investigación específica.
MQ-MONTAC;Montacargas o pluma de obra para bajada de material desde plantas altas.;maquinaria;h;PE;PEN;;;;;;pendiente;por_verificar;no_confirmado;pendiente;Pendiente de investigación específica.
MQ-MONTAC;Montacargas o pluma de obra para bajada de material desde plantas altas.;maquinaria;h;MX;MXN;;;;;;pendiente;por_verificar;no_confirmado;pendiente;Pendiente de investigación específica.
MQ-MONTAC;Montacargas o pluma de obra para bajada de material desde plantas altas.;maquinaria;h;EC;USD;;;;;;pendiente;por_verificar;no_confirmado;pendiente;Pendiente de investigación específica.
MQ-DETECTOR;Detector electrónico de instalaciones empotradas, para localizar tuberías, cables y armaduras sin picar.;maquinaria;h;CO;COP;;;;;;pendiente;por_verificar;no_confirmado;pendiente;Pendiente de investigación específica.
MQ-DETECTOR;Detector electrónico de instalaciones empotradas, para localizar tuberías, cables y armaduras sin picar.;maquinaria;h;PE;PEN;;;;;;pendiente;por_verificar;no_confirmado;pendiente;Pendiente de investigación específica.
MQ-DETECTOR;Detector electrónico de instalaciones empotradas, para localizar tuberías, cables y armaduras sin picar.;maquinaria;h;MX;MXN;;;;;;pendiente;por_verificar;no_confirmado;pendiente;Pendiente de investigación específica.
MQ-DETECTOR;Detector electrónico de instalaciones empotradas, para localizar tuberías, cables y armaduras sin picar.;maquinaria;h;EC;USD;;;;;;pendiente;por_verificar;no_confirmado;pendiente;Pendiente de investigación específica.
MQ-TALADRO;Taladro percutor con brocas, incluida amortización y consumo.;maquinaria;h;CO;COP;;;;;;pendiente;por_verificar;no_confirmado;pendiente;Pendiente de investigación específica.
MQ-TALADRO;Taladro percutor con brocas, incluida amortización y consumo.;maquinaria;h;PE;PEN;;;;;;pendiente;por_verificar;no_confirmado;pendiente;Pendiente de investigación específica.
MQ-TALADRO;Taladro percutor con brocas, incluida amortización y consumo.;maquinaria;h;MX;MXN;;;;;;pendiente;por_verificar;no_confirmado;pendiente;Pendiente de investigación específica.
MQ-TALADRO;Taladro percutor con brocas, incluida amortización y consumo.;maquinaria;h;EC;USD;;;;;;pendiente;por_verificar;no_confirmado;pendiente;Pendiente de investigación específica.
MQ-NIVEL-LASER;Nivel láser autonivelante y equipo de medición para replanteo.;maquinaria;h;CO;COP;;;;;;pendiente;por_verificar;no_confirmado;pendiente;Pendiente de investigación específica.
MQ-NIVEL-LASER;Nivel láser autonivelante y equipo de medición para replanteo.;maquinaria;h;PE;PEN;;;;;;pendiente;por_verificar;no_confirmado;pendiente;Pendiente de investigación específica.
MQ-NIVEL-LASER;Nivel láser autonivelante y equipo de medición para replanteo.;maquinaria;h;MX;MXN;;;;;;pendiente;por_verificar;no_confirmado;pendiente;Pendiente de investigación específica.
MQ-NIVEL-LASER;Nivel láser autonivelante y equipo de medición para replanteo.;maquinaria;h;EC;USD;;;;;;pendiente;por_verificar;no_confirmado;pendiente;Pendiente de investigación específica.
MQ-BANO-PORT;Alquiler mensual de baño portátil de obra, incluido su mantenimiento y vaciado periódico.;maquinaria;ud;CO;COP;;;;;;pendiente;por_verificar;no_confirmado;pendiente;Pendiente de investigación específica.
MQ-BANO-PORT;Alquiler mensual de baño portátil de obra, incluido su mantenimiento y vaciado periódico.;maquinaria;ud;PE;PEN;;;;;;pendiente;por_verificar;no_confirmado;pendiente;Pendiente de investigación específica.
MQ-BANO-PORT;Alquiler mensual de baño portátil de obra, incluido su mantenimiento y vaciado periódico.;maquinaria;ud;MX;MXN;;;;;;pendiente;por_verificar;no_confirmado;pendiente;Pendiente de investigación específica.
MQ-BANO-PORT;Alquiler mensual de baño portátil de obra, incluido su mantenimiento y vaciado periódico.;maquinaria;ud;EC;USD;;;;;;pendiente;por_verificar;no_confirmado;pendiente;Pendiente de investigación específica.
MQ-COMPACT-SALTO;Compactador vibratorio de impacto tipo canguro, para compactación de zanjas y espacios reducidos.;maquinaria;h;CO;COP;;;;;;pendiente;por_verificar;no_confirmado;pendiente;Pendiente de investigación específica.
MQ-COMPACT-SALTO;Compactador vibratorio de impacto tipo canguro, para compactación de zanjas y espacios reducidos.;maquinaria;h;PE;PEN;;;;;;pendiente;por_verificar;no_confirmado;pendiente;Pendiente de investigación específica.
MQ-COMPACT-SALTO;Compactador vibratorio de impacto tipo canguro, para compactación de zanjas y espacios reducidos.;maquinaria;h;MX;MXN;;;;;;pendiente;por_verificar;no_confirmado;pendiente;Pendiente de investigación específica.
MQ-COMPACT-SALTO;Compactador vibratorio de impacto tipo canguro, para compactación de zanjas y espacios reducidos.;maquinaria;h;EC;USD;;;;;;pendiente;por_verificar;no_confirmado;pendiente;Pendiente de investigación específica.
MQ-PLANCHA-COMP;Plancha compactadora vibratoria, para compactación de superficies y bases.;maquinaria;h;CO;COP;;;;;;pendiente;por_verificar;no_confirmado;pendiente;Pendiente de investigación específica.
MQ-PLANCHA-COMP;Plancha compactadora vibratoria, para compactación de superficies y bases.;maquinaria;h;PE;PEN;;;;;;pendiente;por_verificar;no_confirmado;pendiente;Pendiente de investigación específica.
MQ-PLANCHA-COMP;Plancha compactadora vibratoria, para compactación de superficies y bases.;maquinaria;h;MX;MXN;;;;;;pendiente;por_verificar;no_confirmado;pendiente;Pendiente de investigación específica.
MQ-PLANCHA-COMP;Plancha compactadora vibratoria, para compactación de superficies y bases.;maquinaria;h;EC;USD;;;;;;pendiente;por_verificar;no_confirmado;pendiente;Pendiente de investigación específica.
MQ-BOMBA-ACHI;Bomba sumergible de achique con manguera de descarga, para agotamiento de excavaciones.;maquinaria;h;CO;COP;;;;;;pendiente;por_verificar;no_confirmado;pendiente;Pendiente de investigación específica.
MQ-BOMBA-ACHI;Bomba sumergible de achique con manguera de descarga, para agotamiento de excavaciones.;maquinaria;h;PE;PEN;;;;;;pendiente;por_verificar;no_confirmado;pendiente;Pendiente de investigación específica.
MQ-BOMBA-ACHI;Bomba sumergible de achique con manguera de descarga, para agotamiento de excavaciones.;maquinaria;h;MX;MXN;;;;;;pendiente;por_verificar;no_confirmado;pendiente;Pendiente de investigación específica.
MQ-BOMBA-ACHI;Bomba sumergible de achique con manguera de descarga, para agotamiento de excavaciones.;maquinaria;h;EC;USD;;;;;;pendiente;por_verificar;no_confirmado;pendiente;Pendiente de investigación específica.
MQ-DESBROZ;Desbrozadora de motor con hilo y disco, para limpieza de vegetación.;maquinaria;h;CO;COP;;;;;;pendiente;por_verificar;no_confirmado;pendiente;Pendiente de investigación específica.
MQ-DESBROZ;Desbrozadora de motor con hilo y disco, para limpieza de vegetación.;maquinaria;h;PE;PEN;;;;;;pendiente;por_verificar;no_confirmado;pendiente;Pendiente de investigación específica.
MQ-DESBROZ;Desbrozadora de motor con hilo y disco, para limpieza de vegetación.;maquinaria;h;MX;MXN;;;;;;pendiente;por_verificar;no_confirmado;pendiente;Pendiente de investigación específica.
MQ-DESBROZ;Desbrozadora de motor con hilo y disco, para limpieza de vegetación.;maquinaria;h;EC;USD;;;;;;pendiente;por_verificar;no_confirmado;pendiente;Pendiente de investigación específica.
MQ-VIBRADOR;Vibrador de aguja con motor, para compactación de concreto.;maquinaria;h;CO;COP;;;;;;pendiente;por_verificar;no_confirmado;pendiente;Pendiente de investigación específica.
MQ-VIBRADOR;Vibrador de aguja con motor, para compactación de concreto.;maquinaria;h;PE;PEN;;;;;;pendiente;por_verificar;no_confirmado;pendiente;Pendiente de investigación específica.
MQ-VIBRADOR;Vibrador de aguja con motor, para compactación de concreto.;maquinaria;h;MX;MXN;;;;;;pendiente;por_verificar;no_confirmado;pendiente;Pendiente de investigación específica.
MQ-VIBRADOR;Vibrador de aguja con motor, para compactación de concreto.;maquinaria;h;EC;USD;;;;;;pendiente;por_verificar;no_confirmado;pendiente;Pendiente de investigación específica.
MQ-CIZALLA;Cizalla y dobladora de cabillas, incluida su amortización.;maquinaria;h;CO;COP;;;;;;pendiente;por_verificar;no_confirmado;pendiente;Pendiente de investigación específica.
MQ-CIZALLA;Cizalla y dobladora de cabillas, incluida su amortización.;maquinaria;h;PE;PEN;;;;;;pendiente;por_verificar;no_confirmado;pendiente;Pendiente de investigación específica.
MQ-CIZALLA;Cizalla y dobladora de cabillas, incluida su amortización.;maquinaria;h;MX;MXN;;;;;;pendiente;por_verificar;no_confirmado;pendiente;Pendiente de investigación específica.
MQ-CIZALLA;Cizalla y dobladora de cabillas, incluida su amortización.;maquinaria;h;EC;USD;;;;;;pendiente;por_verificar;no_confirmado;pendiente;Pendiente de investigación específica.
MQ-BOMBA-CONC;Bomba de concreto con su operador, para vaciados de difícil acceso o gran volumen.;maquinaria;h;CO;COP;;;;;;pendiente;por_verificar;no_confirmado;pendiente;Pendiente de investigación específica.
MQ-BOMBA-CONC;Bomba de concreto con su operador, para vaciados de difícil acceso o gran volumen.;maquinaria;h;PE;PEN;;;;;;pendiente;por_verificar;no_confirmado;pendiente;Pendiente de investigación específica.
MQ-BOMBA-CONC;Bomba de concreto con su operador, para vaciados de difícil acceso o gran volumen.;maquinaria;h;MX;MXN;;;;;;pendiente;por_verificar;no_confirmado;pendiente;Pendiente de investigación específica.
MQ-BOMBA-CONC;Bomba de concreto con su operador, para vaciados de difícil acceso o gran volumen.;maquinaria;h;EC;USD;;;;;;pendiente;por_verificar;no_confirmado;pendiente;Pendiente de investigación específica.
MQ-PERF-PILOTE;Equipo de perforación rotatoria para pilotes vaciados en sitio, con operador.;maquinaria;h;CO;COP;;;;;;pendiente;por_verificar;no_confirmado;pendiente;Pendiente de investigación específica.
MQ-PERF-PILOTE;Equipo de perforación rotatoria para pilotes vaciados en sitio, con operador.;maquinaria;h;PE;PEN;;;;;;pendiente;por_verificar;no_confirmado;pendiente;Pendiente de investigación específica.
MQ-PERF-PILOTE;Equipo de perforación rotatoria para pilotes vaciados en sitio, con operador.;maquinaria;h;MX;MXN;;;;;;pendiente;por_verificar;no_confirmado;pendiente;Pendiente de investigación específica.
MQ-PERF-PILOTE;Equipo de perforación rotatoria para pilotes vaciados en sitio, con operador.;maquinaria;h;EC;USD;;;;;;pendiente;por_verificar;no_confirmado;pendiente;Pendiente de investigación específica.
MQ-ALISADORA;Alisadora mecánica de concreto tipo helicóptero, para acabado de losas.;maquinaria;h;CO;COP;;;;;;pendiente;por_verificar;no_confirmado;pendiente;Pendiente de investigación específica.
MQ-ALISADORA;Alisadora mecánica de concreto tipo helicóptero, para acabado de losas.;maquinaria;h;PE;PEN;;;;;;pendiente;por_verificar;no_confirmado;pendiente;Pendiente de investigación específica.
MQ-ALISADORA;Alisadora mecánica de concreto tipo helicóptero, para acabado de losas.;maquinaria;h;MX;MXN;;;;;;pendiente;por_verificar;no_confirmado;pendiente;Pendiente de investigación específica.
MQ-ALISADORA;Alisadora mecánica de concreto tipo helicóptero, para acabado de losas.;maquinaria;h;EC;USD;;;;;;pendiente;por_verificar;no_confirmado;pendiente;Pendiente de investigación específica.
MQ-SOLDADORA;Equipo de soldadura eléctrica por arco con sus accesorios, incluida amortización y consumo.;maquinaria;h;CO;COP;;;;;;pendiente;por_verificar;no_confirmado;pendiente;Pendiente de investigación específica.
MQ-SOLDADORA;Equipo de soldadura eléctrica por arco con sus accesorios, incluida amortización y consumo.;maquinaria;h;PE;PEN;;;;;;pendiente;por_verificar;no_confirmado;pendiente;Pendiente de investigación específica.
MQ-SOLDADORA;Equipo de soldadura eléctrica por arco con sus accesorios, incluida amortización y consumo.;maquinaria;h;MX;MXN;;;;;;pendiente;por_verificar;no_confirmado;pendiente;Pendiente de investigación específica.
MQ-SOLDADORA;Equipo de soldadura eléctrica por arco con sus accesorios, incluida amortización y consumo.;maquinaria;h;EC;USD;;;;;;pendiente;por_verificar;no_confirmado;pendiente;Pendiente de investigación específica.
MQ-GRUA;Camión grúa o grúa móvil con operador, para izado y montaje de elementos estructurales.;maquinaria;h;CO;COP;;;;;;pendiente;por_verificar;no_confirmado;pendiente;Pendiente de investigación específica.
MQ-GRUA;Camión grúa o grúa móvil con operador, para izado y montaje de elementos estructurales.;maquinaria;h;PE;PEN;;;;;;pendiente;por_verificar;no_confirmado;pendiente;Pendiente de investigación específica.
MQ-GRUA;Camión grúa o grúa móvil con operador, para izado y montaje de elementos estructurales.;maquinaria;h;MX;MXN;;;;;;pendiente;por_verificar;no_confirmado;pendiente;Pendiente de investigación específica.
MQ-GRUA;Camión grúa o grúa móvil con operador, para izado y montaje de elementos estructurales.;maquinaria;h;EC;USD;;;;;;pendiente;por_verificar;no_confirmado;pendiente;Pendiente de investigación específica.
MQ-INYECTORA;Equipo de inyección de resinas a baja presión, con sus boquillas y mangueras.;maquinaria;h;CO;COP;;;;;;pendiente;por_verificar;no_confirmado;pendiente;Pendiente de investigación específica.
MQ-INYECTORA;Equipo de inyección de resinas a baja presión, con sus boquillas y mangueras.;maquinaria;h;PE;PEN;;;;;;pendiente;por_verificar;no_confirmado;pendiente;Pendiente de investigación específica.
MQ-INYECTORA;Equipo de inyección de resinas a baja presión, con sus boquillas y mangueras.;maquinaria;h;MX;MXN;;;;;;pendiente;por_verificar;no_confirmado;pendiente;Pendiente de investigación específica.
MQ-INYECTORA;Equipo de inyección de resinas a baja presión, con sus boquillas y mangueras.;maquinaria;h;EC;USD;;;;;;pendiente;por_verificar;no_confirmado;pendiente;Pendiente de investigación específica.
MQ-ESMERIL;Esmeriladora y cepillo de púas para limpieza y preparación de superficies metálicas.;maquinaria;h;CO;COP;;;;;;pendiente;por_verificar;no_confirmado;pendiente;Pendiente de investigación específica.
MQ-ESMERIL;Esmeriladora y cepillo de púas para limpieza y preparación de superficies metálicas.;maquinaria;h;PE;PEN;;;;;;pendiente;por_verificar;no_confirmado;pendiente;Pendiente de investigación específica.
MQ-ESMERIL;Esmeriladora y cepillo de púas para limpieza y preparación de superficies metálicas.;maquinaria;h;MX;MXN;;;;;;pendiente;por_verificar;no_confirmado;pendiente;Pendiente de investigación específica.
MQ-ESMERIL;Esmeriladora y cepillo de púas para limpieza y preparación de superficies metálicas.;maquinaria;h;EC;USD;;;;;;pendiente;por_verificar;no_confirmado;pendiente;Pendiente de investigación específica.
MQ-PROYECT-MORT;Máquina de proyección de mortero y pasta de yeso, con su compresor y mangueras.;maquinaria;h;CO;COP;;;;;;pendiente;por_verificar;no_confirmado;pendiente;Pendiente de investigación específica.
MQ-PROYECT-MORT;Máquina de proyección de mortero y pasta de yeso, con su compresor y mangueras.;maquinaria;h;PE;PEN;;;;;;pendiente;por_verificar;no_confirmado;pendiente;Pendiente de investigación específica.
MQ-PROYECT-MORT;Máquina de proyección de mortero y pasta de yeso, con su compresor y mangueras.;maquinaria;h;MX;MXN;;;;;;pendiente;por_verificar;no_confirmado;pendiente;Pendiente de investigación específica.
MQ-PROYECT-MORT;Máquina de proyección de mortero y pasta de yeso, con su compresor y mangueras.;maquinaria;h;EC;USD;;;;;;pendiente;por_verificar;no_confirmado;pendiente;Pendiente de investigación específica.
MQ-PULIDORA;Pulidora y abrillantadora de piedra natural con aporte de agua.;maquinaria;h;CO;COP;;;;;;pendiente;por_verificar;no_confirmado;pendiente;Pendiente de investigación específica.
MQ-PULIDORA;Pulidora y abrillantadora de piedra natural con aporte de agua.;maquinaria;h;PE;PEN;;;;;;pendiente;por_verificar;no_confirmado;pendiente;Pendiente de investigación específica.
MQ-PULIDORA;Pulidora y abrillantadora de piedra natural con aporte de agua.;maquinaria;h;MX;MXN;;;;;;pendiente;por_verificar;no_confirmado;pendiente;Pendiente de investigación específica.
MQ-PULIDORA;Pulidora y abrillantadora de piedra natural con aporte de agua.;maquinaria;h;EC;USD;;;;;;pendiente;por_verificar;no_confirmado;pendiente;Pendiente de investigación específica.
MQ-LIJAD-PISO;Lijadora de banda y orilladora para pisos de madera, con aspiración.;maquinaria;h;CO;COP;;;;;;pendiente;por_verificar;no_confirmado;pendiente;Pendiente de investigación específica.
MQ-LIJAD-PISO;Lijadora de banda y orilladora para pisos de madera, con aspiración.;maquinaria;h;PE;PEN;;;;;;pendiente;por_verificar;no_confirmado;pendiente;Pendiente de investigación específica.
MQ-LIJAD-PISO;Lijadora de banda y orilladora para pisos de madera, con aspiración.;maquinaria;h;MX;MXN;;;;;;pendiente;por_verificar;no_confirmado;pendiente;Pendiente de investigación específica.
MQ-LIJAD-PISO;Lijadora de banda y orilladora para pisos de madera, con aspiración.;maquinaria;h;EC;USD;;;;;;pendiente;por_verificar;no_confirmado;pendiente;Pendiente de investigación específica.
MQ-ESTAMP;Juego de moldes estampadores y rodillos para concreto impreso.;maquinaria;h;CO;COP;;;;;;pendiente;por_verificar;no_confirmado;pendiente;Pendiente de investigación específica.
MQ-ESTAMP;Juego de moldes estampadores y rodillos para concreto impreso.;maquinaria;h;PE;PEN;;;;;;pendiente;por_verificar;no_confirmado;pendiente;Pendiente de investigación específica.
MQ-ESTAMP;Juego de moldes estampadores y rodillos para concreto impreso.;maquinaria;h;MX;MXN;;;;;;pendiente;por_verificar;no_confirmado;pendiente;Pendiente de investigación específica.
MQ-ESTAMP;Juego de moldes estampadores y rodillos para concreto impreso.;maquinaria;h;EC;USD;;;;;;pendiente;por_verificar;no_confirmado;pendiente;Pendiente de investigación específica.
MQ-RECUP-GAS;Equipo de recuperación de gas refrigerante y bomba de vacío para climatización.;maquinaria;h;CO;COP;;;;;;pendiente;por_verificar;no_confirmado;pendiente;Pendiente de investigación específica.
MQ-RECUP-GAS;Equipo de recuperación de gas refrigerante y bomba de vacío para climatización.;maquinaria;h;PE;PEN;;;;;;pendiente;por_verificar;no_confirmado;pendiente;Pendiente de investigación específica.
MQ-RECUP-GAS;Equipo de recuperación de gas refrigerante y bomba de vacío para climatización.;maquinaria;h;MX;MXN;;;;;;pendiente;por_verificar;no_confirmado;pendiente;Pendiente de investigación específica.
MQ-RECUP-GAS;Equipo de recuperación de gas refrigerante y bomba de vacío para climatización.;maquinaria;h;EC;USD;;;;;;pendiente;por_verificar;no_confirmado;pendiente;Pendiente de investigación específica.
MQ-HIDROLAV;Hidrolavadora de presión para limpieza de fachadas, pisos y acabados.;maquinaria;h;CO;COP;;;;;;pendiente;por_verificar;no_confirmado;pendiente;Pendiente de investigación específica.
MQ-HIDROLAV;Hidrolavadora de presión para limpieza de fachadas, pisos y acabados.;maquinaria;h;PE;PEN;;;;;;pendiente;por_verificar;no_confirmado;pendiente;Pendiente de investigación específica.
MQ-HIDROLAV;Hidrolavadora de presión para limpieza de fachadas, pisos y acabados.;maquinaria;h;MX;MXN;;;;;;pendiente;por_verificar;no_confirmado;pendiente;Pendiente de investigación específica.
MQ-HIDROLAV;Hidrolavadora de presión para limpieza de fachadas, pisos y acabados.;maquinaria;h;EC;USD;;;;;;pendiente;por_verificar;no_confirmado;pendiente;Pendiente de investigación específica.
MQ-DOBLAD-TUBO;Dobladora y abocardadora de tubería de cobre para climatización y gas.;maquinaria;h;CO;COP;;;;;;pendiente;por_verificar;no_confirmado;pendiente;Pendiente de investigación específica.
MQ-DOBLAD-TUBO;Dobladora y abocardadora de tubería de cobre para climatización y gas.;maquinaria;h;PE;PEN;;;;;;pendiente;por_verificar;no_confirmado;pendiente;Pendiente de investigación específica.
MQ-DOBLAD-TUBO;Dobladora y abocardadora de tubería de cobre para climatización y gas.;maquinaria;h;MX;MXN;;;;;;pendiente;por_verificar;no_confirmado;pendiente;Pendiente de investigación específica.
MQ-DOBLAD-TUBO;Dobladora y abocardadora de tubería de cobre para climatización y gas.;maquinaria;h;EC;USD;;;;;;pendiente;por_verificar;no_confirmado;pendiente;Pendiente de investigación específica.
MQ-TELUROMETRO;Medidor de resistencia de puesta a tierra (telurómetro) con sus picas y cables de prueba.;maquinaria;h;CO;COP;;;;;;pendiente;por_verificar;no_confirmado;pendiente;Pendiente de investigación específica.
MQ-TELUROMETRO;Medidor de resistencia de puesta a tierra (telurómetro) con sus picas y cables de prueba.;maquinaria;h;PE;PEN;;;;;;pendiente;por_verificar;no_confirmado;pendiente;Pendiente de investigación específica.
MQ-TELUROMETRO;Medidor de resistencia de puesta a tierra (telurómetro) con sus picas y cables de prueba.;maquinaria;h;MX;MXN;;;;;;pendiente;por_verificar;no_confirmado;pendiente;Pendiente de investigación específica.
MQ-TELUROMETRO;Medidor de resistencia de puesta a tierra (telurómetro) con sus picas y cables de prueba.;maquinaria;h;EC;USD;;;;;;pendiente;por_verificar;no_confirmado;pendiente;Pendiente de investigación específica.
