codigo_recurso;descripcion;categoria;unidad_fuente;pais_codigo;moneda;precio_referencia;precio_min;precio_max;fuente;fecha_consulta;confianza;incluye_iva;incluye_transporte;origen;observaciones
MO-OF1;Oficial de 1ª.;mano_obra;h;ES;EUR;21;18;25;docs/INVESTIGACION_PRECIOS_ESPANA.md;2026-08-25;referencia;no_aplica;no_aplica;nacional;"Jornal del oficio normalizado a 8 h; tarifa facturada, no incluye automáticamente cargas del empleador."
MO-OF1-PISO;Oficial de 1ª colocador de pisos.;mano_obra;h;ES;EUR;22;18;26;docs/INVESTIGACION_PRECIOS_ESPANA.md;2026-08-25;referencia;no_aplica;no_aplica;nacional;"Jornal del oficio normalizado a 8 h; tarifa facturada, no incluye automáticamente cargas del empleador."
MO-OF1-ALI;Oficial de 1ª enchapador.;mano_obra;h;ES;EUR;22;18;26;docs/INVESTIGACION_PRECIOS_ESPANA.md;2026-08-25;referencia;no_aplica;no_aplica;nacional;"Jornal del oficio normalizado a 8 h; tarifa facturada, no incluye automáticamente cargas del empleador."
MO-OF1-ALB;Oficial de 1ª albañil.;mano_obra;h;ES;EUR;21;18;25;docs/INVESTIGACION_PRECIOS_ESPANA.md;2026-08-25;referencia;no_aplica;no_aplica;nacional;"Jornal del oficio normalizado a 8 h; tarifa facturada, no incluye automáticamente cargas del empleador."
MO-OF1-MON;Oficial de 1ª montador de prefabricados interiores.;mano_obra;h;ES;EUR;21;18;25;docs/INVESTIGACION_PRECIOS_ESPANA.md;2026-08-25;derivado;no_aplica;no_aplica;nacional;"Tarifa derivada del oficial general por falta de jornal local del oficio; no incluye automáticamente cargas del empleador."
MO-AYU-ESP;Ayudante especializado.;mano_obra;h;ES;EUR;18;15;21.5;docs/INVESTIGACION_PRECIOS_ESPANA.md;2026-08-25;derivado;no_aplica;no_aplica;nacional;"Tarifa horaria derivada del punto medio entre ayudante y oficial; validar con la empresa."
MO-AYU;Ayudante.;mano_obra;h;ES;EUR;15;12;18;docs/INVESTIGACION_PRECIOS_ESPANA.md;2026-08-25;referencia;no_aplica;no_aplica;nacional;"Jornal de peón/ayudante normalizado a 8 h; tarifa facturada, no incluye automáticamente cargas del empleador."
MO-OF1-PIN;Oficial de 1ª pintor.;mano_obra;h;ES;EUR;20;16;24;docs/INVESTIGACION_PRECIOS_ESPANA.md;2026-08-25;referencia;no_aplica;no_aplica;nacional;"Jornal del oficio normalizado a 8 h; tarifa facturada, no incluye automáticamente cargas del empleador."
MO-OF1-PLO;Oficial de 1ª plomero.;mano_obra;h;ES;EUR;23;19;27;docs/INVESTIGACION_PRECIOS_ESPANA.md;2026-08-25;referencia;no_aplica;no_aplica;nacional;"Jornal del oficio normalizado a 8 h; tarifa facturada, no incluye automáticamente cargas del empleador."
MO-OF1-ELE;Oficial de 1ª electricista.;mano_obra;h;ES;EUR;24;20;28;docs/INVESTIGACION_PRECIOS_ESPANA.md;2026-08-25;referencia;no_aplica;no_aplica;nacional;"Jornal del oficio normalizado a 8 h; tarifa facturada, no incluye automáticamente cargas del empleador."
MO-OF1-CAB;Oficial de 1ª cabillero (armador de acero de refuerzo).;mano_obra;h;ES;EUR;21;18;25;docs/INVESTIGACION_PRECIOS_ESPANA.md;2026-08-25;derivado;no_aplica;no_aplica;nacional;"Tarifa derivada del oficial general por falta de jornal local del oficio; no incluye automáticamente cargas del empleador."
MO-OF1-CARP;Oficial de 1ª carpintero de obra (encofrador).;mano_obra;h;ES;EUR;21;18;25;docs/INVESTIGACION_PRECIOS_ESPANA.md;2026-08-25;derivado;no_aplica;no_aplica;nacional;"Tarifa derivada del oficial general por falta de jornal local del oficio; no incluye automáticamente cargas del empleador."
MO-OF1-SOLD;Oficial de 1ª soldador.;mano_obra;h;ES;EUR;25;20;30;docs/INVESTIGACION_PRECIOS_ESPANA.md;2026-08-25;referencia;no_aplica;no_aplica;nacional;"Jornal del oficio normalizado a 8 h; tarifa facturada, no incluye automáticamente cargas del empleador."
MO-OF1-CARPM;Oficial de 1ª carpintero de madera estructural.;mano_obra;h;ES;EUR;21;18;25;docs/INVESTIGACION_PRECIOS_ESPANA.md;2026-08-25;derivado;no_aplica;no_aplica;nacional;"Tarifa derivada del oficial general por falta de jornal local del oficio; no incluye automáticamente cargas del empleador."
MO-OF1-VIDR;Oficial de 1ª vidriero.;mano_obra;h;ES;EUR;21;18;25;docs/INVESTIGACION_PRECIOS_ESPANA.md;2026-08-25;derivado;no_aplica;no_aplica;nacional;"Tarifa derivada del oficial general por falta de jornal local del oficio; no incluye automáticamente cargas del empleador."
MO-OF1-AC;Oficial de 1ª técnico en refrigeración y climatización.;mano_obra;h;ES;EUR;21;18;25;docs/INVESTIGACION_PRECIOS_ESPANA.md;2026-08-25;derivado;no_aplica;no_aplica;nacional;"Tarifa derivada del oficial general por falta de jornal local del oficio; no incluye automáticamente cargas del empleador."
MO-OF1-JARD;Oficial de 1ª jardinero.;mano_obra;h;ES;EUR;21;18;25;docs/INVESTIGACION_PRECIOS_ESPANA.md;2026-08-25;derivado;no_aplica;no_aplica;nacional;"Tarifa derivada del oficial general por falta de jornal local del oficio; no incluye automáticamente cargas del empleador."
MT-ADH-C2TE;Adhesivo cementoso mejorado tipo C2 TE, de deslizamiento reducido y tiempo abierto ampliado, para colocación de porcelanato en capa fina.;materiales;kg;ES;EUR;0.36;0.24;0.48;docs/INVESTIGACION_PRECIOS_ESPANA.md;2026-08-25;referencia;no;no_confirmado;nacional;Adhesivo C2 TE saco 25 kg a 6-12 €.
MT-ADH-C1;Adhesivo cementoso normal tipo C1, color gris, para colocación de cerámica en capa fina.;materiales;kg;ES;EUR;0.2;0.16;0.24;docs/INVESTIGACION_PRECIOS_ESPANA.md;2026-08-25;derivado;no;no_confirmado;nacional;"Derivado del extremo inferior de la familia de adhesivos; validar producto C1 concreto."
MT-JUN-CG2;Mortero de juntas cementoso tipo CG2, de absorción reducida y resistencia elevada a la abrasión, en el color elegido.;materiales;kg;ES;EUR;3.2;2.2;4.5;docs/INVESTIGACION_PRECIOS_ESPANA.md;2026-08-25;referencia;no;no_confirmado;nacional;"Referencia nacional normalizada; puede variar por proveedor, marca, disponibilidad, IVA y volumen."
MT-CRU-NIV;Sistema de crucetas y cuñas niveladoras de un solo uso para colocación de baldosa.;materiales;ud;ES;EUR;0.102532;0.077684;0.137143;docs/METODOLOGIA_PRECIOS_REFERENCIA_ESPANA.md;2026-08-25;derivado;no;no_confirmado;nacional;"Precio referencial nacional derivado de la canasta de mercado investigada para esta familia; no es una cotización de tienda."
MT-AUT-NIV;Mortero autonivelante de base cemento para regularización de soportes interiores.;materiales;kg;ES;EUR;0.44;0.32;0.56;docs/INVESTIGACION_PRECIOS_ESPANA.md;2026-08-25;referencia;no;no_confirmado;nacional;Autonivelante saco 25 kg a 8-14 €.
MT-IMP-PRIM;Imprimación tapaporos de resinas acrílicas en dispersión acuosa, para regular la absorción del soporte.;materiales;l;ES;EUR;4.329114;3.28;5.790476;docs/METODOLOGIA_PRECIOS_REFERENCIA_ESPANA.md;2026-08-25;derivado;no;no_confirmado;nacional;"Precio referencial nacional derivado de la canasta de mercado investigada para esta familia; no es una cotización de tienda."
MT-PER-BANDA;Banda perimetral de polietileno expandido de 10 mm para desolidarizar el afirmado de los paramentos.;materiales;m;ES;EUR;0.626582;0.474737;0.838095;docs/METODOLOGIA_PRECIOS_REFERENCIA_ESPANA.md;2026-08-25;derivado;no;no_confirmado;nacional;"Precio referencial nacional derivado de la canasta de mercado investigada para esta familia; no es una cotización de tienda."
MT-SAC-ESC;Saco de rafia de alta resistencia para retirada manual de escombro.;materiales;ud;ES;EUR;0.740506;0.561053;0.990476;docs/METODOLOGIA_PRECIOS_REFERENCIA_ESPANA.md;2026-08-25;derivado;no;no_confirmado;nacional;"Precio referencial nacional derivado de la canasta de mercado investigada para esta familia; no es una cotización de tienda."
MT-PYL-CANAL;Canal de acero galvanizado de 70 mm para arranque y remate de tabique autoportante.;materiales;m;ES;EUR;1.936709;1.467368;2.590476;docs/METODOLOGIA_PRECIOS_REFERENCIA_ESPANA.md;2026-08-25;derivado;no;no_confirmado;nacional;"Precio referencial nacional derivado de la canasta de mercado investigada para esta familia; no es una cotización de tienda."
MT-PYL-MONT;Montante de acero galvanizado de 70 mm para estructura de tabique autoportante.;materiales;m;ES;EUR;2.392405;1.812632;3.2;docs/METODOLOGIA_PRECIOS_REFERENCIA_ESPANA.md;2026-08-25;derivado;no;no_confirmado;nacional;"Precio referencial nacional derivado de la canasta de mercado investigada para esta familia; no es una cotización de tienda."
MT-PYL-PLACA;Placa de yeso laminado estándar de 15 mm de espesor, borde afinado.;materiales;m2;ES;EUR;4.9;4;6.2;docs/INVESTIGACION_PRECIOS_ESPANA.md;2026-08-25;referencia;no;no_confirmado;nacional;Placa estándar BA-15.
MT-PYL-LANA;Panel de lana mineral de 60 mm para aislamiento térmico y acústico en cámara de tabique.;materiales;m2;ES;EUR;8;6;12;docs/INVESTIGACION_PRECIOS_ESPANA.md;2026-08-25;referencia;no;no_confirmado;nacional;"Referencia nacional normalizada; puede variar por proveedor, marca, disponibilidad, IVA y volumen."
MT-PYL-BANDA;Banda estanca autoadhesiva de polietileno para junta perimetral de tabique.;materiales;m;ES;EUR;0.478481;0.362526;0.64;docs/METODOLOGIA_PRECIOS_REFERENCIA_ESPANA.md;2026-08-25;derivado;no;no_confirmado;nacional;"Precio referencial nacional derivado de la canasta de mercado investigada para esta familia; no es una cotización de tienda."
MT-PYL-PASTA;Pasta de juntas y cinta de papel microperforada para tratamiento de uniones.;materiales;kg;ES;EUR;1.2;0.9;1.6;docs/INVESTIGACION_PRECIOS_ESPANA.md;2026-08-25;referencia;no;no_confirmado;nacional;"Referencia nacional normalizada; puede variar por proveedor, marca, disponibilidad, IVA y volumen."
MT-TORN;Tornillería y fijaciones mecánicas para montaje de estructura y placas.;materiales;ud;ES;EUR;0.034177;0.025895;0.045714;docs/METODOLOGIA_PRECIOS_REFERENCIA_ESPANA.md;2026-08-25;derivado;no;no_confirmado;nacional;"Precio referencial nacional derivado de la canasta de mercado investigada para esta familia; no es una cotización de tienda."
MT-PIN-FONDO;Fondo fijador o sellador acrílico al agua, para consolidar y regular la absorción de paramentos interiores.;materiales;l;ES;EUR;5.696203;4.315789;7.619048;docs/METODOLOGIA_PRECIOS_REFERENCIA_ESPANA.md;2026-08-25;derivado;no;no_confirmado;nacional;"Precio referencial nacional derivado de la canasta de mercado investigada para esta familia; no es una cotización de tienda."
MT-PIN-CAUCHO;Pintura de caucho acrílico mate lavable para interiores, base blanca tintable.;materiales;l;ES;EUR;4.5;3;7;docs/INVESTIGACION_PRECIOS_ESPANA.md;2026-08-25;referencia;no;no_confirmado;nacional;"Pintura plástica mate; el catálogo VE la llama de caucho."
MT-PIN-ESMALTE;Esmalte sintético brillante para carpintería metálica y de madera.;materiales;l;ES;EUR;10;8;14;docs/INVESTIGACION_PRECIOS_ESPANA.md;2026-08-25;referencia;no;no_confirmado;nacional;"Referencia nacional normalizada; puede variar por proveedor, marca, disponibilidad, IVA y volumen."
MT-PIN-MASILLA;Masilla de reparación en pasta para alisado de paramentos interiores.;materiales;kg;ES;EUR;1.708861;1.294737;2.285714;docs/METODOLOGIA_PRECIOS_REFERENCIA_ESPANA.md;2026-08-25;derivado;no;no_confirmado;nacional;"Precio referencial nacional derivado de la canasta de mercado investigada para esta familia; no es una cotización de tienda."
MT-PIN-LIJA;Lija, cinta de enmascarar y plástico de protección. Consumibles de preparación y protección.;materiales;ud;ES;EUR;0.968354;0.733684;1.295238;docs/METODOLOGIA_PRECIOS_REFERENCIA_ESPANA.md;2026-08-25;derivado;no;no_confirmado;nacional;"Precio referencial nacional derivado de la canasta de mercado investigada para esta familia; no es una cotización de tienda."
MT-PLO-PPR20;Tubería de polipropileno PPR de 20 mm para agua fría y caliente, con termofusión.;materiales;m;ES;EUR;2.2;1.5;3;docs/INVESTIGACION_PRECIOS_ESPANA.md;2026-08-25;referencia;no;no_confirmado;nacional;"Referencia nacional normalizada; puede variar por proveedor, marca, disponibilidad, IVA y volumen."
MT-PLO-ACC20;Accesorios de PPR de 20 mm: codos, tees, uniones y adaptadores roscados.;materiales;ud;ES;EUR;0.911392;0.690526;1.219048;docs/METODOLOGIA_PRECIOS_REFERENCIA_ESPANA.md;2026-08-25;derivado;no;no_confirmado;nacional;"Precio referencial nacional derivado de la canasta de mercado investigada para esta familia; no es una cotización de tienda."
MT-PLO-PVC4;Tubería de PVC sanitario de 4 pulgadas para desagüe, con junta cementada.;materiales;m;ES;EUR;5;4;7;docs/INVESTIGACION_PRECIOS_ESPANA.md;2026-08-25;referencia;no;no_confirmado;nacional;PVC saneamiento DN110.
MT-PLO-ACC4;Accesorios de PVC sanitario de 4 pulgadas: codos, yees, sifones y pegamento.;materiales;ud;ES;EUR;3.303797;2.503158;4.419048;docs/METODOLOGIA_PRECIOS_REFERENCIA_ESPANA.md;2026-08-25;derivado;no;no_confirmado;nacional;"Precio referencial nacional derivado de la canasta de mercado investigada para esta familia; no es una cotización de tienda."
MT-PLO-SOP;Abrazaderas, soportes y tacos de fijación para tubería.;materiales;ud;ES;EUR;0.512658;0.388421;0.685714;docs/METODOLOGIA_PRECIOS_REFERENCIA_ESPANA.md;2026-08-25;derivado;no;no_confirmado;nacional;"Precio referencial nacional derivado de la canasta de mercado investigada para esta familia; no es una cotización de tienda."
MT-ELE-TUB20;Tubería conduit corrugada de PVC de 20 mm para canalización eléctrica empotrada.;materiales;m;ES;EUR;0.45;0.3;0.7;docs/INVESTIGACION_PRECIOS_ESPANA.md;2026-08-25;referencia;no;no_confirmado;nacional;"Referencia nacional normalizada; puede variar por proveedor, marca, disponibilidad, IVA y volumen."
MT-ELE-CABLE;Conductor de cobre THW calibre 12 AWG, aislamiento 600 V.;materiales;m;ES;EUR;0.65;0.45;0.9;docs/INVESTIGACION_PRECIOS_ESPANA.md;2026-08-25;referencia;no;no_confirmado;nacional;Equivalente peninsular H07V-K 2,5 mm².
MT-ELE-CAJA;Caja de paso o de mecanismo, metálica o de PVC, para empotrar.;materiales;ud;ES;EUR;1.253165;0.949474;1.67619;docs/METODOLOGIA_PRECIOS_REFERENCIA_ESPANA.md;2026-08-25;derivado;no;no_confirmado;nacional;"Precio referencial nacional derivado de la canasta de mercado investigada para esta familia; no es una cotización de tienda."
MT-ELE-MECA;Mecanismo de interruptor o tomacorriente con placa, gama estándar.;materiales;ud;ES;EUR;5;3;8;docs/INVESTIGACION_PRECIOS_ESPANA.md;2026-08-25;referencia;no;no_confirmado;nacional;"Referencia nacional normalizada; puede variar por proveedor, marca, disponibilidad, IVA y volumen."
MT-YESO-REP;Yeso o mortero de reparación para el tapado de rozas.;materiales;kg;ES;EUR;0.56962;0.431579;0.761905;docs/METODOLOGIA_PRECIOS_REFERENCIA_ESPANA.md;2026-08-25;derivado;no;no_confirmado;nacional;"Precio referencial nacional derivado de la canasta de mercado investigada para esta familia; no es una cotización de tienda."
MT-BLQ-10;Bloque de concreto hueco de 10x20x40 cm para tabiquería no estructural.;materiales;ud;ES;EUR;1.1;0.9;1.4;docs/INVESTIGACION_PRECIOS_ESPANA.md;2026-08-25;referencia;no;no_confirmado;nacional;"Referencia nacional normalizada; puede variar por proveedor, marca, disponibilidad, IVA y volumen."
MT-MALLA-ESQ;Cantonera metálica de esquina y malla de refuerzo para encuentros de friso.;materiales;m;ES;EUR;0.797468;0.604211;1.066667;docs/METODOLOGIA_PRECIOS_REFERENCIA_ESPANA.md;2026-08-25;derivado;no;no_confirmado;nacional;"Precio referencial nacional derivado de la canasta de mercado investigada para esta familia; no es una cotización de tienda."
MT-PYL-PLACA125;Placa de yeso laminado estándar de 12,5 mm de espesor, borde afinado.;materiales;m2;ES;EUR;4;3.2;5;docs/INVESTIGACION_PRECIOS_ESPANA.md;2026-08-25;referencia;no;no_confirmado;nacional;"Placa estándar BA-13; observación directa Leroy Merlin/Obramat/Pladur."
MT-PYL-PERF-CR;Perfilería de acero galvanizado para cielo raso suspendido: maestras, ángulo perimetral, horquillas y varilla de cuelgue.;materiales;m2;ES;EUR;4.101266;3.107368;5.485714;docs/METODOLOGIA_PRECIOS_REFERENCIA_ESPANA.md;2026-08-25;derivado;no;no_confirmado;nacional;"Precio referencial nacional derivado de la canasta de mercado investigada para esta familia; no es una cotización de tienda."
MT-PLO-LLAVE;Llave de paso de PPR de 20 mm, de esfera, para empotrar.;materiales;ud;ES;EUR;5.126582;3.884211;6.857143;docs/METODOLOGIA_PRECIOS_REFERENCIA_ESPANA.md;2026-08-25;derivado;no;no_confirmado;nacional;"Precio referencial nacional derivado de la canasta de mercado investigada para esta familia; no es una cotización de tienda."
MT-PLO-ABASTO;Tubo de abasto flexible con sus racores y accesorios de conexión a aparato.;materiales;ud;ES;EUR;3.64557;2.762105;4.87619;docs/METODOLOGIA_PRECIOS_REFERENCIA_ESPANA.md;2026-08-25;derivado;no;no_confirmado;nacional;"Precio referencial nacional derivado de la canasta de mercado investigada para esta familia; no es una cotización de tienda."
MT-PLO-DESAG;Accesorios de desagüe para aparato sanitario: sifón, brida, adaptadores y pegamento.;materiales;ud;ES;EUR;6.151899;4.661053;8.228571;docs/METODOLOGIA_PRECIOS_REFERENCIA_ESPANA.md;2026-08-25;derivado;no;no_confirmado;nacional;"Precio referencial nacional derivado de la canasta de mercado investigada para esta familia; no es una cotización de tienda."
MT-SAN-FIJA;Kit de fijación de aparato sanitario: anclajes, anillo de cera y tornillería.;materiales;ud;ES;EUR;5.468354;4.143158;7.314286;docs/METODOLOGIA_PRECIOS_REFERENCIA_ESPANA.md;2026-08-25;derivado;no;no_confirmado;nacional;"Precio referencial nacional derivado de la canasta de mercado investigada para esta familia; no es una cotización de tienda."
MT-SIL-SAN;Cartucho de silicona sanitaria antihongos para sellado de aparatos.;materiales;ud;ES;EUR;13.670886;10.357895;18.285714;docs/METODOLOGIA_PRECIOS_REFERENCIA_ESPANA.md;2026-08-25;derivado;no;no_confirmado;nacional;"Precio referencial nacional derivado de la canasta de mercado investigada para esta familia; no es una cotización de tienda."
MT-CANON;Canon de vertido en vertedero o botadero autorizado.;materiales;m3;ES;EUR;7;4;12;docs/INVESTIGACION_PRECIOS_ESPANA.md;2026-08-25;referencia;no;no_confirmado;nacional;Canon de vertido RCD en vertedero autorizado.
MT-CONS-DEM;Consumibles de demolición: puntas y cinceles de martillo, discos de corte y hojas de espátula.;materiales;ud;ES;EUR;1.253165;0.949474;1.67619;docs/METODOLOGIA_PRECIOS_REFERENCIA_ESPANA.md;2026-08-25;derivado;no;no_confirmado;nacional;"Precio referencial nacional derivado de la canasta de mercado investigada para esta familia; no es una cotización de tienda."
MT-PROT-OBRA;Protección de obra con plástico, cartón corrugado y cinta de enmascarar.;materiales;m2;ES;EUR;0.398734;0.302105;0.533333;docs/METODOLOGIA_PRECIOS_REFERENCIA_ESPANA.md;2026-08-25;derivado;no;no_confirmado;nacional;"Precio referencial nacional derivado de la canasta de mercado investigada para esta familia; no es una cotización de tienda."
MT-DISOL-ADH;Disolvente removedor de adhesivos para levantado de pisos vinílicos y alfombras.;materiales;l;ES;EUR;5.924051;4.488421;7.92381;docs/METODOLOGIA_PRECIOS_REFERENCIA_ESPANA.md;2026-08-25;derivado;no;no_confirmado;nacional;"Precio referencial nacional derivado de la canasta de mercado investigada para esta familia; no es una cotización de tienda."
MT-DECAP;Decapante químico en gel para eliminación de capas de pintura en paramentos.;materiales;l;ES;EUR;7.405063;5.610526;9.904762;docs/METODOLOGIA_PRECIOS_REFERENCIA_ESPANA.md;2026-08-25;derivado;no;no_confirmado;nacional;"Precio referencial nacional derivado de la canasta de mercado investigada para esta familia; no es una cotización de tienda."
MT-VAPOR;Solución humectante para reblandecimiento de papel tapiz y pegamentos murales.;materiales;l;ES;EUR;2.734177;2.071579;3.657143;docs/METODOLOGIA_PRECIOS_REFERENCIA_ESPANA.md;2026-08-25;derivado;no;no_confirmado;nacional;"Precio referencial nacional derivado de la canasta de mercado investigada para esta familia; no es una cotización de tienda."
MT-APEO;Puntal metálico telescópico y madera de apeo, con amortización por uso.;materiales;ud;ES;EUR;2.506329;1.898947;3.352381;docs/METODOLOGIA_PRECIOS_REFERENCIA_ESPANA.md;2026-08-25;derivado;no;no_confirmado;nacional;"Precio referencial nacional derivado de la canasta de mercado investigada para esta familia; no es una cotización de tienda."
MT-OXI-CONS;Consumibles de oxicorte y soldadura: gas, boquillas y discos de corte de metal.;materiales;ud;ES;EUR;4.443038;3.366316;5.942857;docs/METODOLOGIA_PRECIOS_REFERENCIA_ESPANA.md;2026-08-25;derivado;no;no_confirmado;nacional;"Precio referencial nacional derivado de la canasta de mercado investigada para esta familia; no es una cotización de tienda."
MT-PROT-CARTON;Cartón corrugado en rollo para protección de pisos y superficies terminadas durante la obra.;materiales;m2;ES;EUR;0.512658;0.388421;0.685714;docs/METODOLOGIA_PRECIOS_REFERENCIA_ESPANA.md;2026-08-25;derivado;no;no_confirmado;nacional;"Precio referencial nacional derivado de la canasta de mercado investigada para esta familia; no es una cotización de tienda."
MT-PROT-PLAST;Lámina de polietileno para protección de mobiliario, cerramiento de ambientes y barreras antipolvo.;materiales;m2;ES;EUR;0.318987;0.241684;0.426667;docs/METODOLOGIA_PRECIOS_REFERENCIA_ESPANA.md;2026-08-25;derivado;no;no_confirmado;nacional;"Precio referencial nacional derivado de la canasta de mercado investigada para esta familia; no es una cotización de tienda."
MT-CINTA-ENM;Rollo de cinta de enmascarar y cinta adhesiva de embalaje para fijación de protecciones.;materiales;ud;ES;EUR;1.367089;1.035789;1.828571;docs/METODOLOGIA_PRECIOS_REFERENCIA_ESPANA.md;2026-08-25;derivado;no;no_confirmado;nacional;"Precio referencial nacional derivado de la canasta de mercado investigada para esta familia; no es una cotización de tienda."
MT-ZIPPER;Cierre tipo cremallera autoadhesivo para paso de personal a través de barrera antipolvo.;materiales;ud;ES;EUR;4.329114;3.28;5.790476;docs/METODOLOGIA_PRECIOS_REFERENCIA_ESPANA.md;2026-08-25;derivado;no;no_confirmado;nacional;"Precio referencial nacional derivado de la canasta de mercado investigada para esta familia; no es una cotización de tienda."
MT-MADERA-LISTON;Listón de madera de obra para bastidores, marcos de cerramiento provisional y rastreles.;materiales;m;ES;EUR;2.221519;1.683158;2.971429;docs/METODOLOGIA_PRECIOS_REFERENCIA_ESPANA.md;2026-08-25;derivado;no;no_confirmado;nacional;"Precio referencial nacional derivado de la canasta de mercado investigada para esta familia; no es una cotización de tienda."
MT-LAMINA-OSB;Lámina de madera contrachapada u OSB para cerramiento provisional de vanos y protecciones rígidas.;materiales;m2;ES;EUR;11.962025;9.063158;16;docs/METODOLOGIA_PRECIOS_REFERENCIA_ESPANA.md;2026-08-25;derivado;no;no_confirmado;nacional;"Precio referencial nacional derivado de la canasta de mercado investigada para esta familia; no es una cotización de tienda."
MT-MALLA-OBRA;Malla plástica de señalización para cerramiento perimetral y delimitación de zonas de obra.;materiales;m2;ES;EUR;1.025316;0.776842;1.371429;docs/METODOLOGIA_PRECIOS_REFERENCIA_ESPANA.md;2026-08-25;derivado;no;no_confirmado;nacional;"Precio referencial nacional derivado de la canasta de mercado investigada para esta familia; no es una cotización de tienda."
MT-CLAVOS;Clavos, tornillos y elementos de fijación de uso general en obra.;materiales;kg;ES;EUR;2.962025;2.244211;3.961905;docs/METODOLOGIA_PRECIOS_REFERENCIA_ESPANA.md;2026-08-25;derivado;no;no_confirmado;nacional;"Precio referencial nacional derivado de la canasta de mercado investigada para esta familia; no es una cotización de tienda."
MT-VIGA-APEO;Viga o durmiente de madera de reparto para apeos y apuntalamientos.;materiales;m;ES;EUR;3.303797;2.503158;4.419048;docs/METODOLOGIA_PRECIOS_REFERENCIA_ESPANA.md;2026-08-25;derivado;no;no_confirmado;nacional;"Precio referencial nacional derivado de la canasta de mercado investigada para esta familia; no es una cotización de tienda."
MT-ELE-PROV;Cable encauchetado para instalación eléctrica provisional de obra.;materiales;m;ES;EUR;4.78481;3.625263;6.4;docs/METODOLOGIA_PRECIOS_REFERENCIA_ESPANA.md;2026-08-25;derivado;no;no_confirmado;nacional;"Precio referencial nacional derivado de la canasta de mercado investigada para esta familia; no es una cotización de tienda."
MT-TABLERO-PROV;Tablero eléctrico provisional de obra con interruptor diferencial y protecciones, amortizado por uso.;materiales;ud;ES;EUR;51.265823;38.842105;68.571429;docs/METODOLOGIA_PRECIOS_REFERENCIA_ESPANA.md;2026-08-25;derivado;no;no_confirmado;nacional;"Precio referencial nacional derivado de la canasta de mercado investigada para esta familia; no es una cotización de tienda."
MT-LAMP-OBRA;Reflector o lámpara de obra con su portalámparas y protección, amortizado por uso.;materiales;ud;ES;EUR;10.822785;8.2;14.47619;docs/METODOLOGIA_PRECIOS_REFERENCIA_ESPANA.md;2026-08-25;derivado;no;no_confirmado;nacional;"Precio referencial nacional derivado de la canasta de mercado investigada para esta familia; no es una cotización de tienda."
MT-MANGUERA;Manguera reforzada para red de agua provisional de obra.;materiales;m;ES;EUR;0.968354;0.733684;1.295238;docs/METODOLOGIA_PRECIOS_REFERENCIA_ESPANA.md;2026-08-25;derivado;no;no_confirmado;nacional;"Precio referencial nacional derivado de la canasta de mercado investigada para esta familia; no es una cotización de tienda."
MT-LLAVE-PROV;Llave de paso, adaptadores y accesorios para punto de agua provisional.;materiales;ud;ES;EUR;6.835443;5.178947;9.142857;docs/METODOLOGIA_PRECIOS_REFERENCIA_ESPANA.md;2026-08-25;derivado;no;no_confirmado;nacional;"Precio referencial nacional derivado de la canasta de mercado investigada para esta familia; no es una cotización de tienda."
MT-SENAL-OBRA;Señal de advertencia, cinta de peligro y conos de delimitación de obra.;materiales;ud;ES;EUR;6.265823;4.747368;8.380952;docs/METODOLOGIA_PRECIOS_REFERENCIA_ESPANA.md;2026-08-25;derivado;no;no_confirmado;nacional;"Precio referencial nacional derivado de la canasta de mercado investigada para esta familia; no es una cotización de tienda."
MT-ARENA;Arena lavada de río, puesta en obra, para camas de asiento y rellenos de zanja.;materiales;m3;ES;EUR;28;20;38;docs/INVESTIGACION_PRECIOS_ESPANA.md;2026-08-25;referencia;no;si;nacional;"Arena lavada puesta en obra; 15-25 €/t en acopio más porte."
MT-PIEDRA-PIC;Piedra picada de granulometría corriente, puesta en obra, para bases y drenajes.;materiales;m3;ES;EUR;30;22;40;docs/INVESTIGACION_PRECIOS_ESPANA.md;2026-08-25;referencia;no;si;nacional;"Grava puesta en obra; 12-20 €/t en acopio más porte."
MT-MAT-PRESTAMO;Material granular seleccionado de préstamo, tipo granzón natural, puesto en obra para rellenos compactados.;materiales;m3;ES;EUR;18.227848;13.810526;24.380952;docs/METODOLOGIA_PRECIOS_REFERENCIA_ESPANA.md;2026-08-25;derivado;no;no_confirmado;nacional;"Precio referencial nacional derivado de la canasta de mercado investigada para esta familia; no es una cotización de tienda."
MT-MADERA-ENTIB;Tablón y puntal de madera para entibado de zanja, con amortización por número de usos.;materiales;m2;ES;EUR;3.873418;2.934737;5.180952;docs/METODOLOGIA_PRECIOS_REFERENCIA_ESPANA.md;2026-08-25;derivado;no;no_confirmado;nacional;"Precio referencial nacional derivado de la canasta de mercado investigada para esta familia; no es una cotización de tienda."
MT-CANON-TIERRA;Canon de vertido de tierra y material de excavación en botadero autorizado.;materiales;m3;ES;EUR;3.189873;2.416842;4.266667;docs/METODOLOGIA_PRECIOS_REFERENCIA_ESPANA.md;2026-08-25;derivado;no;no_confirmado;nacional;"Precio referencial nacional derivado de la canasta de mercado investigada para esta familia; no es una cotización de tienda."
MT-AGUA-OBRA;Agua para amasado, humectación de rellenos y compactación.;materiales;m3;ES;EUR;1.822785;1.381053;2.438095;docs/METODOLOGIA_PRECIOS_REFERENCIA_ESPANA.md;2026-08-25;derivado;no;no_confirmado;nacional;"Precio referencial nacional derivado de la canasta de mercado investigada para esta familia; no es una cotización de tienda."
MT-CONC-180;Concreto premezclado de resistencia 180 kg/cm2, puesto en obra.;materiales;m3;ES;EUR;92;82;105;docs/INVESTIGACION_PRECIOS_ESPANA.md;2026-08-25;referencia;no;si;nacional;"Referencia nacional normalizada; puede variar por proveedor, marca, disponibilidad, IVA y volumen."
MT-CONC-210;Concreto premezclado de resistencia 210 kg/cm2, puesto en obra.;materiales;m3;ES;EUR;100;90;115;docs/INVESTIGACION_PRECIOS_ESPANA.md;2026-08-25;referencia;no;si;nacional;Hormigón HA-25 puesto en obra.
MT-CONC-250;Concreto premezclado de resistencia 250 kg/cm2, puesto en obra.;materiales;m3;ES;EUR;108;96;122;docs/INVESTIGACION_PRECIOS_ESPANA.md;2026-08-25;referencia;no;si;nacional;"Referencia nacional normalizada; puede variar por proveedor, marca, disponibilidad, IVA y volumen."
MT-CEMENTO;Cemento Portland gris tipo I, en saco.;materiales;kg;ES;EUR;0.14;0.1;0.19;docs/INVESTIGACION_PRECIOS_ESPANA.md;2026-08-25;referencia;no;no_confirmado;nacional;"Saco 25 kg a 2,50-4,75 € según almacén o retail; sin IVA ni porte."
MT-ACERO-CAB;Acero de refuerzo en cabillas corrugadas, límite elástico 4.200 kg/cm2, cortado y doblado.;materiales;kg;ES;EUR;1.15;0.95;1.4;docs/INVESTIGACION_PRECIOS_ESPANA.md;2026-08-25;referencia;no;no_confirmado;nacional;"B500S a 700-900 €/t en base; suministro cortado y puesto en obra."
MT-ALAMBRE;Alambre recocido para amarre de acero de refuerzo.;materiales;kg;ES;EUR;2.1;1.7;2.6;docs/INVESTIGACION_PRECIOS_ESPANA.md;2026-08-25;referencia;no;no_confirmado;nacional;"Referencia nacional normalizada; puede variar por proveedor, marca, disponibilidad, IVA y volumen."
MT-MALLA-ELEC;Malla electrosoldada de acero para refuerzo de losas y pisos.;materiales;m2;ES;EUR;5.5;4;7;docs/INVESTIGACION_PRECIOS_ESPANA.md;2026-08-25;referencia;no;no_confirmado;nacional;"Referencia nacional normalizada; puede variar por proveedor, marca, disponibilidad, IVA y volumen."
MT-SEPARADOR;Separador plástico o de mortero para garantizar el recubrimiento del acero de refuerzo.;materiales;ud;ES;EUR;0.091139;0.069053;0.121905;docs/METODOLOGIA_PRECIOS_REFERENCIA_ESPANA.md;2026-08-25;derivado;no;no_confirmado;nacional;"Precio referencial nacional derivado de la canasta de mercado investigada para esta familia; no es una cotización de tienda."
MT-FORM-MADERA;Encofrado de madera con sus puntales y arriostramientos, amortizado por número de usos.;materiales;m2;ES;EUR;10;8;14;docs/INVESTIGACION_PRECIOS_ESPANA.md;2026-08-25;referencia;no;no_confirmado;nacional;Encofrado de madera amortizado por uso.
MT-DESMOLD;Desmoldeante para encofrados, que facilita el desencofrado y protege la madera.;materiales;l;ES;EUR;3.189873;2.416842;4.266667;docs/METODOLOGIA_PRECIOS_REFERENCIA_ESPANA.md;2026-08-25;derivado;no;no_confirmado;nacional;"Precio referencial nacional derivado de la canasta de mercado investigada para esta familia; no es una cotización de tienda."
MT-POLIET;Lámina de polietileno de alta densidad como barrera de vapor bajo losas de piso.;materiales;m2;ES;EUR;0.6;0.4;0.9;docs/INVESTIGACION_PRECIOS_ESPANA.md;2026-08-25;referencia;no;no_confirmado;nacional;"Referencia nacional normalizada; puede variar por proveedor, marca, disponibilidad, IVA y volumen."
MT-IMPERM-ASF;Impermeabilizante asfáltico en emulsión para protección de fundaciones y trasdós de muros.;materiales;l;ES;EUR;5.126582;3.884211;6.857143;docs/METODOLOGIA_PRECIOS_REFERENCIA_ESPANA.md;2026-08-25;derivado;no;no_confirmado;nacional;"Precio referencial nacional derivado de la canasta de mercado investigada para esta familia; no es una cotización de tienda."
MT-ADITIVO;Aditivo plastificante y reductor de agua para concreto.;materiales;l;ES;EUR;3.64557;2.762105;4.87619;docs/METODOLOGIA_PRECIOS_REFERENCIA_ESPANA.md;2026-08-25;derivado;no;no_confirmado;nacional;"Precio referencial nacional derivado de la canasta de mercado investigada para esta familia; no es una cotización de tienda."
MT-TUBO-DREN;Tubería de drenaje perforada corrugada con geotextil, para drenaje de trasdós de muro.;materiales;m;ES;EUR;4.101266;3.107368;5.485714;docs/METODOLOGIA_PRECIOS_REFERENCIA_ESPANA.md;2026-08-25;derivado;no;no_confirmado;nacional;"Precio referencial nacional derivado de la canasta de mercado investigada para esta familia; no es una cotización de tienda."
MT-GEOTEXTIL;Geotextil no tejido para separación y filtro en drenajes y rellenos.;materiales;m2;ES;EUR;1.1;0.8;1.5;docs/INVESTIGACION_PRECIOS_ESPANA.md;2026-08-25;referencia;no;no_confirmado;nacional;"Referencia nacional normalizada; puede variar por proveedor, marca, disponibilidad, IVA y volumen."
MT-CURADOR;Curador químico de membrana para concreto, que retiene el agua de fraguado.;materiales;l;ES;EUR;3.873418;2.934737;5.180952;docs/METODOLOGIA_PRECIOS_REFERENCIA_ESPANA.md;2026-08-25;derivado;no;no_confirmado;nacional;"Precio referencial nacional derivado de la canasta de mercado investigada para esta familia; no es una cotización de tienda."
MT-PERFIL-ACERO;Perfil estructural de acero laminado, suministrado cortado a medida.;materiales;kg;ES;EUR;2;1.6;2.4;docs/INVESTIGACION_PRECIOS_ESPANA.md;2026-08-25;referencia;no;no_confirmado;nacional;"Referencia nacional normalizada; puede variar por proveedor, marca, disponibilidad, IVA y volumen."
MT-PLANCHA-ACERO;Plancha de acero para placas base, cartelas y conexiones.;materiales;kg;ES;EUR;2.506329;1.898947;3.352381;docs/METODOLOGIA_PRECIOS_REFERENCIA_ESPANA.md;2026-08-25;derivado;no;no_confirmado;nacional;"Precio referencial nacional derivado de la canasta de mercado investigada para esta familia; no es una cotización de tienda."
MT-PERNO-ANCLA;Perno de anclaje de acero con tuerca y arandela, para fijación de placa base.;materiales;ud;ES;EUR;2.506329;1.898947;3.352381;docs/METODOLOGIA_PRECIOS_REFERENCIA_ESPANA.md;2026-08-25;derivado;no;no_confirmado;nacional;"Precio referencial nacional derivado de la canasta de mercado investigada para esta familia; no es una cotización de tienda."
MT-TORNILLO-EST;Tornillería estructural de alta resistencia con tuerca y arandelas.;materiales;ud;ES;EUR;1.367089;1.035789;1.828571;docs/METODOLOGIA_PRECIOS_REFERENCIA_ESPANA.md;2026-08-25;derivado;no;no_confirmado;nacional;"Precio referencial nacional derivado de la canasta de mercado investigada para esta familia; no es una cotización de tienda."
MT-ELECTRODO;Electrodo revestido para soldadura estructural por arco eléctrico.;materiales;kg;ES;EUR;4.5;3;6;docs/INVESTIGACION_PRECIOS_ESPANA.md;2026-08-25;referencia;no;no_confirmado;nacional;"Referencia nacional normalizada; puede variar por proveedor, marca, disponibilidad, IVA y volumen."
MT-PINT-ANTICORR;Imprimación anticorrosiva de fondo para estructura metálica.;materiales;l;ES;EUR;9.113924;6.905263;12.190476;docs/METODOLOGIA_PRECIOS_REFERENCIA_ESPANA.md;2026-08-25;derivado;no;no_confirmado;nacional;"Precio referencial nacional derivado de la canasta de mercado investigada para esta familia; no es una cotización de tienda."
MT-MADERA-EST;Madera estructural aserrada y cepillada, de escuadría según proyecto.;materiales;m3;ES;EUR;520;420;620;docs/INVESTIGACION_PRECIOS_ESPANA.md;2026-08-25;referencia;no;no_confirmado;nacional;"Referencia nacional normalizada; puede variar por proveedor, marca, disponibilidad, IVA y volumen."
MT-HERRAJE-MAD;Herraje o conector metálico galvanizado para uniones de estructura de madera.;materiales;ud;ES;EUR;6.265823;4.747368;8.380952;docs/METODOLOGIA_PRECIOS_REFERENCIA_ESPANA.md;2026-08-25;derivado;no;no_confirmado;nacional;"Precio referencial nacional derivado de la canasta de mercado investigada para esta familia; no es una cotización de tienda."
MT-PRESERV-MAD;Preservante fungicida e insecticida para protección de madera estructural.;materiales;l;ES;EUR;7.291139;5.524211;9.752381;docs/METODOLOGIA_PRECIOS_REFERENCIA_ESPANA.md;2026-08-25;derivado;no;no_confirmado;nacional;"Precio referencial nacional derivado de la canasta de mercado investigada para esta familia; no es una cotización de tienda."
MT-VIGUETA;Vigueta prefabricada pretensada de concreto para losa de entrepiso.;materiales;m;ES;EUR;9.683544;7.336842;12.952381;docs/METODOLOGIA_PRECIOS_REFERENCIA_ESPANA.md;2026-08-25;derivado;no;no_confirmado;nacional;"Precio referencial nacional derivado de la canasta de mercado investigada para esta familia; no es una cotización de tienda."
MT-BLOQUE-ALIV;Bloque de arcilla de aliviano para losa nervada.;materiales;ud;ES;EUR;1.082278;0.82;1.447619;docs/METODOLOGIA_PRECIOS_REFERENCIA_ESPANA.md;2026-08-25;derivado;no;no_confirmado;nacional;"Precio referencial nacional derivado de la canasta de mercado investigada para esta familia; no es una cotización de tienda."
MT-ANIME-ALIV;Bloque de poliestireno expandido de aliviano para losa nervada, de menor peso propio.;materiales;ud;ES;EUR;1.822785;1.381053;2.438095;docs/METODOLOGIA_PRECIOS_REFERENCIA_ESPANA.md;2026-08-25;derivado;no;no_confirmado;nacional;"Precio referencial nacional derivado de la canasta de mercado investigada para esta familia; no es una cotización de tienda."
MT-CONC-300;Concreto premezclado de resistencia 300 kg/cm2, puesto en obra.;materiales;m3;ES;EUR;118;105;132;docs/INVESTIGACION_PRECIOS_ESPANA.md;2026-08-25;referencia;no;si;nacional;"Referencia nacional normalizada; puede variar por proveedor, marca, disponibilidad, IVA y volumen."
MT-EPOXI-ANCLA;Resina epóxica bicomponente para anclaje químico de barras y para inyección de fisuras.;materiales;l;ES;EUR;108.227848;82;144.761905;docs/METODOLOGIA_PRECIOS_REFERENCIA_ESPANA.md;2026-08-25;derivado;no;no_confirmado;nacional;"Precio referencial nacional derivado de la canasta de mercado investigada para esta familia; no es una cotización de tienda."
MT-FIBRA-CARB;Tejido de fibra de carbono unidireccional con su resina de saturación, para refuerzo estructural.;materiales;m2;ES;EUR;54.683544;41.431579;73.142857;docs/METODOLOGIA_PRECIOS_REFERENCIA_ESPANA.md;2026-08-25;derivado;no;no_confirmado;nacional;"Precio referencial nacional derivado de la canasta de mercado investigada para esta familia; no es una cotización de tienda."
MT-MORT-REP-EST;Mortero tixotrópico de reparación estructural, de retracción compensada y con inhibidor de corrosión.;materiales;kg;ES;EUR;2.734177;2.071579;3.657143;docs/METODOLOGIA_PRECIOS_REFERENCIA_ESPANA.md;2026-08-25;derivado;no;no_confirmado;nacional;"Precio referencial nacional derivado de la canasta de mercado investigada para esta familia; no es una cotización de tienda."
MT-PUENTE-ADH;Puente de adherencia epóxico entre concreto endurecido y concreto o mortero nuevo.;materiales;l;ES;EUR;22.78481;17.263158;30.47619;docs/METODOLOGIA_PRECIOS_REFERENCIA_ESPANA.md;2026-08-25;derivado;no;no_confirmado;nacional;"Precio referencial nacional derivado de la canasta de mercado investigada para esta familia; no es una cotización de tienda."
MT-GROUT;Grout fluido de alta resistencia y retracción compensada, para nivelación de apoyos y relleno de placas base.;materiales;kg;ES;EUR;2.506329;1.898947;3.352381;docs/METODOLOGIA_PRECIOS_REFERENCIA_ESPANA.md;2026-08-25;derivado;no;no_confirmado;nacional;"Precio referencial nacional derivado de la canasta de mercado investigada para esta familia; no es una cotización de tienda."
MT-PASIVANTE;Recubrimiento pasivante de base cementosa con inhibidor, para protección de acero de refuerzo corroído.;materiales;l;ES;EUR;11.164557;8.458947;14.933333;docs/METODOLOGIA_PRECIOS_REFERENCIA_ESPANA.md;2026-08-25;derivado;no;no_confirmado;nacional;"Precio referencial nacional derivado de la canasta de mercado investigada para esta familia; no es una cotización de tienda."
MT-BLQ-15;Bloque de concreto hueco de 15x20x40 cm.;materiales;ud;ES;EUR;1.5;1.2;1.9;docs/INVESTIGACION_PRECIOS_ESPANA.md;2026-08-25;referencia;no;no_confirmado;nacional;"Referencia nacional normalizada; puede variar por proveedor, marca, disponibilidad, IVA y volumen."
MT-BLQ-20;Bloque de concreto hueco de 20x20x40 cm.;materiales;ud;ES;EUR;2.3;1.8;2.8;docs/INVESTIGACION_PRECIOS_ESPANA.md;2026-08-25;referencia;no;no_confirmado;nacional;"Referencia nacional normalizada; puede variar por proveedor, marca, disponibilidad, IVA y volumen."
MT-BLQ-ARC-10;Bloque hueco de arcilla de 10x20x30 cm.;materiales;ud;ES;EUR;0.432911;0.328;0.579048;docs/METODOLOGIA_PRECIOS_REFERENCIA_ESPANA.md;2026-08-25;derivado;no;no_confirmado;nacional;"Precio referencial nacional derivado de la canasta de mercado investigada para esta familia; no es una cotización de tienda."
MT-BLQ-ARC-15;Bloque hueco de arcilla de 15x20x30 cm.;materiales;ud;ES;EUR;0.45;0.35;0.55;docs/INVESTIGACION_PRECIOS_ESPANA.md;2026-08-25;referencia;no;no_confirmado;nacional;Ladrillo hueco doble a 180-280 €/millar.
MT-LADRILLO;Ladrillo macizo de arcilla cocida.;materiales;ud;ES;EUR;0.35;0.25;0.45;docs/INVESTIGACION_PRECIOS_ESPANA.md;2026-08-25;referencia;no;no_confirmado;nacional;"Referencia nacional normalizada; puede variar por proveedor, marca, disponibilidad, IVA y volumen."
MT-BLQ-VIDRIO;Bloque de vidrio de 19x19x8 cm, con sus separadores y refuerzo de junta.;materiales;ud;ES;EUR;7.860759;5.955789;10.514286;docs/METODOLOGIA_PRECIOS_REFERENCIA_ESPANA.md;2026-08-25;derivado;no;no_confirmado;nacional;"Precio referencial nacional derivado de la canasta de mercado investigada para esta familia; no es una cotización de tienda."
MT-PLACA-CEM;Placa de cemento reforzada con fibra, apta para áreas húmedas y exteriores.;materiales;m2;ES;EUR;10.481013;7.941053;14.019048;docs/METODOLOGIA_PRECIOS_REFERENCIA_ESPANA.md;2026-08-25;derivado;no;no_confirmado;nacional;"Precio referencial nacional derivado de la canasta de mercado investigada para esta familia; no es una cotización de tienda."
MT-PYL-PLACA-RH;Placa de yeso laminado resistente a la humedad, de 12,5 mm, para áreas húmedas.;materiales;m2;ES;EUR;8.2;7;9.5;docs/INVESTIGACION_PRECIOS_ESPANA.md;2026-08-25;referencia;no;no_confirmado;nacional;Placa H1 resistente a la humedad 12,5-13 mm.
MT-DINTEL-PREF;Dintel prefabricado de concreto armado para vanos de puerta y ventana.;materiales;m;ES;EUR;7.405063;5.610526;9.904762;docs/METODOLOGIA_PRECIOS_REFERENCIA_ESPANA.md;2026-08-25;derivado;no;no_confirmado;nacional;"Precio referencial nacional derivado de la canasta de mercado investigada para esta familia; no es una cotización de tienda."
MT-PANEL-LIV;Panel liviano prefabricado de núcleo aligerado con caras de mortero, para tabiquería.;materiales;m2;ES;EUR;15.949367;12.084211;21.333333;docs/METODOLOGIA_PRECIOS_REFERENCIA_ESPANA.md;2026-08-25;derivado;no;no_confirmado;nacional;"Precio referencial nacional derivado de la canasta de mercado investigada para esta familia; no es una cotización de tienda."
MT-MACHIH-MAD;Machihembrado de madera para divisiones y forros interiores.;materiales;m2;ES;EUR;12.531646;9.494737;16.761905;docs/METODOLOGIA_PRECIOS_REFERENCIA_ESPANA.md;2026-08-25;derivado;no;no_confirmado;nacional;"Precio referencial nacional derivado de la canasta de mercado investigada para esta familia; no es una cotización de tienda."
MT-MALLA-JUNTA;Malla o banda de refuerzo para juntas entre materiales distintos y encuentros con estructura.;materiales;m;ES;EUR;1.367089;1.035789;1.828571;docs/METODOLOGIA_PRECIOS_REFERENCIA_ESPANA.md;2026-08-25;derivado;no;no_confirmado;nacional;"Precio referencial nacional derivado de la canasta de mercado investigada para esta familia; no es una cotización de tienda."
MT-SELLA-ELAST;Sellador elástico de poliuretano para juntas de movimiento y encuentros.;materiales;l;ES;EUR;36.455696;27.621053;48.761905;docs/METODOLOGIA_PRECIOS_REFERENCIA_ESPANA.md;2026-08-25;derivado;no;no_confirmado;nacional;"Precio referencial nacional derivado de la canasta de mercado investigada para esta familia; no es una cotización de tienda."
MT-ANCLA-MURO;Conector o anclaje metálico de amarre de pared a estructura de concreto.;materiales;ud;ES;EUR;0.740506;0.561053;0.990476;docs/METODOLOGIA_PRECIOS_REFERENCIA_ESPANA.md;2026-08-25;derivado;no;no_confirmado;nacional;"Precio referencial nacional derivado de la canasta de mercado investigada para esta familia; no es una cotización de tienda."
MT-REFUERZO-PYL;Refuerzo interior de madera o perfil metálico para anclaje de cargas en tabique de yeso laminado.;materiales;m;ES;EUR;3.64557;2.762105;4.87619;docs/METODOLOGIA_PRECIOS_REFERENCIA_ESPANA.md;2026-08-25;derivado;no;no_confirmado;nacional;"Precio referencial nacional derivado de la canasta de mercado investigada para esta familia; no es una cotización de tienda."
MT-HIDROFUGO;Aditivo hidrófugo de masa para morteros de friso en exteriores y áreas húmedas.;materiales;l;ES;EUR;4.78481;3.625263;6.4;docs/METODOLOGIA_PRECIOS_REFERENCIA_ESPANA.md;2026-08-25;derivado;no;no_confirmado;nacional;"Precio referencial nacional derivado de la canasta de mercado investigada para esta familia; no es una cotización de tienda."
MT-MORT-IMPER;Mortero impermeabilizante cementoso bicomponente, flexible, para áreas húmedas bajo enchapado.;materiales;kg;ES;EUR;1.424051;1.078947;1.904762;docs/METODOLOGIA_PRECIOS_REFERENCIA_ESPANA.md;2026-08-25;derivado;no;no_confirmado;nacional;"Precio referencial nacional derivado de la canasta de mercado investigada para esta familia; no es una cotización de tienda."
MT-PASTA-YESO;Pasta de yeso para friso y enlucido de paramentos interiores.;materiales;kg;ES;EUR;0.42;0.3;0.6;docs/INVESTIGACION_PRECIOS_ESPANA.md;2026-08-25;referencia;no;no_confirmado;nacional;"Referencia nacional normalizada; puede variar por proveedor, marca, disponibilidad, IVA y volumen."
MT-ESTUCO-FINO;Pasta de acabado fino para estucado y alisado de paramentos interiores.;materiales;kg;ES;EUR;1.651899;1.251579;2.209524;docs/METODOLOGIA_PRECIOS_REFERENCIA_ESPANA.md;2026-08-25;derivado;no;no_confirmado;nacional;"Precio referencial nacional derivado de la canasta de mercado investigada para esta familia; no es una cotización de tienda."
MT-MOLDURA-YESO;Moldura corrida de yeso o poliuretano para remates decorativos, con su pasta de agarre.;materiales;m;ES;EUR;3.64557;2.762105;4.87619;docs/METODOLOGIA_PRECIOS_REFERENCIA_ESPANA.md;2026-08-25;derivado;no;no_confirmado;nacional;"Precio referencial nacional derivado de la canasta de mercado investigada para esta familia; no es una cotización de tienda."
MT-PERFIL-REMATE;Perfil de aluminio o PVC para remate, esquinero y transición en enchapados.;materiales;m;ES;EUR;2.962025;2.244211;3.961905;docs/METODOLOGIA_PRECIOS_REFERENCIA_ESPANA.md;2026-08-25;derivado;no;no_confirmado;nacional;"Precio referencial nacional derivado de la canasta de mercado investigada para esta familia; no es una cotización de tienda."
MT-ANCLA-PIEDRA;Anclaje metálico de acero inoxidable para fijación mecánica de piezas de piedra natural.;materiales;ud;ES;EUR;1.481013;1.122105;1.980952;docs/METODOLOGIA_PRECIOS_REFERENCIA_ESPANA.md;2026-08-25;derivado;no;no_confirmado;nacional;"Precio referencial nacional derivado de la canasta de mercado investigada para esta familia; no es una cotización de tienda."
MT-ADH-PIEDRA;Adhesivo cementoso blanco de altas prestaciones, específico para piedra natural sensible a manchas.;materiales;kg;ES;EUR;0.524051;0.397053;0.700952;docs/METODOLOGIA_PRECIOS_REFERENCIA_ESPANA.md;2026-08-25;derivado;no;no_confirmado;nacional;"Precio referencial nacional derivado de la canasta de mercado investigada para esta familia; no es una cotización de tienda."
MT-CONS-PULIDO;Consumibles de pulido y abrillantado: discos diamantados, abrasivos y cristalizador.;materiales;m2;ES;EUR;2.734177;2.071579;3.657143;docs/METODOLOGIA_PRECIOS_REFERENCIA_ESPANA.md;2026-08-25;derivado;no;no_confirmado;nacional;"Precio referencial nacional derivado de la canasta de mercado investigada para esta familia; no es una cotización de tienda."
MT-SELLA-PIEDRA;Sellador hidrofugante y antimanchas para piedra natural y porcelanato poroso.;materiales;l;ES;EUR;13.670886;10.357895;18.285714;docs/METODOLOGIA_PRECIOS_REFERENCIA_ESPANA.md;2026-08-25;derivado;no;no_confirmado;nacional;"Precio referencial nacional derivado de la canasta de mercado investigada para esta familia; no es una cotización de tienda."
MT-PEGA-MURAL;Pegamento mural para papel tapiz y revestimientos textiles.;materiales;kg;ES;EUR;3.531646;2.675789;4.72381;docs/METODOLOGIA_PRECIOS_REFERENCIA_ESPANA.md;2026-08-25;derivado;no;no_confirmado;nacional;"Precio referencial nacional derivado de la canasta de mercado investigada para esta familia; no es una cotización de tienda."
MT-ESTUCO-VEN;Pasta de estuco veneciano a la cal, para acabado decorativo pulido.;materiales;kg;ES;EUR;6.835443;5.178947;9.142857;docs/METODOLOGIA_PRECIOS_REFERENCIA_ESPANA.md;2026-08-25;derivado;no;no_confirmado;nacional;"Precio referencial nacional derivado de la canasta de mercado investigada para esta familia; no es una cotización de tienda."
MT-MICROCEM;Microcemento bicomponente con su resina y malla de refuerzo, para revestimiento continuo.;materiales;kg;ES;EUR;6.265823;4.747368;8.380952;docs/METODOLOGIA_PRECIOS_REFERENCIA_ESPANA.md;2026-08-25;derivado;no;no_confirmado;nacional;"Precio referencial nacional derivado de la canasta de mercado investigada para esta familia; no es una cotización de tienda."
MT-MANTA-ACUS;Manta acústica de polietileno reticulado para piso laminado flotante.;materiales;m2;ES;EUR;1.481013;1.122105;1.980952;docs/METODOLOGIA_PRECIOS_REFERENCIA_ESPANA.md;2026-08-25;derivado;no;no_confirmado;nacional;"Precio referencial nacional derivado de la canasta de mercado investigada para esta familia; no es una cotización de tienda."
MT-ADH-MADERA;Adhesivo de poliuretano para encolado de parquet y madera sobre afirmado.;materiales;kg;ES;EUR;3.873418;2.934737;5.180952;docs/METODOLOGIA_PRECIOS_REFERENCIA_ESPANA.md;2026-08-25;derivado;no;no_confirmado;nacional;"Precio referencial nacional derivado de la canasta de mercado investigada para esta familia; no es una cotización de tienda."
MT-BARNIZ-PISO;Barniz de poliuretano de alto tránsito para acabado de pisos de madera.;materiales;l;ES;EUR;10.822785;8.2;14.47619;docs/METODOLOGIA_PRECIOS_REFERENCIA_ESPANA.md;2026-08-25;derivado;no;no_confirmado;nacional;"Precio referencial nacional derivado de la canasta de mercado investigada para esta familia; no es una cotización de tienda."
MT-ADH-VINIL;Adhesivo acrílico para revestimientos flexibles de piso, vinílico y linóleo.;materiales;kg;ES;EUR;3.189873;2.416842;4.266667;docs/METODOLOGIA_PRECIOS_REFERENCIA_ESPANA.md;2026-08-25;derivado;no;no_confirmado;nacional;"Precio referencial nacional derivado de la canasta de mercado investigada para esta familia; no es una cotización de tienda."
MT-ENDURECEDOR;Endurecedor superficial de cuarzo y cemento para pisos de concreto de alto tránsito.;materiales;kg;ES;EUR;0.968354;0.733684;1.295238;docs/METODOLOGIA_PRECIOS_REFERENCIA_ESPANA.md;2026-08-25;derivado;no;no_confirmado;nacional;"Precio referencial nacional derivado de la canasta de mercado investigada para esta familia; no es una cotización de tienda."
MT-EPOXI-PISO;Resina epóxica bicomponente autonivelante para piso continuo, con su imprimación.;materiales;kg;ES;EUR;17.088608;12.947368;22.857143;docs/METODOLOGIA_PRECIOS_REFERENCIA_ESPANA.md;2026-08-25;derivado;no;no_confirmado;nacional;"Precio referencial nacional derivado de la canasta de mercado investigada para esta familia; no es una cotización de tienda."
MT-DESMOLD-COLOR;Desmoldeante en polvo con pigmento para concreto estampado.;materiales;kg;ES;EUR;4.101266;3.107368;5.485714;docs/METODOLOGIA_PRECIOS_REFERENCIA_ESPANA.md;2026-08-25;derivado;no;no_confirmado;nacional;"Precio referencial nacional derivado de la canasta de mercado investigada para esta familia; no es una cotización de tienda."
MT-SELLA-CONC;Sellador acrílico de protección y realce para pisos de concreto y estampados.;materiales;l;ES;EUR;7.291139;5.524211;9.752381;docs/METODOLOGIA_PRECIOS_REFERENCIA_ESPANA.md;2026-08-25;derivado;no;no_confirmado;nacional;"Precio referencial nacional derivado de la canasta de mercado investigada para esta familia; no es una cotización de tienda."
MT-PERFIL-TRANS;Perfil de transición de aluminio entre pisos de distinto material o nivel.;materiales;m;ES;EUR;4.329114;3.28;5.790476;docs/METODOLOGIA_PRECIOS_REFERENCIA_ESPANA.md;2026-08-25;derivado;no;no_confirmado;nacional;"Precio referencial nacional derivado de la canasta de mercado investigada para esta familia; no es una cotización de tienda."
MT-JUNTA-DILAT;Perfil de junta de dilatación para piso, con su elemento elástico.;materiales;m;ES;EUR;5.924051;4.488421;7.92381;docs/METODOLOGIA_PRECIOS_REFERENCIA_ESPANA.md;2026-08-25;derivado;no;no_confirmado;nacional;"Precio referencial nacional derivado de la canasta de mercado investigada para esta familia; no es una cotización de tienda."
MT-CINTA-ANTIDES;Cinta o perfil antideslizante para narices de peldaño.;materiales;m;ES;EUR;5.240506;3.970526;7.009524;docs/METODOLOGIA_PRECIOS_REFERENCIA_ESPANA.md;2026-08-25;derivado;no;no_confirmado;nacional;"Precio referencial nacional derivado de la canasta de mercado investigada para esta familia; no es una cotización de tienda."
MT-GRANO-MARMOL;Grano de mármol seleccionado para granito vaciado en sitio.;materiales;kg;ES;EUR;0.512658;0.388421;0.685714;docs/METODOLOGIA_PRECIOS_REFERENCIA_ESPANA.md;2026-08-25;derivado;no;no_confirmado;nacional;"Precio referencial nacional derivado de la canasta de mercado investigada para esta familia; no es una cotización de tienda."
MT-PLATINA-DIV;Platina divisoria de aluminio o bronce para juntas de granito vaciado en sitio.;materiales;m;ES;EUR;2.392405;1.812632;3.2;docs/METODOLOGIA_PRECIOS_REFERENCIA_ESPANA.md;2026-08-25;derivado;no;no_confirmado;nacional;"Precio referencial nacional derivado de la canasta de mercado investigada para esta familia; no es una cotización de tienda."
MT-CIELO-DESM;Panel de fibra mineral de 60x60 cm para cielo raso desmontable.;materiales;m2;ES;EUR;11;8;14;docs/INVESTIGACION_PRECIOS_ESPANA.md;2026-08-25;referencia;no;no_confirmado;nacional;Falso techo desmontable de fibra mineral 60x60.
MT-PERF-DESM;Perfilería vista en T y ángulo perimetral, con tensores, para cielo raso desmontable.;materiales;m2;ES;EUR;6.265823;4.747368;8.380952;docs/METODOLOGIA_PRECIOS_REFERENCIA_ESPANA.md;2026-08-25;derivado;no;no_confirmado;nacional;"Precio referencial nacional derivado de la canasta de mercado investigada para esta familia; no es una cotización de tienda."
MT-CIELO-PVC;Lámina de PVC machihembrada para cielo raso, con sus perfiles de remate.;materiales;m2;ES;EUR;18.227848;13.810526;24.380952;docs/METODOLOGIA_PRECIOS_REFERENCIA_ESPANA.md;2026-08-25;derivado;no;no_confirmado;nacional;"Precio referencial nacional derivado de la canasta de mercado investigada para esta familia; no es una cotización de tienda."
MT-CIELO-METAL;Lámina metálica lineal o en bandeja para cielo raso, prelacada.;materiales;m2;ES;EUR;15.949367;12.084211;21.333333;docs/METODOLOGIA_PRECIOS_REFERENCIA_ESPANA.md;2026-08-25;derivado;no;no_confirmado;nacional;"Precio referencial nacional derivado de la canasta de mercado investigada para esta familia; no es una cotización de tienda."
MT-REGISTRO;Tapa de registro practicable para cielo raso, con su marco.;materiales;ud;ES;EUR;13.670886;10.357895;18.285714;docs/METODOLOGIA_PRECIOS_REFERENCIA_ESPANA.md;2026-08-25;derivado;no;no_confirmado;nacional;"Precio referencial nacional derivado de la canasta de mercado investigada para esta familia; no es una cotización de tienda."
MT-CORNISA;Perfil de cornisa para iluminación indirecta en cielo raso.;materiales;m;ES;EUR;5.126582;3.884211;6.857143;docs/METODOLOGIA_PRECIOS_REFERENCIA_ESPANA.md;2026-08-25;derivado;no;no_confirmado;nacional;"Precio referencial nacional derivado de la canasta de mercado investigada para esta familia; no es una cotización de tienda."
MT-MANTO-ASF;Manto asfáltico prefabricado con armadura de poliéster, para impermeabilización de cubierta.;materiales;m2;ES;EUR;8.5;6;12;docs/INVESTIGACION_PRECIOS_ESPANA.md;2026-08-25;referencia;no;no_confirmado;nacional;Lámina asfáltica prefabricada con armadura de poliéster.
MT-IMPRIM-ASF;Imprimación asfáltica de base solvente, como puente de adherencia del manto.;materiales;l;ES;EUR;4.78481;3.625263;6.4;docs/METODOLOGIA_PRECIOS_REFERENCIA_ESPANA.md;2026-08-25;derivado;no;no_confirmado;nacional;"Precio referencial nacional derivado de la canasta de mercado investigada para esta familia; no es una cotización de tienda."
MT-ACRIL-IMPER;Impermeabilizante acrílico elastomérico de aplicación líquida, con su malla de refuerzo.;materiales;l;ES;EUR;5.012658;3.797895;6.704762;docs/METODOLOGIA_PRECIOS_REFERENCIA_ESPANA.md;2026-08-25;derivado;no;no_confirmado;nacional;"Precio referencial nacional derivado de la canasta de mercado investigada para esta familia; no es una cotización de tienda."
MT-POLIUR-LIQ;Membrana líquida de poliuretano de alta elasticidad y resistencia a la intemperie.;materiales;kg;ES;EUR;11.962025;9.063158;16;docs/METODOLOGIA_PRECIOS_REFERENCIA_ESPANA.md;2026-08-25;derivado;no;no_confirmado;nacional;"Precio referencial nacional derivado de la canasta de mercado investigada para esta familia; no es una cotización de tienda."
MT-GRAVILLA;Gravilla lavada de protección para cubiertas impermeabilizadas.;materiales;m3;ES;EUR;27.341772;20.715789;36.571429;docs/METODOLOGIA_PRECIOS_REFERENCIA_ESPANA.md;2026-08-25;derivado;no;no_confirmado;nacional;"Precio referencial nacional derivado de la canasta de mercado investigada para esta familia; no es una cotización de tienda."
MT-AISL-TERM;Panel de aislamiento térmico de poliestireno o lana mineral para cubiertas y cielos.;materiales;m2;ES;EUR;10;6;18;docs/INVESTIGACION_PRECIOS_ESPANA.md;2026-08-25;referencia;no;no_confirmado;nacional;"Referencia nacional normalizada; puede variar por proveedor, marca, disponibilidad, IVA y volumen."
MT-AISL-REFLECT;Manta reflectiva de doble burbuja con foil de aluminio, para aislamiento bajo techo.;materiales;m2;ES;EUR;3.64557;2.762105;4.87619;docs/METODOLOGIA_PRECIOS_REFERENCIA_ESPANA.md;2026-08-25;derivado;no;no_confirmado;nacional;"Precio referencial nacional derivado de la canasta de mercado investigada para esta familia; no es una cotización de tienda."
MT-BANDA-REF;Banda elástica de refuerzo para encuentros, esquinas y juntas en impermeabilizaciones.;materiales;m;ES;EUR;3.189873;2.416842;4.266667;docs/METODOLOGIA_PRECIOS_REFERENCIA_ESPANA.md;2026-08-25;derivado;no;no_confirmado;nacional;"Precio referencial nacional derivado de la canasta de mercado investigada para esta familia; no es una cotización de tienda."
MT-SELLA-PASE;Kit de sellado de pase de tubería en impermeabilización, con collarín y masilla.;materiales;ud;ES;EUR;5.240506;3.970526;7.009524;docs/METODOLOGIA_PRECIOS_REFERENCIA_ESPANA.md;2026-08-25;derivado;no;no_confirmado;nacional;"Precio referencial nacional derivado de la canasta de mercado investigada para esta familia; no es una cotización de tienda."
MT-TEJA-CRIOLLA;Teja criolla de arcilla cocida, tipo canal.;materiales;ud;ES;EUR;1;0.8;1.3;docs/INVESTIGACION_PRECIOS_ESPANA.md;2026-08-25;referencia;no;no_confirmado;nacional;"Teja árabe curva; 12-22 €/m² de cubierta."
MT-TEJA-ASF;Teja asfáltica en shingle con su fieltro base y clavos de fijación.;materiales;m2;ES;EUR;11.962025;9.063158;16;docs/METODOLOGIA_PRECIOS_REFERENCIA_ESPANA.md;2026-08-25;derivado;no;no_confirmado;nacional;"Precio referencial nacional derivado de la canasta de mercado investigada para esta familia; no es una cotización de tienda."
MT-LAMINA-ZINC;Lámina metálica acanalada galvanizada o prepintada para cubierta.;materiales;m2;ES;EUR;16;12;22;docs/INVESTIGACION_PRECIOS_ESPANA.md;2026-08-25;referencia;no;no_confirmado;nacional;Chapa grecada/prelacada de cubierta.
MT-PANEL-SAND;Panel sándwich aislado con núcleo de poliuretano para cubierta.;materiales;m2;ES;EUR;38;28;50;docs/INVESTIGACION_PRECIOS_ESPANA.md;2026-08-25;referencia;no;no_confirmado;nacional;"Referencia nacional normalizada; puede variar por proveedor, marca, disponibilidad, IVA y volumen."
MT-POLICARB;Lámina de policarbonato alveolar translúcida, con sus perfiles de unión.;materiales;m2;ES;EUR;21.075949;15.968421;28.190476;docs/METODOLOGIA_PRECIOS_REFERENCIA_ESPANA.md;2026-08-25;derivado;no;no_confirmado;nacional;"Precio referencial nacional derivado de la canasta de mercado investigada para esta familia; no es una cotización de tienda."
MT-CUMBRERA;Pieza de cumbrera y remate para cubierta, del material de la cubierta.;materiales;m;ES;EUR;7.291139;5.524211;9.752381;docs/METODOLOGIA_PRECIOS_REFERENCIA_ESPANA.md;2026-08-25;derivado;no;no_confirmado;nacional;"Precio referencial nacional derivado de la canasta de mercado investigada para esta familia; no es una cotización de tienda."
MT-CANAL-PVC;Canal de PVC o lámina galvanizada para recogida de aguas lluvias, con sus soportes.;materiales;m;ES;EUR;8.886076;6.732632;11.885714;docs/METODOLOGIA_PRECIOS_REFERENCIA_ESPANA.md;2026-08-25;derivado;no;no_confirmado;nacional;"Precio referencial nacional derivado de la canasta de mercado investigada para esta familia; no es una cotización de tienda."
MT-BAJANTE-PVC;Bajante de PVC para aguas lluvias, con sus abrazaderas y codos.;materiales;m;ES;EUR;5.924051;4.488421;7.92381;docs/METODOLOGIA_PRECIOS_REFERENCIA_ESPANA.md;2026-08-25;derivado;no;no_confirmado;nacional;"Precio referencial nacional derivado de la canasta de mercado investigada para esta familia; no es una cotización de tienda."
MT-TRAGANTE;Tragante, boquilla o sumidero de cubierta con su rejilla y guardahojas.;materiales;ud;ES;EUR;15.949367;12.084211;21.333333;docs/METODOLOGIA_PRECIOS_REFERENCIA_ESPANA.md;2026-08-25;derivado;no;no_confirmado;nacional;"Precio referencial nacional derivado de la canasta de mercado investigada para esta familia; no es una cotización de tienda."
MT-TORN-TECHO;Tornillo autoperforante con arandela de neopreno para fijación de láminas de cubierta.;materiales;ud;ES;EUR;0.205063;0.155368;0.274286;docs/METODOLOGIA_PRECIOS_REFERENCIA_ESPANA.md;2026-08-25;derivado;no;no_confirmado;nacional;"Precio referencial nacional derivado de la canasta de mercado investigada para esta familia; no es una cotización de tienda."
MT-PLOT-REG;Pedestal regulable de polipropileno para piso flotante sobre cubierta.;materiales;ud;ES;EUR;3.873418;2.934737;5.180952;docs/METODOLOGIA_PRECIOS_REFERENCIA_ESPANA.md;2026-08-25;derivado;no;no_confirmado;nacional;"Precio referencial nacional derivado de la canasta de mercado investigada para esta familia; no es una cotización de tienda."
MT-VALV-CHECK;Válvula de retención y válvula de compuerta para instalación de bombeo.;materiales;ud;ES;EUR;15.949367;12.084211;21.333333;docs/METODOLOGIA_PRECIOS_REFERENCIA_ESPANA.md;2026-08-25;derivado;no;no_confirmado;nacional;"Precio referencial nacional derivado de la canasta de mercado investigada para esta familia; no es una cotización de tienda."
MT-ACC-BOMBA;Accesorios de conexión de bomba: uniones universales, manómetro, niples y soportes.;materiales;ud;ES;EUR;31.898734;24.168421;42.666667;docs/METODOLOGIA_PRECIOS_REFERENCIA_ESPANA.md;2026-08-25;derivado;no;no_confirmado;nacional;"Precio referencial nacional derivado de la canasta de mercado investigada para esta familia; no es una cotización de tienda."
MT-TUB-PPR25;Tubería de polipropileno PPR de 25 mm para montantes y alimentación principal.;materiales;m;ES;EUR;3.189873;2.416842;4.266667;docs/METODOLOGIA_PRECIOS_REFERENCIA_ESPANA.md;2026-08-25;derivado;no;no_confirmado;nacional;"Precio referencial nacional derivado de la canasta de mercado investigada para esta familia; no es una cotización de tienda."
MT-FLOTANTE;Válvula de flotante y accesorios de control de nivel para tanque de agua.;materiales;ud;ES;EUR;10.822785;8.2;14.47619;docs/METODOLOGIA_PRECIOS_REFERENCIA_ESPANA.md;2026-08-25;derivado;no;no_confirmado;nacional;"Precio referencial nacional derivado de la canasta de mercado investigada para esta familia; no es una cotización de tienda."
MT-TABLERO-DIST;Tablero de distribución empotrable con barraje, para el número de circuitos de proyecto.;materiales;ud;ES;EUR;54.683544;41.431579;73.142857;docs/METODOLOGIA_PRECIOS_REFERENCIA_ESPANA.md;2026-08-25;derivado;no;no_confirmado;nacional;"Precio referencial nacional derivado de la canasta de mercado investigada para esta familia; no es una cotización de tienda."
MT-BREAKER;Interruptor termomagnético monopolar o bipolar para protección de circuito.;materiales;ud;ES;EUR;8.5;6;12;docs/INVESTIGACION_PRECIOS_ESPANA.md;2026-08-25;referencia;no;no_confirmado;nacional;Interruptor magnetotérmico.
MT-DIFERENCIAL;Interruptor diferencial de alta sensibilidad para protección de personas.;materiales;ud;ES;EUR;32;25;45;docs/INVESTIGACION_PRECIOS_ESPANA.md;2026-08-25;referencia;no;no_confirmado;nacional;"Referencia nacional normalizada; puede variar por proveedor, marca, disponibilidad, IVA y volumen."
MT-CINTA-LED;Cinta LED con su fuente de alimentación y perfil de aluminio disipador.;materiales;m;ES;EUR;7.063291;5.351579;9.447619;docs/METODOLOGIA_PRECIOS_REFERENCIA_ESPANA.md;2026-08-25;derivado;no;no_confirmado;nacional;"Precio referencial nacional derivado de la canasta de mercado investigada para esta familia; no es una cotización de tienda."
MT-CABLE-8;Conductor de cobre THW calibre 8 AWG para acometidas y circuitos de fuerza.;materiales;m;ES;EUR;1.651899;1.251579;2.209524;docs/METODOLOGIA_PRECIOS_REFERENCIA_ESPANA.md;2026-08-25;derivado;no;no_confirmado;nacional;"Precio referencial nacional derivado de la canasta de mercado investigada para esta familia; no es una cotización de tienda."
MT-BARRA-TIERRA;Electrodo de puesta a tierra de cobre con su conector y caja de inspección.;materiales;ud;ES;EUR;20.506329;15.536842;27.428571;docs/METODOLOGIA_PRECIOS_REFERENCIA_ESPANA.md;2026-08-25;derivado;no;no_confirmado;nacional;"Precio referencial nacional derivado de la canasta de mercado investigada para esta familia; no es una cotización de tienda."
MT-CABLE-DATOS;Cable de datos categoría 6 para redes y telecomunicaciones.;materiales;m;ES;EUR;0.341772;0.258947;0.457143;docs/METODOLOGIA_PRECIOS_REFERENCIA_ESPANA.md;2026-08-25;derivado;no;no_confirmado;nacional;"Precio referencial nacional derivado de la canasta de mercado investigada para esta familia; no es una cotización de tienda."
MT-TOMA-DATOS;Toma de datos o televisión con su placa y conector.;materiales;ud;ES;EUR;7.405063;5.610526;9.904762;docs/METODOLOGIA_PRECIOS_REFERENCIA_ESPANA.md;2026-08-25;derivado;no;no_confirmado;nacional;"Precio referencial nacional derivado de la canasta de mercado investigada para esta familia; no es una cotización de tienda."
MT-CABLE-ALARMA;Cable multipar apantallado para sistemas de alarma y control.;materiales;m;ES;EUR;0.56962;0.431579;0.761905;docs/METODOLOGIA_PRECIOS_REFERENCIA_ESPANA.md;2026-08-25;derivado;no;no_confirmado;nacional;"Precio referencial nacional derivado de la canasta de mercado investigada para esta familia; no es una cotización de tienda."
MT-TUB-FRIGO;Par de tuberías frigoríficas de cobre aisladas, con cable de interconexión.;materiales;m;ES;EUR;12.531646;9.494737;16.761905;docs/METODOLOGIA_PRECIOS_REFERENCIA_ESPANA.md;2026-08-25;derivado;no;no_confirmado;nacional;"Precio referencial nacional derivado de la canasta de mercado investigada para esta familia; no es una cotización de tienda."
MT-SOPORTE-AC;Soporte metálico galvanizado para unidad condensadora, con sus anclajes.;materiales;ud;ES;EUR;18.227848;13.810526;24.380952;docs/METODOLOGIA_PRECIOS_REFERENCIA_ESPANA.md;2026-08-25;derivado;no;no_confirmado;nacional;"Precio referencial nacional derivado de la canasta de mercado investigada para esta familia; no es una cotización de tienda."
MT-DUCTO-VENT;Ducto de ventilación flexible o de lámina galvanizada, con sus accesorios.;materiales;m;ES;EUR;7.405063;5.610526;9.904762;docs/METODOLOGIA_PRECIOS_REFERENCIA_ESPANA.md;2026-08-25;derivado;no;no_confirmado;nacional;"Precio referencial nacional derivado de la canasta de mercado investigada para esta familia; no es una cotización de tienda."
MT-TUB-GAS;Tubería de cobre o acero para instalación de gas doméstico, con sus accesorios.;materiales;m;ES;EUR;7.291139;5.524211;9.752381;docs/METODOLOGIA_PRECIOS_REFERENCIA_ESPANA.md;2026-08-25;derivado;no;no_confirmado;nacional;"Precio referencial nacional derivado de la canasta de mercado investigada para esta familia; no es una cotización de tienda."
MT-REGUL-GAS;Regulador de presión, llave de corte y accesorios para instalación de gas.;materiales;ud;ES;EUR;27.341772;20.715789;36.571429;docs/METODOLOGIA_PRECIOS_REFERENCIA_ESPANA.md;2026-08-25;derivado;no;no_confirmado;nacional;"Precio referencial nacional derivado de la canasta de mercado investigada para esta familia; no es una cotización de tienda."
MT-EXTINTOR;Extintor portátil de polvo químico seco con su soporte y señalización.;materiales;ud;ES;EUR;38.734177;29.347368;51.809524;docs/METODOLOGIA_PRECIOS_REFERENCIA_ESPANA.md;2026-08-25;derivado;no;no_confirmado;nacional;"Precio referencial nacional derivado de la canasta de mercado investigada para esta familia; no es una cotización de tienda."
MT-DETECT-HUMO;Detector de humo autónomo o direccionable, con su base.;materiales;ud;ES;EUR;25.063291;18.989474;33.52381;docs/METODOLOGIA_PRECIOS_REFERENCIA_ESPANA.md;2026-08-25;derivado;no;no_confirmado;nacional;"Precio referencial nacional derivado de la canasta de mercado investigada para esta familia; no es una cotización de tienda."
MT-GABINETE-MANG;Gabinete contra incendios con manguera, válvula y boquilla.;materiales;ud;ES;EUR;227.848101;172.631579;304.761905;docs/METODOLOGIA_PRECIOS_REFERENCIA_ESPANA.md;2026-08-25;derivado;no;no_confirmado;nacional;"Precio referencial nacional derivado de la canasta de mercado investigada para esta familia; no es una cotización de tienda."
MT-GAS-REFRIG;Gas refrigerante para carga de equipos de climatización.;materiales;kg;ES;EUR;20.506329;15.536842;27.428571;docs/METODOLOGIA_PRECIOS_REFERENCIA_ESPANA.md;2026-08-25;derivado;no;no_confirmado;nacional;"Precio referencial nacional derivado de la canasta de mercado investigada para esta familia; no es una cotización de tienda."
MT-MARCO-PUERTA;Marco de puerta de madera o metálico, con sus topes y anclajes.;materiales;m;ES;EUR;7.974684;6.042105;10.666667;docs/METODOLOGIA_PRECIOS_REFERENCIA_ESPANA.md;2026-08-25;derivado;no;no_confirmado;nacional;"Precio referencial nacional derivado de la canasta de mercado investigada para esta familia; no es una cotización de tienda."
MT-HERRAJE-PUERTA;Juego de bisagras, topes y herrajes de colgar para puerta.;materiales;ud;ES;EUR;14.810127;11.221053;19.809524;docs/METODOLOGIA_PRECIOS_REFERENCIA_ESPANA.md;2026-08-25;derivado;no;no_confirmado;nacional;"Precio referencial nacional derivado de la canasta de mercado investigada para esta familia; no es una cotización de tienda."
MT-CERRADURA;Cerradura de embutir con manija y cilindro.;materiales;ud;ES;EUR;36.455696;27.621053;48.761905;docs/METODOLOGIA_PRECIOS_REFERENCIA_ESPANA.md;2026-08-25;derivado;no;no_confirmado;nacional;"Precio referencial nacional derivado de la canasta de mercado investigada para esta familia; no es una cotización de tienda."
MT-PERFIL-ALUM;Perfil de aluminio para carpintería de ventanas y puertas, con sus accesorios.;materiales;kg;ES;EUR;10.822785;8.2;14.47619;docs/METODOLOGIA_PRECIOS_REFERENCIA_ESPANA.md;2026-08-25;derivado;no;no_confirmado;nacional;"Precio referencial nacional derivado de la canasta de mercado investigada para esta familia; no es una cotización de tienda."
MT-VIDRIO-6;Vidrio flotado incoloro de 6 mm.;materiales;m2;ES;EUR;38;30;50;docs/INVESTIGACION_PRECIOS_ESPANA.md;2026-08-25;referencia;no;no_confirmado;nacional;"Referencia nacional normalizada; puede variar por proveedor, marca, disponibilidad, IVA y volumen."
MT-VIDRIO-TEMP;Vidrio templado de seguridad de 10 mm, con cantos pulidos y perforaciones.;materiales;m2;ES;EUR;77.468354;58.694737;103.619048;docs/METODOLOGIA_PRECIOS_REFERENCIA_ESPANA.md;2026-08-25;derivado;no;no_confirmado;nacional;"Precio referencial nacional derivado de la canasta de mercado investigada para esta familia; no es una cotización de tienda."
MT-ESPEJO;Espejo de 4 mm con canto pulido y respaldo protegido.;materiales;m2;ES;EUR;36.455696;27.621053;48.761905;docs/METODOLOGIA_PRECIOS_REFERENCIA_ESPANA.md;2026-08-25;derivado;no;no_confirmado;nacional;"Precio referencial nacional derivado de la canasta de mercado investigada para esta familia; no es una cotización de tienda."
MT-SILICONA-EST;Silicona estructural o neutra para acristalamiento y sellado de carpintería.;materiales;l;ES;EUR;54.683544;41.431579;73.142857;docs/METODOLOGIA_PRECIOS_REFERENCIA_ESPANA.md;2026-08-25;derivado;no;no_confirmado;nacional;"Precio referencial nacional derivado de la canasta de mercado investigada para esta familia; no es una cotización de tienda."
MT-TUBO-ACERO;Tubo estructural de acero para herrería de rejas, portones y barandas.;materiales;kg;ES;EUR;2.221519;1.683158;2.971429;docs/METODOLOGIA_PRECIOS_REFERENCIA_ESPANA.md;2026-08-25;derivado;no;no_confirmado;nacional;"Precio referencial nacional derivado de la canasta de mercado investigada para esta familia; no es una cotización de tienda."
MT-ACERO-INOX;Tubo y accesorios de acero inoxidable para barandas y pasamanos.;materiales;kg;ES;EUR;15.949367;12.084211;21.333333;docs/METODOLOGIA_PRECIOS_REFERENCIA_ESPANA.md;2026-08-25;derivado;no;no_confirmado;nacional;"Precio referencial nacional derivado de la canasta de mercado investigada para esta familia; no es una cotización de tienda."
MT-MOSQUITERO;Malla mosquitera con su bastidor de aluminio.;materiales;m2;ES;EUR;8.544304;6.473684;11.428571;docs/METODOLOGIA_PRECIOS_REFERENCIA_ESPANA.md;2026-08-25;derivado;no;no_confirmado;nacional;"Precio referencial nacional derivado de la canasta de mercado investigada para esta familia; no es una cotización de tienda."
MT-MELAMINA;Tablero de melamina de 18 mm con cantos aplicados, para closets y muebles.;materiales;m2;ES;EUR;21.64557;16.4;28.952381;docs/METODOLOGIA_PRECIOS_REFERENCIA_ESPANA.md;2026-08-25;derivado;no;no_confirmado;nacional;"Precio referencial nacional derivado de la canasta de mercado investigada para esta familia; no es una cotización de tienda."
MT-HERRAJE-CLOSET;Herraje de closet: bisagra, tirador, soporte de entrepaño y tornillería.;materiales;ud;ES;EUR;5.126582;3.884211;6.857143;docs/METODOLOGIA_PRECIOS_REFERENCIA_ESPANA.md;2026-08-25;derivado;no;no_confirmado;nacional;"Precio referencial nacional derivado de la canasta de mercado investigada para esta familia; no es una cotización de tienda."
MT-RIEL-CORRED;Riel superior e inferior con carros para puerta corrediza.;materiales;m;ES;EUR;15.949367;12.084211;21.333333;docs/METODOLOGIA_PRECIOS_REFERENCIA_ESPANA.md;2026-08-25;derivado;no;no_confirmado;nacional;"Precio referencial nacional derivado de la canasta de mercado investigada para esta familia; no es una cotización de tienda."
MT-ESTRUCT-MESON;Estructura de soporte de mesón en perfil metálico o mampostería, con su base.;materiales;m;ES;EUR;13.670886;10.357895;18.285714;docs/METODOLOGIA_PRECIOS_REFERENCIA_ESPANA.md;2026-08-25;derivado;no;no_confirmado;nacional;"Precio referencial nacional derivado de la canasta de mercado investigada para esta familia; no es una cotización de tienda."
MT-BARRA-APOYO;Barra de apoyo de acero inoxidable para accesibilidad en baño.;materiales;ud;ES;EUR;31.898734;24.168421;42.666667;docs/METODOLOGIA_PRECIOS_REFERENCIA_ESPANA.md;2026-08-25;derivado;no;no_confirmado;nacional;"Precio referencial nacional derivado de la canasta de mercado investigada para esta familia; no es una cotización de tienda."
MT-ADOQUIN;Adoquín de concreto para pavimento exterior, con su cama de arena.;materiales;m2;ES;EUR;17.658228;13.378947;23.619048;docs/METODOLOGIA_PRECIOS_REFERENCIA_ESPANA.md;2026-08-25;derivado;no;no_confirmado;nacional;"Precio referencial nacional derivado de la canasta de mercado investigada para esta familia; no es una cotización de tienda."
MT-GRAMA;Grama en panes o alfombra, puesta en obra.;materiales;m2;ES;EUR;3.64557;2.762105;4.87619;docs/METODOLOGIA_PRECIOS_REFERENCIA_ESPANA.md;2026-08-25;derivado;no;no_confirmado;nacional;"Precio referencial nacional derivado de la canasta de mercado investigada para esta familia; no es una cotización de tienda."
MT-TIERRA-ABON;Tierra abonada y sustrato para jardinería.;materiales;m3;ES;EUR;31.898734;24.168421;42.666667;docs/METODOLOGIA_PRECIOS_REFERENCIA_ESPANA.md;2026-08-25;derivado;no;no_confirmado;nacional;"Precio referencial nacional derivado de la canasta de mercado investigada para esta familia; no es una cotización de tienda."
MT-TUB-RIEGO;Tubería de polietileno y accesorios para red de riego.;materiales;m;ES;EUR;1.822785;1.381053;2.438095;docs/METODOLOGIA_PRECIOS_REFERENCIA_ESPANA.md;2026-08-25;derivado;no;no_confirmado;nacional;"Precio referencial nacional derivado de la canasta de mercado investigada para esta familia; no es una cotización de tienda."
MT-ASPERSOR;Aspersor o gotero con su conexión a la red de riego.;materiales;ud;ES;EUR;9.683544;7.336842;12.952381;docs/METODOLOGIA_PRECIOS_REFERENCIA_ESPANA.md;2026-08-25;derivado;no;no_confirmado;nacional;"Precio referencial nacional derivado de la canasta de mercado investigada para esta familia; no es una cotización de tienda."
MT-CANAL-DREN;Canal de drenaje lineal prefabricado con su rejilla.;materiales;m;ES;EUR;25.063291;18.989474;33.52381;docs/METODOLOGIA_PRECIOS_REFERENCIA_ESPANA.md;2026-08-25;derivado;no;no_confirmado;nacional;"Precio referencial nacional derivado de la canasta de mercado investigada para esta familia; no es una cotización de tienda."
MT-CONTENEDOR;Alquiler mensual de contenedor de escombro, incluido su retiro y vaciado.;materiales;ud;ES;EUR;74.050633;56.105263;99.047619;docs/METODOLOGIA_PRECIOS_REFERENCIA_ESPANA.md;2026-08-25;derivado;no;no_confirmado;nacional;"Precio referencial nacional derivado de la canasta de mercado investigada para esta familia; no es una cotización de tienda."
MT-CONS-LIMP;Consumibles de limpieza final: detergentes, desincrustantes, paños y bolsas.;materiales;m2;ES;EUR;0.398734;0.302105;0.533333;docs/METODOLOGIA_PRECIOS_REFERENCIA_ESPANA.md;2026-08-25;derivado;no;no_confirmado;nacional;"Precio referencial nacional derivado de la canasta de mercado investigada para esta familia; no es una cotización de tienda."
MT-BARANDA-PROV;Baranda provisional de borde con guardacuerpos, pasamanos y rodapié, amortizada por usos.;materiales;m;ES;EUR;5.126582;3.884211;6.857143;docs/METODOLOGIA_PRECIOS_REFERENCIA_ESPANA.md;2026-08-25;derivado;no;no_confirmado;nacional;"Precio referencial nacional derivado de la canasta de mercado investigada para esta familia; no es una cotización de tienda."
MT-RED-SEG;Red de seguridad de poliamida con sus cuerdas de atado, amortizada por usos.;materiales;m2;ES;EUR;3.189873;2.416842;4.266667;docs/METODOLOGIA_PRECIOS_REFERENCIA_ESPANA.md;2026-08-25;derivado;no;no_confirmado;nacional;"Precio referencial nacional derivado de la canasta de mercado investigada para esta familia; no es una cotización de tienda."
MT-LINEA-VIDA;Línea de vida horizontal con sus anclajes y absorbedor de energía.;materiales;m;ES;EUR;7.063291;5.351579;9.447619;docs/METODOLOGIA_PRECIOS_REFERENCIA_ESPANA.md;2026-08-25;derivado;no;no_confirmado;nacional;"Precio referencial nacional derivado de la canasta de mercado investigada para esta familia; no es una cotización de tienda."
MT-EPP;Dotación de equipo de protección individual por trabajador: casco, botas, guantes, lentes y chaleco.;materiales;ud;ES;EUR;47.848101;36.252632;64;docs/METODOLOGIA_PRECIOS_REFERENCIA_ESPANA.md;2026-08-25;derivado;no;no_confirmado;nacional;"Precio referencial nacional derivado de la canasta de mercado investigada para esta familia; no es una cotización de tienda."
MT-ARNES;Arnés de cuerpo completo con eslinga y absorbedor, para trabajo en altura.;materiales;ud;ES;EUR;62.658228;47.473684;83.809524;docs/METODOLOGIA_PRECIOS_REFERENCIA_ESPANA.md;2026-08-25;derivado;no;no_confirmado;nacional;"Precio referencial nacional derivado de la canasta de mercado investigada para esta familia; no es una cotización de tienda."
MT-BOTIQUIN;Botiquín de primeros auxilios de obra, dotado y con reposición.;materiales;ud;ES;EUR;39.873418;30.210526;53.333333;docs/METODOLOGIA_PRECIOS_REFERENCIA_ESPANA.md;2026-08-25;derivado;no;no_confirmado;nacional;"Precio referencial nacional derivado de la canasta de mercado investigada para esta familia; no es una cotización de tienda."
MT-CASETA-BIEN;Adecuación de zona de vestuario y comedor de obra, con mobiliario básico.;materiales;ud;ES;EUR;136.708861;103.578947;182.857143;docs/METODOLOGIA_PRECIOS_REFERENCIA_ESPANA.md;2026-08-25;derivado;no;no_confirmado;nacional;"Precio referencial nacional derivado de la canasta de mercado investigada para esta familia; no es una cotización de tienda."
MT-BLQ-EST-15;Bloque de concreto estructural de 15x20x40 cm, de resistencia certificada.;materiales;ud;ES;EUR;1.002532;0.759579;1.340952;docs/METODOLOGIA_PRECIOS_REFERENCIA_ESPANA.md;2026-08-25;derivado;no;no_confirmado;nacional;"Precio referencial nacional derivado de la canasta de mercado investigada para esta familia; no es una cotización de tienda."
MT-BLQ-EST-20;Bloque de concreto estructural de 20x20x40 cm, de resistencia certificada.;materiales;ud;ES;EUR;1.253165;0.949474;1.67619;docs/METODOLOGIA_PRECIOS_REFERENCIA_ESPANA.md;2026-08-25;derivado;no;no_confirmado;nacional;"Precio referencial nacional derivado de la canasta de mercado investigada para esta familia; no es una cotización de tienda."
MT-GROUT-CELDA;Concreto fluido de relleno de celdas para mampostería estructural.;materiales;m3;ES;EUR;143.544304;108.757895;192;docs/METODOLOGIA_PRECIOS_REFERENCIA_ESPANA.md;2026-08-25;derivado;no;no_confirmado;nacional;"Precio referencial nacional derivado de la canasta de mercado investigada para esta familia; no es una cotización de tienda."
MT-ESCALERILLA;Escalerilla o junta de refuerzo horizontal para mampostería.;materiales;m;ES;EUR;1.310127;0.992632;1.752381;docs/METODOLOGIA_PRECIOS_REFERENCIA_ESPANA.md;2026-08-25;derivado;no;no_confirmado;nacional;"Precio referencial nacional derivado de la canasta de mercado investigada para esta familia; no es una cotización de tienda."
MT-CAJON-PERS;Cajón de persiana prefabricado aislado, con su tapa registrable.;materiales;m;ES;EUR;20.506329;15.536842;27.428571;docs/METODOLOGIA_PRECIOS_REFERENCIA_ESPANA.md;2026-08-25;derivado;no;no_confirmado;nacional;"Precio referencial nacional derivado de la canasta de mercado investigada para esta familia; no es una cotización de tienda."
MT-MAMPARA-OFI;Sistema de mampara divisoria de oficina, con perfilería, paneles y juntas.;materiales;m2;ES;EUR;54.683544;41.431579;73.142857;docs/METODOLOGIA_PRECIOS_REFERENCIA_ESPANA.md;2026-08-25;derivado;no;no_confirmado;nacional;"Precio referencial nacional derivado de la canasta de mercado investigada para esta familia; no es una cotización de tienda."
MT-TABIQUE-MOVIL;Sistema de tabique móvil o plegable, con paneles, riel y herrajes.;materiales;m2;ES;EUR;153.797468;116.526316;205.714286;docs/METODOLOGIA_PRECIOS_REFERENCIA_ESPANA.md;2026-08-25;derivado;no;no_confirmado;nacional;"Precio referencial nacional derivado de la canasta de mercado investigada para esta familia; no es una cotización de tienda."
MT-HIDROFUG-FACH;Hidrofugante incoloro de impregnación para protección de fachadas.;materiales;l;ES;EUR;9.797468;7.423158;13.104762;docs/METODOLOGIA_PRECIOS_REFERENCIA_ESPANA.md;2026-08-25;derivado;no;no_confirmado;nacional;"Precio referencial nacional derivado de la canasta de mercado investigada para esta familia; no es una cotización de tienda."
MT-FUNGICIDA;Solución fungicida y algicida para tratamiento de moho y verdín en fachadas.;materiales;l;ES;EUR;7.063291;5.351579;9.447619;docs/METODOLOGIA_PRECIOS_REFERENCIA_ESPANA.md;2026-08-25;derivado;no;no_confirmado;nacional;"Precio referencial nacional derivado de la canasta de mercado investigada para esta familia; no es una cotización de tienda."
MT-LIMP-QUIM;Limpiador químico específico para fachadas, según el tipo de soporte y de mancha.;materiales;l;ES;EUR;10.708861;8.113684;14.32381;docs/METODOLOGIA_PRECIOS_REFERENCIA_ESPANA.md;2026-08-25;derivado;no;no_confirmado;nacional;"Precio referencial nacional derivado de la canasta de mercado investigada para esta familia; no es una cotización de tienda."
MT-BLQ-12;Bloque de concreto hueco de 12x20x40 cm.;materiales;ud;ES;EUR;0.592405;0.448842;0.792381;docs/METODOLOGIA_PRECIOS_REFERENCIA_ESPANA.md;2026-08-25;derivado;no;no_confirmado;nacional;"Precio referencial nacional derivado de la canasta de mercado investigada para esta familia; no es una cotización de tienda."
MT-STEELDECK;Lámina colaborante de acero galvanizado tipo steel deck para losa mixta.;materiales;m2;ES;EUR;21.64557;16.4;28.952381;docs/METODOLOGIA_PRECIOS_REFERENCIA_ESPANA.md;2026-08-25;derivado;no;no_confirmado;nacional;"Precio referencial nacional derivado de la canasta de mercado investigada para esta familia; no es una cotización de tienda."
MT-CONECTOR-CORTE;Conector de cortante soldable para losa mixta sobre estructura metálica.;materiales;ud;ES;EUR;1.594937;1.208421;2.133333;docs/METODOLOGIA_PRECIOS_REFERENCIA_ESPANA.md;2026-08-25;derivado;no;no_confirmado;nacional;"Precio referencial nacional derivado de la canasta de mercado investigada para esta familia; no es una cotización de tienda."
MT-DOMO;Domo o claraboya de policarbonato o acrílico con su zócalo y herrajes.;materiales;ud;ES;EUR;82.025316;62.147368;109.714286;docs/METODOLOGIA_PRECIOS_REFERENCIA_ESPANA.md;2026-08-25;derivado;no;no_confirmado;nacional;"Precio referencial nacional derivado de la canasta de mercado investigada para esta familia; no es una cotización de tienda."
MT-CELOSIA;Celosía o romanilla de aluminio para ventilación, con su marco.;materiales;m2;ES;EUR;29.620253;22.442105;39.619048;docs/METODOLOGIA_PRECIOS_REFERENCIA_ESPANA.md;2026-08-25;derivado;no;no_confirmado;nacional;"Precio referencial nacional derivado de la canasta de mercado investigada para esta familia; no es una cotización de tienda."
MT-PANEL-PVC-BANO;Panel de PVC o composite para revestimiento de paredes de baño, con sus perfiles.;materiales;m2;ES;EUR;15.379747;11.652632;20.571429;docs/METODOLOGIA_PRECIOS_REFERENCIA_ESPANA.md;2026-08-25;derivado;no;no_confirmado;nacional;"Precio referencial nacional derivado de la canasta de mercado investigada para esta familia; no es una cotización de tienda."
MT-TRAMPA-GRASA;Trampa de grasa prefabricada con su tapa y conexiones.;materiales;ud;ES;EUR;88.860759;67.326316;118.857143;docs/METODOLOGIA_PRECIOS_REFERENCIA_ESPANA.md;2026-08-25;derivado;no;no_confirmado;nacional;"Precio referencial nacional derivado de la canasta de mercado investigada para esta familia; no es una cotización de tienda."
MT-TIMBRE;Timbre con su pulsador y transformador.;materiales;ud;ES;EUR;15.949367;12.084211;21.333333;docs/METODOLOGIA_PRECIOS_REFERENCIA_ESPANA.md;2026-08-25;derivado;no;no_confirmado;nacional;"Precio referencial nacional derivado de la canasta de mercado investigada para esta familia; no es una cotización de tienda."
MT-PINT-TRAFICO;Pintura de tráfico para demarcación de pisos y estacionamientos.;materiales;l;ES;EUR;10.481013;7.941053;14.019048;docs/METODOLOGIA_PRECIOS_REFERENCIA_ESPANA.md;2026-08-25;derivado;no;no_confirmado;nacional;"Precio referencial nacional derivado de la canasta de mercado investigada para esta familia; no es una cotización de tienda."
MT-PERFIL-CORTINERO;Riel de cortinero con sus soportes y accesorios.;materiales;m;ES;EUR;8.43038;6.387368;11.27619;docs/METODOLOGIA_PRECIOS_REFERENCIA_ESPANA.md;2026-08-25;derivado;no;no_confirmado;nacional;"Precio referencial nacional derivado de la canasta de mercado investigada para esta familia; no es una cotización de tienda."
MT-SELLA-FISURA;Sellador elástico de fisuras en base a poliuretano o acrílico para exteriores.;materiales;kg;ES;EUR;5.468354;4.143158;7.314286;docs/METODOLOGIA_PRECIOS_REFERENCIA_ESPANA.md;2026-08-25;derivado;no;no_confirmado;nacional;"Precio referencial nacional derivado de la canasta de mercado investigada para esta familia; no es una cotización de tienda."
MT-QUIMICO-LIMP-AC;Producto químico espumante para limpieza de serpentines de climatización.;materiales;ud;ES;EUR;9.683544;7.336842;12.952381;docs/METODOLOGIA_PRECIOS_REFERENCIA_ESPANA.md;2026-08-25;derivado;no;no_confirmado;nacional;"Precio referencial nacional derivado de la canasta de mercado investigada para esta familia; no es una cotización de tienda."
MT-REJILLA-VENT;Rejilla de ventilación con marco y malla antiinsectos.;materiales;ud;ES;EUR;10.253165;7.768421;13.714286;docs/METODOLOGIA_PRECIOS_REFERENCIA_ESPANA.md;2026-08-25;derivado;no;no_confirmado;nacional;"Precio referencial nacional derivado de la canasta de mercado investigada para esta familia; no es una cotización de tienda."
MT-MADERA-PERGOLA;Viga y listón de madera tratada para pérgola exterior.;materiales;m;ES;EUR;7.746835;5.869474;10.361905;docs/METODOLOGIA_PRECIOS_REFERENCIA_ESPANA.md;2026-08-25;derivado;no;no_confirmado;nacional;"Precio referencial nacional derivado de la canasta de mercado investigada para esta familia; no es una cotización de tienda."
MT-PARARRAYOS-PDA;Pararrayos con dispositivo de cebado (PDA), con su cabeza captadora, mástil de acero galvanizado y piezas de fijación y conexión. El precio no incluye el mástil de gran altura ni la estructura de soporte sobre cubierta.;materiales;ud;ES;EUR;432.911392;328;579.047619;docs/METODOLOGIA_PRECIOS_REFERENCIA_ESPANA.md;2026-08-25;derivado;no;no_confirmado;nacional;"Precio referencial nacional derivado de la canasta de mercado investigada para esta familia; no es una cotización de tienda."
MT-PARARRAYOS-PUNTA;Pararrayos tipo Franklin de punta simple, con su soporte corto y piezas de conexión a la bajante.;materiales;ud;ES;EUR;74.050633;56.105263;99.047619;docs/METODOLOGIA_PRECIOS_REFERENCIA_ESPANA.md;2026-08-25;derivado;no;no_confirmado;nacional;"Precio referencial nacional derivado de la canasta de mercado investigada para esta familia; no es una cotización de tienda."
MT-CABLE-COBRE-DESN;Cable de cobre desnudo de 35 mm2 para captación y bajante de protección contra rayos, con sus grapas de fijación.;materiales;m;ES;EUR;5.126582;3.884211;6.857143;docs/METODOLOGIA_PRECIOS_REFERENCIA_ESPANA.md;2026-08-25;derivado;no;no_confirmado;nacional;"Precio referencial nacional derivado de la canasta de mercado investigada para esta familia; no es una cotización de tienda."
MT-CONT-DESCARGAS;Contador de descargas con su mando de comprobación, intercalado en la bajante del sistema de protección.;materiales;ud;ES;EUR;51.265823;38.842105;68.571429;docs/METODOLOGIA_PRECIOS_REFERENCIA_ESPANA.md;2026-08-25;derivado;no;no_confirmado;nacional;"Precio referencial nacional derivado de la canasta de mercado investigada para esta familia; no es una cotización de tienda."
MT-DPS-1;Protector contra sobretensiones transitorias tipo 1 (clase I), para montaje en el tablero principal o la acometida.;materiales;ud;ES;EUR;96.835443;73.368421;129.52381;docs/METODOLOGIA_PRECIOS_REFERENCIA_ESPANA.md;2026-08-25;derivado;no;no_confirmado;nacional;"Precio referencial nacional derivado de la canasta de mercado investigada para esta familia; no es una cotización de tienda."
MT-DPS-2;Protector contra sobretensiones transitorias tipo 2 (clase II), para montaje en tablero secundario de distribución.;materiales;ud;ES;EUR;51.265823;38.842105;68.571429;docs/METODOLOGIA_PRECIOS_REFERENCIA_ESPANA.md;2026-08-25;derivado;no;no_confirmado;nacional;"Precio referencial nacional derivado de la canasta de mercado investigada para esta familia; no es una cotización de tienda."
MT-DPS-3;Protector contra sobretensiones tipo 3 (clase III), supresor para equipos electrónicos sensibles.;materiales;ud;ES;EUR;28.481013;21.578947;38.095238;docs/METODOLOGIA_PRECIOS_REFERENCIA_ESPANA.md;2026-08-25;derivado;no;no_confirmado;nacional;"Precio referencial nacional derivado de la canasta de mercado investigada para esta familia; no es una cotización de tienda."
MT-DPS-DATOS;Protector contra sobretensiones para línea de datos y telecomunicaciones, con su conexión a tierra.;materiales;ud;ES;EUR;34.177215;25.894737;45.714286;docs/METODOLOGIA_PRECIOS_REFERENCIA_ESPANA.md;2026-08-25;derivado;no;no_confirmado;nacional;"Precio referencial nacional derivado de la canasta de mercado investigada para esta familia; no es una cotización de tienda."
MT-DOM-CENTRAL;Central domótica o controlador principal, con su fuente de alimentación y el software de configuración. El precio no incluye los módulos de actuación ni los sensores periféricos.;materiales;ud;ES;EUR;205.063291;155.368421;274.285714;docs/METODOLOGIA_PRECIOS_REFERENCIA_ESPANA.md;2026-08-25;derivado;no;no_confirmado;nacional;"Precio referencial nacional derivado de la canasta de mercado investigada para esta familia; no es una cotización de tienda."
MT-DOM-PASARELA;Pasarela de comunicación que integra protocolos de distintos fabricantes (Zigbee, Z-Wave, WiFi, bus cableado) con la central domótica.;materiales;ud;ES;EUR;102.531646;77.684211;137.142857;docs/METODOLOGIA_PRECIOS_REFERENCIA_ESPANA.md;2026-08-25;derivado;no;no_confirmado;nacional;"Precio referencial nacional derivado de la canasta de mercado investigada para esta familia; no es una cotización de tienda."
MT-DOM-REPETIDOR;Repetidor o extensor de señal inalámbrica para ampliar la cobertura de la red domótica.;materiales;ud;ES;EUR;51.265823;38.842105;68.571429;docs/METODOLOGIA_PRECIOS_REFERENCIA_ESPANA.md;2026-08-25;derivado;no;no_confirmado;nacional;"Precio referencial nacional derivado de la canasta de mercado investigada para esta familia; no es una cotización de tienda."
MT-DOM-SENSOR-MOV;Sensor de movimiento o presencia para iluminación y alarmas, con su soporte de montaje.;materiales;ud;ES;EUR;28.481013;21.578947;38.095238;docs/METODOLOGIA_PRECIOS_REFERENCIA_ESPANA.md;2026-08-25;derivado;no;no_confirmado;nacional;"Precio referencial nacional derivado de la canasta de mercado investigada para esta familia; no es una cotización de tienda."
MT-DOM-SENSOR-PUERTA;Sensor magnético de apertura para puertas y ventanas, con su emisor y su soporte de montaje.;materiales;ud;ES;EUR;20.506329;15.536842;27.428571;docs/METODOLOGIA_PRECIOS_REFERENCIA_ESPANA.md;2026-08-25;derivado;no;no_confirmado;nacional;"Precio referencial nacional derivado de la canasta de mercado investigada para esta familia; no es una cotización de tienda."
MT-DOM-SENSOR-TEMP;Sensor de temperatura y humedad ambiente con comunicación a la central domótica.;materiales;ud;ES;EUR;25.063291;18.989474;33.52381;docs/METODOLOGIA_PRECIOS_REFERENCIA_ESPANA.md;2026-08-25;derivado;no;no_confirmado;nacional;"Precio referencial nacional derivado de la canasta de mercado investigada para esta familia; no es una cotización de tienda."
MT-DOM-SENSOR-INUND;Detector de inundación o fuga de agua por contacto, con aviso a la central domótica.;materiales;ud;ES;EUR;22.78481;17.263158;30.47619;docs/METODOLOGIA_PRECIOS_REFERENCIA_ESPANA.md;2026-08-25;derivado;no;no_confirmado;nacional;"Precio referencial nacional derivado de la canasta de mercado investigada para esta familia; no es una cotización de tienda."
MT-DOM-SENSOR-GAS;Detector de gas doméstico con alarma local y comunicación a la central domótica.;materiales;ud;ES;EUR;34.177215;25.894737;45.714286;docs/METODOLOGIA_PRECIOS_REFERENCIA_ESPANA.md;2026-08-25;derivado;no;no_confirmado;nacional;"Precio referencial nacional derivado de la canasta de mercado investigada para esta familia; no es una cotización de tienda."
MT-DOM-SENSOR-LUZ;Sensor de nivel de luz para automatización de iluminación y persianas.;materiales;ud;ES;EUR;25.063291;18.989474;33.52381;docs/METODOLOGIA_PRECIOS_REFERENCIA_ESPANA.md;2026-08-25;derivado;no;no_confirmado;nacional;"Precio referencial nacional derivado de la canasta de mercado investigada para esta familia; no es una cotización de tienda."
MT-DOM-ACTUADOR;Módulo de actuación on/off (relé) para control de circuitos de iluminación y cargas, montaje en carril o empotrado.;materiales;ud;ES;EUR;45.56962;34.526316;60.952381;docs/METODOLOGIA_PRECIOS_REFERENCIA_ESPANA.md;2026-08-25;derivado;no;no_confirmado;nacional;"Precio referencial nacional derivado de la canasta de mercado investigada para esta familia; no es una cotización de tienda."
MT-DOM-DIMMER;Módulo regulador (dimmer) para atenuación de iluminación, compatible con la central domótica.;materiales;ud;ES;EUR;51.265823;38.842105;68.571429;docs/METODOLOGIA_PRECIOS_REFERENCIA_ESPANA.md;2026-08-25;derivado;no;no_confirmado;nacional;"Precio referencial nacional derivado de la canasta de mercado investigada para esta familia; no es una cotización de tienda."
MT-DOM-PERSIANA;Módulo de control de persiana, cortina o toldo motorizado, con detección de final de carrera.;materiales;ud;ES;EUR;54.683544;41.431579;73.142857;docs/METODOLOGIA_PRECIOS_REFERENCIA_ESPANA.md;2026-08-25;derivado;no;no_confirmado;nacional;"Precio referencial nacional derivado de la canasta de mercado investigada para esta familia; no es una cotización de tienda."
MT-DOM-ENCHUFE;Módulo de enchufe inteligente para medición y control on/off de cargas enchufables.;materiales;ud;ES;EUR;31.898734;24.168421;42.666667;docs/METODOLOGIA_PRECIOS_REFERENCIA_ESPANA.md;2026-08-25;derivado;no;no_confirmado;nacional;"Precio referencial nacional derivado de la canasta de mercado investigada para esta familia; no es una cotización de tienda."
MT-DOM-TERMOSTATO;Termostato inteligente para control de climatización, con programación horaria y comunicación a la central domótica.;materiales;ud;ES;EUR;62.658228;47.473684;83.809524;docs/METODOLOGIA_PRECIOS_REFERENCIA_ESPANA.md;2026-08-25;derivado;no;no_confirmado;nacional;"Precio referencial nacional derivado de la canasta de mercado investigada para esta familia; no es una cotización de tienda."
MT-DOM-PANEL;Panel táctil de pared para control y visualización del sistema domótico, con su caja de empotrar.;materiales;ud;ES;EUR;102.531646;77.684211;137.142857;docs/METODOLOGIA_PRECIOS_REFERENCIA_ESPANA.md;2026-08-25;derivado;no;no_confirmado;nacional;"Precio referencial nacional derivado de la canasta de mercado investigada para esta familia; no es una cotización de tienda."
MT-DOM-TECLADO;Teclado o pulsador de escenas para activación directa de ambientes preconfigurados.;materiales;ud;ES;EUR;39.873418;30.210526;53.333333;docs/METODOLOGIA_PRECIOS_REFERENCIA_ESPANA.md;2026-08-25;derivado;no;no_confirmado;nacional;"Precio referencial nacional derivado de la canasta de mercado investigada para esta familia; no es una cotización de tienda."
MT-PYL-PLACA-HD;Placa de yeso laminado de alta dureza, de 12,5 mm, para paramentos interiores sometidos a impacto y zonas de tránsito.;materiales;m2;ES;EUR;11.164557;8.458947;14.933333;docs/METODOLOGIA_PRECIOS_REFERENCIA_ESPANA.md;2026-08-25;derivado;no;no_confirmado;nacional;"Precio referencial nacional derivado de la canasta de mercado investigada para esta familia; no es una cotización de tienda."
MT-PYL-PLACA-IG;Placa de yeso laminado resistente al fuego (tipo F), de 15 mm, para protección de instalaciones y estructura.;materiales;m2;ES;EUR;11.962025;9.063158;16;docs/METODOLOGIA_PRECIOS_REFERENCIA_ESPANA.md;2026-08-25;derivado;no;no_confirmado;nacional;"Precio referencial nacional derivado de la canasta de mercado investigada para esta familia; no es una cotización de tienda."
MT-PYL-PASTA-AGARRE;Pasta de agarre de base yeso para fijación de placa de yeso laminado directamente al paramento en trasdosado directo.;materiales;kg;ES;EUR;0.455696;0.345263;0.609524;docs/METODOLOGIA_PRECIOS_REFERENCIA_ESPANA.md;2026-08-25;derivado;no;no_confirmado;nacional;"Precio referencial nacional derivado de la canasta de mercado investigada para esta familia; no es una cotización de tienda."
MT-PIN-ANTIMOHO;Pintura acrílica antihongos y antimoho para interiores de cocinas, baños y locales con condensación.;materiales;l;ES;EUR;6.265823;4.747368;8.380952;docs/METODOLOGIA_PRECIOS_REFERENCIA_ESPANA.md;2026-08-25;derivado;no;no_confirmado;nacional;"Precio referencial nacional derivado de la canasta de mercado investigada para esta familia; no es una cotización de tienda."
MT-PIN-TIZA;Pintura de pizarra efecto tiza, lavable, para paredes de uso escolar, infantil o de oficina.;materiales;l;ES;EUR;10.253165;7.768421;13.714286;docs/METODOLOGIA_PRECIOS_REFERENCIA_ESPANA.md;2026-08-25;derivado;no;no_confirmado;nacional;"Precio referencial nacional derivado de la canasta de mercado investigada para esta familia; no es una cotización de tienda."
MT-PIN-MAGNETICA;Pintura magnética de base para paredes sobre las que se quiere fijar imanes.;materiales;l;ES;EUR;15.949367;12.084211;21.333333;docs/METODOLOGIA_PRECIOS_REFERENCIA_ESPANA.md;2026-08-25;derivado;no;no_confirmado;nacional;"Precio referencial nacional derivado de la canasta de mercado investigada para esta familia; no es una cotización de tienda."
MT-PIN-CAL;Cal hidratada para pintura mineral interior de sótanos, depósitos y paramentos transpirables.;materiales;kg;ES;EUR;2.050633;1.553684;2.742857;docs/METODOLOGIA_PRECIOS_REFERENCIA_ESPANA.md;2026-08-25;derivado;no;no_confirmado;nacional;"Precio referencial nacional derivado de la canasta de mercado investigada para esta familia; no es una cotización de tienda."
MT-PIN-SEMIBRILLO;Pintura de caucho semibrillo lavable para interiores de alto tránsito y escuelas.;materiales;l;ES;EUR;5.240506;3.970526;7.009524;docs/METODOLOGIA_PRECIOS_REFERENCIA_ESPANA.md;2026-08-25;derivado;no;no_confirmado;nacional;"Precio referencial nacional derivado de la canasta de mercado investigada para esta familia; no es una cotización de tienda."
MT-LACA-MADERA;Laca nitrocelulósica o al agua para acabado de carpintería interior de madera.;materiales;l;ES;EUR;9.113924;6.905263;12.190476;docs/METODOLOGIA_PRECIOS_REFERENCIA_ESPANA.md;2026-08-25;derivado;no;no_confirmado;nacional;"Precio referencial nacional derivado de la canasta de mercado investigada para esta familia; no es una cotización de tienda."
MT-BARNIZ-MARINO;Barniz marino o de exterior de alta resistencia para madera expuesta a la intemperie.;materiales;l;ES;EUR;12.531646;9.494737;16.761905;docs/METODOLOGIA_PRECIOS_REFERENCIA_ESPANA.md;2026-08-25;derivado;no;no_confirmado;nacional;"Precio referencial nacional derivado de la canasta de mercado investigada para esta familia; no es una cotización de tienda."
MT-ESMALTE-AGUA;Esmalte al agua satinado para carpintería interior de madera y metal.;materiales;l;ES;EUR;7.405063;5.610526;9.904762;docs/METODOLOGIA_PRECIOS_REFERENCIA_ESPANA.md;2026-08-25;derivado;no;no_confirmado;nacional;"Precio referencial nacional derivado de la canasta de mercado investigada para esta familia; no es una cotización de tienda."
MT-POLIURETANO-PISO;Recubrimiento de poliuretano bicomponente para piso, con resistencia a la abrasión.;materiales;kg;ES;EUR;13.670886;10.357895;18.285714;docs/METODOLOGIA_PRECIOS_REFERENCIA_ESPANA.md;2026-08-25;derivado;no;no_confirmado;nacional;"Precio referencial nacional derivado de la canasta de mercado investigada para esta familia; no es una cotización de tienda."
MT-LASUR;Lasur o protector decorativo para madera exterior que deja ver la veta.;materiales;l;ES;EUR;10.822785;8.2;14.47619;docs/METODOLOGIA_PRECIOS_REFERENCIA_ESPANA.md;2026-08-25;derivado;no;no_confirmado;nacional;"Precio referencial nacional derivado de la canasta de mercado investigada para esta familia; no es una cotización de tienda."
MT-MOSAICO;Mosaico vítreo o cerámico en malla para revestimiento de paredes y superficies curvas.;materiales;m2;ES;EUR;20.506329;15.536842;27.428571;docs/METODOLOGIA_PRECIOS_REFERENCIA_ESPANA.md;2026-08-25;derivado;no;no_confirmado;nacional;"Precio referencial nacional derivado de la canasta de mercado investigada para esta familia; no es una cotización de tienda."
MT-VIDRIO-DECOR;Vidrio decorativo lacado, grabado o de color para revestimiento de pared.;materiales;m2;ES;EUR;51.265823;38.842105;68.571429;docs/METODOLOGIA_PRECIOS_REFERENCIA_ESPANA.md;2026-08-25;derivado;no;no_confirmado;nacional;"Precio referencial nacional derivado de la canasta de mercado investigada para esta familia; no es una cotización de tienda."
MT-FIBRA-NAT;Revestimiento de fibra natural tejida (sisal, yute, bambú) para paredes decorativas.;materiales;m2;ES;EUR;25.063291;18.989474;33.52381;docs/METODOLOGIA_PRECIOS_REFERENCIA_ESPANA.md;2026-08-25;derivado;no;no_confirmado;nacional;"Precio referencial nacional derivado de la canasta de mercado investigada para esta familia; no es una cotización de tienda."
MT-PIN-IGNFUGA;Pintura intumescente ignífuga para protección de estructura metálica y madera.;materiales;l;ES;EUR;13.670886;10.357895;18.285714;docs/METODOLOGIA_PRECIOS_REFERENCIA_ESPANA.md;2026-08-25;derivado;no;no_confirmado;nacional;"Precio referencial nacional derivado de la canasta de mercado investigada para esta familia; no es una cotización de tienda."
MT-ANTI-GRAFFITI;Protector anti-graffiti para superficies pintadas, que facilita la limpieza de pintadas.;materiales;l;ES;EUR;15.949367;12.084211;21.333333;docs/METODOLOGIA_PRECIOS_REFERENCIA_ESPANA.md;2026-08-25;derivado;no;no_confirmado;nacional;"Precio referencial nacional derivado de la canasta de mercado investigada para esta familia; no es una cotización de tienda."
MT-SILOXANO;Hidrofugante a base de siloxano para fachadas, permeable al vapor de agua.;materiales;l;ES;EUR;14.810127;11.221053;19.809524;docs/METODOLOGIA_PRECIOS_REFERENCIA_ESPANA.md;2026-08-25;derivado;no;no_confirmado;nacional;"Precio referencial nacional derivado de la canasta de mercado investigada para esta familia; no es una cotización de tienda."
MT-TINTE-MAD;Tinte o colorante para madera, de base al agua o al disolvente.;materiales;l;ES;EUR;8.544304;6.473684;11.428571;docs/METODOLOGIA_PRECIOS_REFERENCIA_ESPANA.md;2026-08-25;derivado;no;no_confirmado;nacional;"Precio referencial nacional derivado de la canasta de mercado investigada para esta familia; no es una cotización de tienda."
MT-POLIUREA;Membrana de poliurea de aplicación en caliente para impermeabilización y recubrimiento de alta resistencia.;materiales;kg;ES;EUR;15.949367;12.084211;21.333333;docs/METODOLOGIA_PRECIOS_REFERENCIA_ESPANA.md;2026-08-25;derivado;no;no_confirmado;nacional;"Precio referencial nacional derivado de la canasta de mercado investigada para esta familia; no es una cotización de tienda."
MT-CUARZO-COLOR;Árido de cuarzo coloreado para recubrimientos decorativos antideslizantes.;materiales;kg;ES;EUR;1.367089;1.035789;1.828571;docs/METODOLOGIA_PRECIOS_REFERENCIA_ESPANA.md;2026-08-25;derivado;no;no_confirmado;nacional;"Precio referencial nacional derivado de la canasta de mercado investigada para esta familia; no es una cotización de tienda."
MT-RESINA-ACRIL;Resina acrílica decorativa para recubrimientos continuos de paredes y pisos.;materiales;kg;ES;EUR;10.253165;7.768421;13.714286;docs/METODOLOGIA_PRECIOS_REFERENCIA_ESPANA.md;2026-08-25;derivado;no;no_confirmado;nacional;"Precio referencial nacional derivado de la canasta de mercado investigada para esta familia; no es una cotización de tienda."
MT-PERSIANA-ALU;Persiana enrollable de aluminio con su cajón y cinta o motor, para protección solar y oscurecimiento.;materiales;m2;ES;EUR;62.658228;47.473684;83.809524;docs/METODOLOGIA_PRECIOS_REFERENCIA_ESPANA.md;2026-08-25;derivado;no;no_confirmado;nacional;"Precio referencial nacional derivado de la canasta de mercado investigada para esta familia; no es una cotización de tienda."
MT-TOLDO;Toldo extensible de lona con brazos y soportes, para protección solar en fachadas.;materiales;m2;ES;EUR;54.683544;41.431579;73.142857;docs/METODOLOGIA_PRECIOS_REFERENCIA_ESPANA.md;2026-08-25;derivado;no;no_confirmado;nacional;"Precio referencial nacional derivado de la canasta de mercado investigada para esta familia; no es una cotización de tienda."
MT-VIDRIO-LAM;Vidrio laminado de seguridad con butiral, para acristalamiento de protección.;materiales;m2;ES;EUR;47.848101;36.252632;64;docs/METODOLOGIA_PRECIOS_REFERENCIA_ESPANA.md;2026-08-25;derivado;no;no_confirmado;nacional;"Precio referencial nacional derivado de la canasta de mercado investigada para esta familia; no es una cotización de tienda."
MT-VIDRIO-DOBLE;Doble acristalamiento con cámara de aire, para aislamiento térmico y acústico.;materiales;m2;ES;EUR;62.658228;47.473684;83.809524;docs/METODOLOGIA_PRECIOS_REFERENCIA_ESPANA.md;2026-08-25;derivado;no;no_confirmado;nacional;"Precio referencial nacional derivado de la canasta de mercado investigada para esta familia; no es una cotización de tienda."
MT-VIDRIO-ARENA;Vidrio arenado o esmerilado para privacidad en mamparas y divisiones.;materiales;m2;ES;EUR;31.898734;24.168421;42.666667;docs/METODOLOGIA_PRECIOS_REFERENCIA_ESPANA.md;2026-08-25;derivado;no;no_confirmado;nacional;"Precio referencial nacional derivado de la canasta de mercado investigada para esta familia; no es una cotización de tienda."
MT-AUTOM-PORTON;Motor y automatismo para portón corredizo o batiente, con mandos y finales de carrera.;materiales;ud;ES;EUR;205.063291;155.368421;274.285714;docs/METODOLOGIA_PRECIOS_REFERENCIA_ESPANA.md;2026-08-25;derivado;no;no_confirmado;nacional;"Precio referencial nacional derivado de la canasta de mercado investigada para esta familia; no es una cotización de tienda."
MT-CIERRA-PUERTA;Cierra-puertas hidráulico para puertas de tránsito, con brazo y regulación.;materiales;ud;ES;EUR;39.873418;30.210526;53.333333;docs/METODOLOGIA_PRECIOS_REFERENCIA_ESPANA.md;2026-08-25;derivado;no;no_confirmado;nacional;"Precio referencial nacional derivado de la canasta de mercado investigada para esta familia; no es una cotización de tienda."
MT-CERRADURA-MULTI;Cerradura multipunto de seguridad con cilindro y cerraderos, para puerta de acceso.;materiales;ud;ES;EUR;51.265823;38.842105;68.571429;docs/METODOLOGIA_PRECIOS_REFERENCIA_ESPANA.md;2026-08-25;derivado;no;no_confirmado;nacional;"Precio referencial nacional derivado de la canasta de mercado investigada para esta familia; no es una cotización de tienda."
MT-HERRAJE-CORRED;Herrajes de puerta corredera de madera o vidrio, con carros, guías y topes.;materiales;ud;ES;EUR;20.506329;15.536842;27.428571;docs/METODOLOGIA_PRECIOS_REFERENCIA_ESPANA.md;2026-08-25;derivado;no;no_confirmado;nacional;"Precio referencial nacional derivado de la canasta de mercado investigada para esta familia; no es una cotización de tienda."
MT-POLIESTIRENO-EXT;Panel de poliestireno extruido (XPS) para aislamiento térmico de cubiertas, muros y pisos.;materiales;m2;ES;EUR;8.544304;6.473684;11.428571;docs/METODOLOGIA_PRECIOS_REFERENCIA_ESPANA.md;2026-08-25;derivado;no;no_confirmado;nacional;"Precio referencial nacional derivado de la canasta de mercado investigada para esta familia; no es una cotización de tienda."
MT-LANA-ROCA;Panel de lana de roca para aislamiento térmico y acústico y protección contra incendios.;materiales;m2;ES;EUR;6.265823;4.747368;8.380952;docs/METODOLOGIA_PRECIOS_REFERENCIA_ESPANA.md;2026-08-25;derivado;no;no_confirmado;nacional;"Precio referencial nacional derivado de la canasta de mercado investigada para esta familia; no es una cotización de tienda."
MT-MEMBRANA-PVC;Membrana impermeabilizante de PVC armado con poliéster, para cubiertas y terrazas.;materiales;m2;ES;EUR;13.670886;10.357895;18.285714;docs/METODOLOGIA_PRECIOS_REFERENCIA_ESPANA.md;2026-08-25;derivado;no;no_confirmado;nacional;"Precio referencial nacional derivado de la canasta de mercado investigada para esta familia; no es una cotización de tienda."
MT-BENTONITA;Geocompuesto de bentonita sódica para impermeabilización de muros enterrados y fundaciones.;materiales;m2;ES;EUR;10.253165;7.768421;13.714286;docs/METODOLOGIA_PRECIOS_REFERENCIA_ESPANA.md;2026-08-25;derivado;no;no_confirmado;nacional;"Precio referencial nacional derivado de la canasta de mercado investigada para esta familia; no es una cotización de tienda."
MT-LAMINA-DREN;Lámina drenante nodular de polietileno para protección y drenaje de muros enterrados.;materiales;m2;ES;EUR;7.405063;5.610526;9.904762;docs/METODOLOGIA_PRECIOS_REFERENCIA_ESPANA.md;2026-08-25;derivado;no;no_confirmado;nacional;"Precio referencial nacional derivado de la canasta de mercado investigada para esta familia; no es una cotización de tienda."
MT-BARRERA-ANTICAP;Barrera anticapilaridad de lámina bituminosa o de polietileno para muros.;materiales;m;ES;EUR;3.64557;2.762105;4.87619;docs/METODOLOGIA_PRECIOS_REFERENCIA_ESPANA.md;2026-08-25;derivado;no;no_confirmado;nacional;"Precio referencial nacional derivado de la canasta de mercado investigada para esta familia; no es una cotización de tienda."
MT-RESINA-INYEC;Resina de inyección para sellado de fisuras y filtraciones en muros y estructuras.;materiales;l;ES;EUR;20.506329;15.536842;27.428571;docs/METODOLOGIA_PRECIOS_REFERENCIA_ESPANA.md;2026-08-25;derivado;no;no_confirmado;nacional;"Precio referencial nacional derivado de la canasta de mercado investigada para esta familia; no es una cotización de tienda."
MT-SELLA-BENTONITA;Cordón de bentonita expansiva para sellado de juntas de hormigonado y pasos.;materiales;m;ES;EUR;4.556962;3.452632;6.095238;docs/METODOLOGIA_PRECIOS_REFERENCIA_ESPANA.md;2026-08-25;derivado;no;no_confirmado;nacional;"Precio referencial nacional derivado de la canasta de mercado investigada para esta familia; no es una cotización de tienda."
MT-MALLA-DREN;Geocompuesto drenante con malla y núcleo para drenaje de cubiertas y muros.;materiales;m2;ES;EUR;2.506329;1.898947;3.352381;docs/METODOLOGIA_PRECIOS_REFERENCIA_ESPANA.md;2026-08-25;derivado;no;no_confirmado;nacional;"Precio referencial nacional derivado de la canasta de mercado investigada para esta familia; no es una cotización de tienda."
MT-PLACA-FACHADA;Panel de fachada ventilada (composite de aluminio, fibrocemento o cerámico extruido), con sus fijaciones ocultas.;materiales;m2;ES;EUR;47.848101;36.252632;64;docs/METODOLOGIA_PRECIOS_REFERENCIA_ESPANA.md;2026-08-25;derivado;no;no_confirmado;nacional;"Precio referencial nacional derivado de la canasta de mercado investigada para esta familia; no es una cotización de tienda."
MT-MALLA-FACH;Malla de fibra de vidrio antiálcalis para refuerzo de revestimiento continuo de fachada (SATE).;materiales;m2;ES;EUR;2.050633;1.553684;2.742857;docs/METODOLOGIA_PRECIOS_REFERENCIA_ESPANA.md;2026-08-25;derivado;no;no_confirmado;nacional;"Precio referencial nacional derivado de la canasta de mercado investigada para esta familia; no es una cotización de tienda."
MT-SUBESTRUCTURA;Subestructura de fachada ventilada en perfiles de aluminio, con anclajes y remates.;materiales;m2;ES;EUR;20.506329;15.536842;27.428571;docs/METODOLOGIA_PRECIOS_REFERENCIA_ESPANA.md;2026-08-25;derivado;no;no_confirmado;nacional;"Precio referencial nacional derivado de la canasta de mercado investigada para esta familia; no es una cotización de tienda."
MT-LADRILLO-VISTO;Ladrillo caravista de arcilla para fachadas de ladrillo visto, con junta fina.;materiales;ud;ES;EUR;0.341772;0.258947;0.457143;docs/METODOLOGIA_PRECIOS_REFERENCIA_ESPANA.md;2026-08-25;derivado;no;no_confirmado;nacional;"Precio referencial nacional derivado de la canasta de mercado investigada para esta familia; no es una cotización de tienda."
MT-PIEDRA-FACHADA;Aplacado de piedra natural ligera para fachada ventilada, con fijación mecánica.;materiales;m2;ES;EUR;43.291139;32.8;57.904762;docs/METODOLOGIA_PRECIOS_REFERENCIA_ESPANA.md;2026-08-25;derivado;no;no_confirmado;nacional;"Precio referencial nacional derivado de la canasta de mercado investigada para esta familia; no es una cotización de tienda."
MT-MASTIC-CORTAFUEGO;Masilla o mortero intumescente para sellado cortafuego de pasos de instalaciones en muros y losas.;materiales;kg;ES;EUR;7.405063;5.610526;9.904762;docs/METODOLOGIA_PRECIOS_REFERENCIA_ESPANA.md;2026-08-25;derivado;no;no_confirmado;nacional;"Precio referencial nacional derivado de la canasta de mercado investigada para esta familia; no es una cotización de tienda."
MT-BOMBA-AGUA;Bomba centrífuga de agua para suministro doméstico, con su control y accesorios de conexión.;materiales;ud;ES;EUR;182.278481;138.105263;243.809524;docs/METODOLOGIA_PRECIOS_REFERENCIA_ESPANA.md;2026-08-25;derivado;no;no_confirmado;nacional;"Precio referencial nacional derivado de la canasta de mercado investigada para esta familia; no es una cotización de tienda."
MT-HIDRONEUMATICO;Sistema hidroneumático con tanque de presión, bomba y control, para presión constante de agua.;materiales;ud;ES;EUR;273.417722;207.157895;365.714286;docs/METODOLOGIA_PRECIOS_REFERENCIA_ESPANA.md;2026-08-25;derivado;no;no_confirmado;nacional;"Precio referencial nacional derivado de la canasta de mercado investigada para esta familia; no es una cotización de tienda."
MT-PLANTA-ELEC;Planta eléctrica de respaldo con motor diésel o gasolina y tablero de arranque, para suministro de emergencia.;materiales;ud;ES;EUR;1367.088608;1035.789474;1828.571429;docs/METODOLOGIA_PRECIOS_REFERENCIA_ESPANA.md;2026-08-25;derivado;no;no_confirmado;nacional;"Precio referencial nacional derivado de la canasta de mercado investigada para esta familia; no es una cotización de tienda."
MT-BATERIA;Batería de ciclo profundo para sistema de respaldo eléctrico, de plomo-ácido o litio.;materiales;ud;ES;EUR;250.632911;189.894737;335.238095;docs/METODOLOGIA_PRECIOS_REFERENCIA_ESPANA.md;2026-08-25;derivado;no;no_confirmado;nacional;"Precio referencial nacional derivado de la canasta de mercado investigada para esta familia; no es una cotización de tienda."
MT-INVERSOR;Inversor de corriente para sistema de respaldo, con su control de carga.;materiales;ud;ES;EUR;318.987342;241.684211;426.666667;docs/METODOLOGIA_PRECIOS_REFERENCIA_ESPANA.md;2026-08-25;derivado;no;no_confirmado;nacional;"Precio referencial nacional derivado de la canasta de mercado investigada para esta familia; no es una cotización de tienda."
MT-PANEL-SOLAR;Panel fotovoltaico para generación de energía, con su estructura de fijación.;materiales;ud;ES;EUR;205.063291;155.368421;274.285714;docs/METODOLOGIA_PRECIOS_REFERENCIA_ESPANA.md;2026-08-25;derivado;no;no_confirmado;nacional;"Precio referencial nacional derivado de la canasta de mercado investigada para esta familia; no es una cotización de tienda."
MT-CAMARA-CCTV;Cámara de video vigilancia CCTV, con su soporte y cable de conexión.;materiales;ud;ES;EUR;96.835443;73.368421;129.52381;docs/METODOLOGIA_PRECIOS_REFERENCIA_ESPANA.md;2026-08-25;derivado;no;no_confirmado;nacional;"Precio referencial nacional derivado de la canasta de mercado investigada para esta familia; no es una cotización de tienda."
MT-ALARMA;Central de alarma con teclado, sensores y sirena, para protección perimetral e interior.;materiales;ud;ES;EUR;170.886076;129.473684;228.571429;docs/METODOLOGIA_PRECIOS_REFERENCIA_ESPANA.md;2026-08-25;derivado;no;no_confirmado;nacional;"Precio referencial nacional derivado de la canasta de mercado investigada para esta familia; no es una cotización de tienda."
MT-SOPORTE-ANTIVIB;Soporte antivibratorio de neopreno (silent block) para aislar equipos de bombas, compresores y maquinaria, con su tornillería.;materiales;ud;ES;EUR;5.696203;4.315789;7.619048;docs/METODOLOGIA_PRECIOS_REFERENCIA_ESPANA.md;2026-08-25;derivado;no;no_confirmado;nacional;"Precio referencial nacional derivado de la canasta de mercado investigada para esta familia; no es una cotización de tienda."
MQ-CORT-AGUA;Cortadora eléctrica de banco con disco de diamante y refrigeración por agua, incluida amortización y consumo.;maquinaria;h;ES;EUR;4.691228;3.517544;6.201754;docs/METODOLOGIA_PRECIOS_REFERENCIA_ESPANA.md;2026-08-25;derivado;no;no_confirmado;nacional;"Precio referencial nacional derivado de la canasta de mercado investigada para esta familia; no es una cotización de tienda."
MQ-BATID;Batidora mezcladora eléctrica de doble varilla para amasado de morteros y adhesivos.;maquinaria;h;ES;EUR;2.345614;1.758772;3.100877;docs/METODOLOGIA_PRECIOS_REFERENCIA_ESPANA.md;2026-08-25;derivado;no;no_confirmado;nacional;"Precio referencial nacional derivado de la canasta de mercado investigada para esta familia; no es una cotización de tienda."
MQ-MART-ELEC;Martillo eléctrico de demolición de 5 kg, incluida amortización y consumo.;maquinaria;h;ES;EUR;5.717434;4.287007;7.558388;docs/METODOLOGIA_PRECIOS_REFERENCIA_ESPANA.md;2026-08-25;derivado;no;no_confirmado;nacional;"Precio referencial nacional derivado de la canasta de mercado investigada para esta familia; no es una cotización de tienda."
MQ-ASPIR;Aspirador industrial con filtro de polvo fino para limpieza de soporte y control de polvo.;maquinaria;h;ES;EUR;3.078618;2.308388;4.069901;docs/METODOLOGIA_PRECIOS_REFERENCIA_ESPANA.md;2026-08-25;derivado;no;no_confirmado;nacional;"Precio referencial nacional derivado de la canasta de mercado investigada para esta familia; no es una cotización de tienda."
MQ-VENT-SUC;Juego de ventosas de elevación para manipulación de piezas de gran formato.;maquinaria;h;ES;EUR;4.104825;3.077851;5.426535;docs/METODOLOGIA_PRECIOS_REFERENCIA_ESPANA.md;2026-08-25;derivado;no;no_confirmado;nacional;"Precio referencial nacional derivado de la canasta de mercado investigada para esta familia; no es una cotización de tienda."
MQ-ATORN;Atornilladora eléctrica para placa de yeso laminado, incluida amortización y consumo.;maquinaria;h;ES;EUR;2.052412;1.538925;2.713268;docs/METODOLOGIA_PRECIOS_REFERENCIA_ESPANA.md;2026-08-25;derivado;no;no_confirmado;nacional;"Precio referencial nacional derivado de la canasta de mercado investigada para esta familia; no es una cotización de tienda."
MQ-LIJAD;Lijadora de pared con aspiración para acabado de juntas.;maquinaria;h;ES;EUR;3.078618;2.308388;4.069901;docs/METODOLOGIA_PRECIOS_REFERENCIA_ESPANA.md;2026-08-25;derivado;no;no_confirmado;nacional;"Precio referencial nacional derivado de la canasta de mercado investigada para esta familia; no es una cotización de tienda."
MQ-ROZAD;Rozadora eléctrica de doble disco de diamante con captación de polvo.;maquinaria;h;ES;EUR;6.157237;4.616776;8.139803;docs/METODOLOGIA_PRECIOS_REFERENCIA_ESPANA.md;2026-08-25;derivado;no;no_confirmado;nacional;"Precio referencial nacional derivado de la canasta de mercado investigada para esta familia; no es una cotización de tienda."
MQ-TERMOF;Termofusora para tubería de polipropileno PPR, incluida amortización.;maquinaria;h;ES;EUR;2.638816;1.978618;3.488487;docs/METODOLOGIA_PRECIOS_REFERENCIA_ESPANA.md;2026-08-25;derivado;no;no_confirmado;nacional;"Precio referencial nacional derivado de la canasta de mercado investigada para esta familia; no es una cotización de tienda."
MQ-RODILLO;Equipo de aplicación de pintura: rodillos, brochas, cubetas y andamio bajo.;maquinaria;h;ES;EUR;1.319408;0.989309;1.744243;docs/METODOLOGIA_PRECIOS_REFERENCIA_ESPANA.md;2026-08-25;derivado;no;no_confirmado;nacional;"Precio referencial nacional derivado de la canasta de mercado investigada para esta familia; no es una cotización de tienda."
MQ-VOLQ;Camión volqueta de 6 m³ con chofer, para transporte de escombro a vertedero.;maquinaria;h;ES;EUR;50;40;60;docs/INVESTIGACION_PRECIOS_ESPANA.md;2026-08-25;referencia;no;si;nacional;Camión volquete 6 m³ con chófer.
MQ-MEZCL;Mezcladora de concreto y mortero de 1 saco, incluida amortización y combustible.;maquinaria;h;ES;EUR;3;2;4.5;docs/INVESTIGACION_PRECIOS_ESPANA.md;2026-08-25;referencia;no;no_confirmado;nacional;"Hormigonera de obra; alquiler ~25 €/día prorrateado."
MQ-MART-NEUM;Martillo neumático con compresor de aire, para demolición de concreto y pisos de alta dureza.;maquinaria;h;ES;EUR;11;8;15;docs/INVESTIGACION_PRECIOS_ESPANA.md;2026-08-25;referencia;no;no_confirmado;nacional;"Referencia nacional normalizada; puede variar por proveedor, marca, disponibilidad, IVA y volumen."
MQ-AMOLA;Amoladora angular con disco de diamante, para corte perimetral y de juntas.;maquinaria;h;ES;EUR;3.518421;2.638158;4.651316;docs/METODOLOGIA_PRECIOS_REFERENCIA_ESPANA.md;2026-08-25;derivado;no;no_confirmado;nacional;"Precio referencial nacional derivado de la canasta de mercado investigada para esta familia; no es una cotización de tienda."
MQ-ANDAMIO;Andamio tubular o de borriquetas para trabajos en altura, incluido montaje y desmontaje amortizados.;maquinaria;h;ES;EUR;2.8;2;4;docs/INVESTIGACION_PRECIOS_ESPANA.md;2026-08-25;referencia;no;no_confirmado;nacional;"Referencia nacional normalizada; puede variar por proveedor, marca, disponibilidad, IVA y volumen."
MQ-RETRO;Retroexcavadora o minicargadora con martillo hidráulico y operador.;maquinaria;h;ES;EUR;45;35;55;docs/INVESTIGACION_PRECIOS_ESPANA.md;2026-08-25;referencia;por_verificar;no_confirmado;nacional;Retroexcavadora/mixta con operador y martillo hidráulico.
MQ-OXICORTE;Equipo de oxicorte para desguace de estructuras y elementos metálicos.;maquinaria;h;ES;EUR;7.036842;5.276316;9.302632;docs/METODOLOGIA_PRECIOS_REFERENCIA_ESPANA.md;2026-08-25;derivado;no;no_confirmado;nacional;"Precio referencial nacional derivado de la canasta de mercado investigada para esta familia; no es una cotización de tienda."
MQ-SIERRA;Sierra circular o motosierra para corte de elementos de madera.;maquinaria;h;ES;EUR;4.251425;3.187774;5.62034;docs/METODOLOGIA_PRECIOS_REFERENCIA_ESPANA.md;2026-08-25;derivado;no;no_confirmado;nacional;"Precio referencial nacional derivado de la canasta de mercado investigada para esta familia; no es una cotización de tienda."
MQ-MONTAC;Montacargas o pluma de obra para bajada de material desde plantas altas.;maquinaria;h;ES;EUR;13.927083;10.442708;18.411458;docs/METODOLOGIA_PRECIOS_REFERENCIA_ESPANA.md;2026-08-25;derivado;no;no_confirmado;nacional;"Precio referencial nacional derivado de la canasta de mercado investigada para esta familia; no es una cotización de tienda."
MQ-DETECTOR;Detector electrónico de instalaciones empotradas, para localizar tuberías, cables y armaduras sin picar.;maquinaria;h;ES;EUR;3.811623;2.858004;5.038925;docs/METODOLOGIA_PRECIOS_REFERENCIA_ESPANA.md;2026-08-25;derivado;no;no_confirmado;nacional;"Precio referencial nacional derivado de la canasta de mercado investigada para esta familia; no es una cotización de tienda."
MQ-TALADRO;Taladro percutor con brocas, incluida amortización y consumo.;maquinaria;h;ES;EUR;2.199013;1.648849;2.907072;docs/METODOLOGIA_PRECIOS_REFERENCIA_ESPANA.md;2026-08-25;derivado;no;no_confirmado;nacional;"Precio referencial nacional derivado de la canasta de mercado investigada para esta familia; no es una cotización de tienda."
MQ-NIVEL-LASER;Nivel láser autonivelante y equipo de medición para replanteo.;maquinaria;h;ES;EUR;3.225219;2.418311;4.263706;docs/METODOLOGIA_PRECIOS_REFERENCIA_ESPANA.md;2026-08-25;derivado;no;no_confirmado;nacional;"Precio referencial nacional derivado de la canasta de mercado investigada para esta familia; no es una cotización de tienda."
MQ-BANO-PORT;Alquiler mensual de baño portátil de obra, incluido su mantenimiento y vaciado periódico.;maquinaria;ud;ES;EUR;110;85;140;docs/INVESTIGACION_PRECIOS_ESPANA.md;2026-08-25;referencia;no;no_confirmado;nacional;Alquiler mensual de caseta/baño portátil con mantenimiento.
MQ-COMPACT-SALTO;Compactador vibratorio de impacto tipo canguro, para compactación de zanjas y espacios reducidos.;maquinaria;h;ES;EUR;6.597039;4.946546;8.721217;docs/METODOLOGIA_PRECIOS_REFERENCIA_ESPANA.md;2026-08-25;derivado;no;no_confirmado;nacional;"Precio referencial nacional derivado de la canasta de mercado investigada para esta familia; no es una cotización de tienda."
MQ-PLANCHA-COMP;Plancha compactadora vibratoria, para compactación de superficies y bases.;maquinaria;h;ES;EUR;5.570833;4.177083;7.364583;docs/METODOLOGIA_PRECIOS_REFERENCIA_ESPANA.md;2026-08-25;derivado;no;no_confirmado;nacional;"Precio referencial nacional derivado de la canasta de mercado investigada para esta familia; no es una cotización de tienda."
MQ-BOMBA-ACHI;Bomba sumergible de achique con manguera de descarga, para agotamiento de excavaciones.;maquinaria;h;ES;EUR;3.518421;2.638158;4.651316;docs/METODOLOGIA_PRECIOS_REFERENCIA_ESPANA.md;2026-08-25;derivado;no;no_confirmado;nacional;"Precio referencial nacional derivado de la canasta de mercado investigada para esta familia; no es una cotización de tienda."
MQ-DESBROZ;Desbrozadora de motor con hilo y disco, para limpieza de vegetación.;maquinaria;h;ES;EUR;3.958224;2.967928;5.23273;docs/METODOLOGIA_PRECIOS_REFERENCIA_ESPANA.md;2026-08-25;derivado;no;no_confirmado;nacional;"Precio referencial nacional derivado de la canasta de mercado investigada para esta familia; no es una cotización de tienda."
MQ-VIBRADOR;Vibrador de aguja con motor, para compactación de concreto.;maquinaria;h;ES;EUR;4.98443;3.73739;6.589364;docs/METODOLOGIA_PRECIOS_REFERENCIA_ESPANA.md;2026-08-25;derivado;no;no_confirmado;nacional;"Precio referencial nacional derivado de la canasta de mercado investigada para esta familia; no es una cotización de tienda."
MQ-CIZALLA;Cizalla y dobladora de cabillas, incluida su amortización.;maquinaria;h;ES;EUR;3.078618;2.308388;4.069901;docs/METODOLOGIA_PRECIOS_REFERENCIA_ESPANA.md;2026-08-25;derivado;no;no_confirmado;nacional;"Precio referencial nacional derivado de la canasta de mercado investigada para esta familia; no es una cotización de tienda."
MQ-BOMBA-CONC;Bomba de concreto con su operador, para vaciados de difícil acceso o gran volumen.;maquinaria;h;ES;EUR;78;65;95;docs/INVESTIGACION_PRECIOS_ESPANA.md;2026-08-25;referencia;no;si;nacional;"Referencia nacional normalizada; puede variar por proveedor, marca, disponibilidad, IVA y volumen."
MQ-PERF-PILOTE;Equipo de perforación rotatoria para pilotes vaciados en sitio, con operador.;maquinaria;h;ES;EUR;80.630482;60.457785;106.592654;docs/METODOLOGIA_PRECIOS_REFERENCIA_ESPANA.md;2026-08-25;derivado;no;no_confirmado;nacional;"Precio referencial nacional derivado de la canasta de mercado investigada para esta familia; no es una cotización de tienda."
MQ-ALISADORA;Alisadora mecánica de concreto tipo helicóptero, para acabado de losas.;maquinaria;h;ES;EUR;7.623246;5.716009;10.077851;docs/METODOLOGIA_PRECIOS_REFERENCIA_ESPANA.md;2026-08-25;derivado;no;no_confirmado;nacional;"Precio referencial nacional derivado de la canasta de mercado investigada para esta familia; no es una cotización de tienda."
MQ-SOLDADORA;Equipo de soldadura eléctrica por arco con sus accesorios, incluida amortización y consumo.;maquinaria;h;ES;EUR;5.277632;3.957237;6.976974;docs/METODOLOGIA_PRECIOS_REFERENCIA_ESPANA.md;2026-08-25;derivado;no;no_confirmado;nacional;"Precio referencial nacional derivado de la canasta de mercado investigada para esta familia; no es una cotización de tienda."
MQ-GRUA;Camión grúa o grúa móvil con operador, para izado y montaje de elementos estructurales.;maquinaria;h;ES;EUR;70;55;85;docs/INVESTIGACION_PRECIOS_ESPANA.md;2026-08-25;referencia;no;no_confirmado;nacional;"Referencia nacional normalizada; puede variar por proveedor, marca, disponibilidad, IVA y volumen."
MQ-INYECTORA;Equipo de inyección de resinas a baja presión, con sus boquillas y mangueras.;maquinaria;h;ES;EUR;6.157237;4.616776;8.139803;docs/METODOLOGIA_PRECIOS_REFERENCIA_ESPANA.md;2026-08-25;derivado;no;no_confirmado;nacional;"Precio referencial nacional derivado de la canasta de mercado investigada para esta familia; no es una cotización de tienda."
MQ-ESMERIL;Esmeriladora y cepillo de púas para limpieza y preparación de superficies metálicas.;maquinaria;h;ES;EUR;3.37182;2.528235;4.457511;docs/METODOLOGIA_PRECIOS_REFERENCIA_ESPANA.md;2026-08-25;derivado;no;no_confirmado;nacional;"Precio referencial nacional derivado de la canasta de mercado investigada para esta familia; no es una cotización de tienda."
MQ-PROYECT-MORT;Máquina de proyección de mortero y pasta de yeso, con su compresor y mangueras.;maquinaria;h;ES;EUR;9.96886;7.474781;13.178728;docs/METODOLOGIA_PRECIOS_REFERENCIA_ESPANA.md;2026-08-25;derivado;no;no_confirmado;nacional;"Precio referencial nacional derivado de la canasta de mercado investigada para esta familia; no es una cotización de tienda."
MQ-PULIDORA;Pulidora y abrillantadora de piedra natural con aporte de agua.;maquinaria;h;ES;EUR;6.597039;4.946546;8.721217;docs/METODOLOGIA_PRECIOS_REFERENCIA_ESPANA.md;2026-08-25;derivado;no;no_confirmado;nacional;"Precio referencial nacional derivado de la canasta de mercado investigada para esta familia; no es una cotización de tienda."
MQ-LIJAD-PISO;Lijadora de banda y orilladora para pisos de madera, con aspiración.;maquinaria;h;ES;EUR;9.529057;7.145011;12.597314;docs/METODOLOGIA_PRECIOS_REFERENCIA_ESPANA.md;2026-08-25;derivado;no;no_confirmado;nacional;"Precio referencial nacional derivado de la canasta de mercado investigada para esta familia; no es una cotización de tienda."
MQ-ESTAMP;Juego de moldes estampadores y rodillos para concreto impreso.;maquinaria;h;ES;EUR;7.036842;5.276316;9.302632;docs/METODOLOGIA_PRECIOS_REFERENCIA_ESPANA.md;2026-08-25;derivado;no;no_confirmado;nacional;"Precio referencial nacional derivado de la canasta de mercado investigada para esta familia; no es una cotización de tienda."
MQ-RECUP-GAS;Equipo de recuperación de gas refrigerante y bomba de vacío para climatización.;maquinaria;h;ES;EUR;9.529057;7.145011;12.597314;docs/METODOLOGIA_PRECIOS_REFERENCIA_ESPANA.md;2026-08-25;derivado;no;no_confirmado;nacional;"Precio referencial nacional derivado de la canasta de mercado investigada para esta familia; no es una cotización de tienda."
MQ-HIDROLAV;Hidrolavadora de presión para limpieza de fachadas, pisos y acabados.;maquinaria;h;ES;EUR;6.157237;4.616776;8.139803;docs/METODOLOGIA_PRECIOS_REFERENCIA_ESPANA.md;2026-08-25;derivado;no;no_confirmado;nacional;"Precio referencial nacional derivado de la canasta de mercado investigada para esta familia; no es una cotización de tienda."
MQ-DOBLAD-TUBO;Dobladora y abocardadora de tubería de cobre para climatización y gas.;maquinaria;h;ES;EUR;3.811623;2.858004;5.038925;docs/METODOLOGIA_PRECIOS_REFERENCIA_ESPANA.md;2026-08-25;derivado;no;no_confirmado;nacional;"Precio referencial nacional derivado de la canasta de mercado investigada para esta familia; no es una cotización de tienda."
MQ-TELUROMETRO;Medidor de resistencia de puesta a tierra (telurómetro) con sus picas y cables de prueba.;maquinaria;h;ES;EUR;17.592105;13.190789;23.256579;docs/METODOLOGIA_PRECIOS_REFERENCIA_ESPANA.md;2026-08-25;derivado;no;no_confirmado;nacional;"Precio referencial nacional derivado de la canasta de mercado investigada para esta familia; no es una cotización de tienda."
