codigo_recurso;descripcion;categoria;unidad_fuente;pais_codigo;moneda;precio_referencia;precio_min;precio_max;fuente;fecha_consulta;confianza;incluye_iva;incluye_transporte;origen;observaciones
MO-OF1;Oficial de 1ª.;mano_obra;h;CO;COP;13750.0;;;docs/INVESTIGACION_PRECIOS_RONDA_5_MANO_OBRA.md;2026-08-19;referencia;por_verificar;no_confirmado;nacional;"Referencia central; validar presentación y proveedor."
MO-OF1;Oficial de 1ª.;mano_obra;h;PE;PEN;8.71875;;;docs/INVESTIGACION_PRECIOS_RONDA_5_MANO_OBRA.md;2026-08-19;referencia;por_verificar;no_confirmado;nacional;"Referencia central; validar presentación y proveedor."
MO-OF1;Oficial de 1ª.;mano_obra;h;MX;MXN;93.75;;;docs/INVESTIGACION_PRECIOS_RONDA_5_MANO_OBRA.md;2026-08-19;referencia;por_verificar;no_confirmado;nacional;"Referencia central; validar presentación y proveedor."
MO-OF1;Oficial de 1ª.;mano_obra;h;EC;USD;2.70875;;;docs/INVESTIGACION_PRECIOS_RONDA_5_MANO_OBRA.md;2026-08-19;referencia;por_verificar;no_confirmado;nacional;"Referencia central; validar presentación y proveedor."
MO-OF1-PISO;Oficial de 1ª colocador de pisos.;mano_obra;h;CO;COP;17207.575;;;"Precio base USD convertido; respaldo provisional, revisar con proveedor";2026-08-19;provisional;por_verificar;no;base;"Respaldo convertido desde el precio base USD; no es precio local confirmado."
MO-OF1-PISO;Oficial de 1ª colocador de pisos.;mano_obra;h;PE;PEN;18.535;;;"Precio base USD convertido; respaldo provisional, revisar con proveedor";2026-08-19;provisional;por_verificar;no;base;"Respaldo convertido desde el precio base USD; no es precio local confirmado."
MO-OF1-PISO;Oficial de 1ª colocador de pisos.;mano_obra;h;MX;MXN;93.83;;;"Precio base USD convertido; respaldo provisional, revisar con proveedor";2026-08-19;provisional;por_verificar;no;base;"Respaldo convertido desde el precio base USD; no es precio local confirmado."
MO-OF1-PISO;Oficial de 1ª colocador de pisos.;mano_obra;h;EC;USD;5.5;;;"Precio base USD convertido; respaldo provisional, revisar con proveedor";2026-08-19;provisional;por_verificar;no;base;"Respaldo convertido desde el precio base USD; no es precio local confirmado."
MO-OF1-ALI;Oficial de 1ª alicatador.;mano_obra;h;CO;COP;17207.575;;;"Precio base USD convertido; respaldo provisional, revisar con proveedor";2026-08-19;provisional;por_verificar;no;base;"Respaldo convertido desde el precio base USD; no es precio local confirmado."
MO-OF1-ALI;Oficial de 1ª alicatador.;mano_obra;h;PE;PEN;18.535;;;"Precio base USD convertido; respaldo provisional, revisar con proveedor";2026-08-19;provisional;por_verificar;no;base;"Respaldo convertido desde el precio base USD; no es precio local confirmado."
MO-OF1-ALI;Oficial de 1ª alicatador.;mano_obra;h;MX;MXN;93.83;;;"Precio base USD convertido; respaldo provisional, revisar con proveedor";2026-08-19;provisional;por_verificar;no;base;"Respaldo convertido desde el precio base USD; no es precio local confirmado."
MO-OF1-ALI;Oficial de 1ª alicatador.;mano_obra;h;EC;USD;5.5;;;"Precio base USD convertido; respaldo provisional, revisar con proveedor";2026-08-19;provisional;por_verificar;no;base;"Respaldo convertido desde el precio base USD; no es precio local confirmado."
MO-OF1-ALB;Oficial de 1ª albañil.;mano_obra;h;CO;COP;17207.575;;;"Precio base USD convertido; respaldo provisional, revisar con proveedor";2026-08-19;provisional;por_verificar;no;base;"Respaldo convertido desde el precio base USD; no es precio local confirmado."
MO-OF1-ALB;Oficial de 1ª albañil.;mano_obra;h;PE;PEN;18.535;;;"Precio base USD convertido; respaldo provisional, revisar con proveedor";2026-08-19;provisional;por_verificar;no;base;"Respaldo convertido desde el precio base USD; no es precio local confirmado."
MO-OF1-ALB;Oficial de 1ª albañil.;mano_obra;h;MX;MXN;93.83;;;"Precio base USD convertido; respaldo provisional, revisar con proveedor";2026-08-19;provisional;por_verificar;no;base;"Respaldo convertido desde el precio base USD; no es precio local confirmado."
MO-OF1-ALB;Oficial de 1ª albañil.;mano_obra;h;EC;USD;5.5;;;"Precio base USD convertido; respaldo provisional, revisar con proveedor";2026-08-19;provisional;por_verificar;no;base;"Respaldo convertido desde el precio base USD; no es precio local confirmado."
MO-OF1-MON;Oficial de 1ª montador de prefabricados interiores.;mano_obra;h;CO;COP;17207.575;;;"Precio base USD convertido; respaldo provisional, revisar con proveedor";2026-08-19;provisional;por_verificar;no;base;"Respaldo convertido desde el precio base USD; no es precio local confirmado."
MO-OF1-MON;Oficial de 1ª montador de prefabricados interiores.;mano_obra;h;PE;PEN;18.535;;;"Precio base USD convertido; respaldo provisional, revisar con proveedor";2026-08-19;provisional;por_verificar;no;base;"Respaldo convertido desde el precio base USD; no es precio local confirmado."
MO-OF1-MON;Oficial de 1ª montador de prefabricados interiores.;mano_obra;h;MX;MXN;93.83;;;"Precio base USD convertido; respaldo provisional, revisar con proveedor";2026-08-19;provisional;por_verificar;no;base;"Respaldo convertido desde el precio base USD; no es precio local confirmado."
MO-OF1-MON;Oficial de 1ª montador de prefabricados interiores.;mano_obra;h;EC;USD;5.5;;;"Precio base USD convertido; respaldo provisional, revisar con proveedor";2026-08-19;provisional;por_verificar;no;base;"Respaldo convertido desde el precio base USD; no es precio local confirmado."
MO-AYU-ESP;Ayudante especializado.;mano_obra;h;CO;COP;12514.6;;;"Precio base USD convertido; respaldo provisional, revisar con proveedor";2026-08-19;provisional;por_verificar;no;base;"Respaldo convertido desde el precio base USD; no es precio local confirmado."
MO-AYU-ESP;Ayudante especializado.;mano_obra;h;PE;PEN;13.48;;;"Precio base USD convertido; respaldo provisional, revisar con proveedor";2026-08-19;provisional;por_verificar;no;base;"Respaldo convertido desde el precio base USD; no es precio local confirmado."
MO-AYU-ESP;Ayudante especializado.;mano_obra;h;MX;MXN;68.24;;;"Precio base USD convertido; respaldo provisional, revisar con proveedor";2026-08-19;provisional;por_verificar;no;base;"Respaldo convertido desde el precio base USD; no es precio local confirmado."
MO-AYU-ESP;Ayudante especializado.;mano_obra;h;EC;USD;4;;;"Precio base USD convertido; respaldo provisional, revisar con proveedor";2026-08-19;provisional;por_verificar;no;base;"Respaldo convertido desde el precio base USD; no es precio local confirmado."
MO-AYU;Ayudante.;mano_obra;h;CO;COP;9000.0;;;docs/INVESTIGACION_PRECIOS_RONDA_5_MANO_OBRA.md;2026-08-19;referencia;por_verificar;no_confirmado;nacional;"Referencia central; validar presentación y proveedor."
MO-AYU;Ayudante.;mano_obra;h;PE;PEN;7.85;;;docs/INVESTIGACION_PRECIOS_RONDA_5_MANO_OBRA.md;2026-08-19;referencia;por_verificar;no_confirmado;nacional;"Referencia central; validar presentación y proveedor."
MO-AYU;Ayudante.;mano_obra;h;MX;MXN;50.0;;;docs/INVESTIGACION_PRECIOS_RONDA_5_MANO_OBRA.md;2026-08-19;referencia;por_verificar;no_confirmado;nacional;"Referencia central; validar presentación y proveedor."
MO-AYU;Ayudante.;mano_obra;h;EC;USD;2.5;;;docs/INVESTIGACION_PRECIOS_RONDA_5_MANO_OBRA.md;2026-08-19;referencia;por_verificar;no_confirmado;nacional;"Referencia central; validar presentación y proveedor."
MO-OF1-PIN;Oficial de 1ª pintor.;mano_obra;h;CO;COP;17207.575;;;"Precio base USD convertido; respaldo provisional, revisar con proveedor";2026-08-19;provisional;por_verificar;no;base;"Respaldo convertido desde el precio base USD; no es precio local confirmado."
MO-OF1-PIN;Oficial de 1ª pintor.;mano_obra;h;PE;PEN;18.535;;;"Precio base USD convertido; respaldo provisional, revisar con proveedor";2026-08-19;provisional;por_verificar;no;base;"Respaldo convertido desde el precio base USD; no es precio local confirmado."
MO-OF1-PIN;Oficial de 1ª pintor.;mano_obra;h;MX;MXN;93.83;;;"Precio base USD convertido; respaldo provisional, revisar con proveedor";2026-08-19;provisional;por_verificar;no;base;"Respaldo convertido desde el precio base USD; no es precio local confirmado."
MO-OF1-PIN;Oficial de 1ª pintor.;mano_obra;h;EC;USD;5.5;;;"Precio base USD convertido; respaldo provisional, revisar con proveedor";2026-08-19;provisional;por_verificar;no;base;"Respaldo convertido desde el precio base USD; no es precio local confirmado."
MO-OF1-PLO;Oficial de 1ª plomero.;mano_obra;h;CO;COP;17207.575;;;"Precio base USD convertido; respaldo provisional, revisar con proveedor";2026-08-19;provisional;por_verificar;no;base;"Respaldo convertido desde el precio base USD; no es precio local confirmado."
MO-OF1-PLO;Oficial de 1ª plomero.;mano_obra;h;PE;PEN;18.535;;;"Precio base USD convertido; respaldo provisional, revisar con proveedor";2026-08-19;provisional;por_verificar;no;base;"Respaldo convertido desde el precio base USD; no es precio local confirmado."
MO-OF1-PLO;Oficial de 1ª plomero.;mano_obra;h;MX;MXN;93.83;;;"Precio base USD convertido; respaldo provisional, revisar con proveedor";2026-08-19;provisional;por_verificar;no;base;"Respaldo convertido desde el precio base USD; no es precio local confirmado."
MO-OF1-PLO;Oficial de 1ª plomero.;mano_obra;h;EC;USD;5.5;;;"Precio base USD convertido; respaldo provisional, revisar con proveedor";2026-08-19;provisional;por_verificar;no;base;"Respaldo convertido desde el precio base USD; no es precio local confirmado."
MO-OF1-ELE;Oficial de 1ª electricista.;mano_obra;h;CO;COP;17207.575;;;"Precio base USD convertido; respaldo provisional, revisar con proveedor";2026-08-19;provisional;por_verificar;no;base;"Respaldo convertido desde el precio base USD; no es precio local confirmado."
MO-OF1-ELE;Oficial de 1ª electricista.;mano_obra;h;PE;PEN;18.535;;;"Precio base USD convertido; respaldo provisional, revisar con proveedor";2026-08-19;provisional;por_verificar;no;base;"Respaldo convertido desde el precio base USD; no es precio local confirmado."
MO-OF1-ELE;Oficial de 1ª electricista.;mano_obra;h;MX;MXN;93.83;;;"Precio base USD convertido; respaldo provisional, revisar con proveedor";2026-08-19;provisional;por_verificar;no;base;"Respaldo convertido desde el precio base USD; no es precio local confirmado."
MO-OF1-ELE;Oficial de 1ª electricista.;mano_obra;h;EC;USD;5.5;;;"Precio base USD convertido; respaldo provisional, revisar con proveedor";2026-08-19;provisional;por_verificar;no;base;"Respaldo convertido desde el precio base USD; no es precio local confirmado."
MO-OF1-CAB;Oficial de 1ª cabillero (armador de acero de refuerzo).;mano_obra;h;CO;COP;17207.575;;;"Precio base USD convertido; respaldo provisional, revisar con proveedor";2026-08-19;provisional;por_verificar;no;base;"Respaldo convertido desde el precio base USD; no es precio local confirmado."
MO-OF1-CAB;Oficial de 1ª cabillero (armador de acero de refuerzo).;mano_obra;h;PE;PEN;18.535;;;"Precio base USD convertido; respaldo provisional, revisar con proveedor";2026-08-19;provisional;por_verificar;no;base;"Respaldo convertido desde el precio base USD; no es precio local confirmado."
MO-OF1-CAB;Oficial de 1ª cabillero (armador de acero de refuerzo).;mano_obra;h;MX;MXN;93.83;;;"Precio base USD convertido; respaldo provisional, revisar con proveedor";2026-08-19;provisional;por_verificar;no;base;"Respaldo convertido desde el precio base USD; no es precio local confirmado."
MO-OF1-CAB;Oficial de 1ª cabillero (armador de acero de refuerzo).;mano_obra;h;EC;USD;5.5;;;"Precio base USD convertido; respaldo provisional, revisar con proveedor";2026-08-19;provisional;por_verificar;no;base;"Respaldo convertido desde el precio base USD; no es precio local confirmado."
MO-OF1-CARP;Oficial de 1ª carpintero de obra (encofrador).;mano_obra;h;CO;COP;17207.575;;;"Precio base USD convertido; respaldo provisional, revisar con proveedor";2026-08-19;provisional;por_verificar;no;base;"Respaldo convertido desde el precio base USD; no es precio local confirmado."
MO-OF1-CARP;Oficial de 1ª carpintero de obra (encofrador).;mano_obra;h;PE;PEN;18.535;;;"Precio base USD convertido; respaldo provisional, revisar con proveedor";2026-08-19;provisional;por_verificar;no;base;"Respaldo convertido desde el precio base USD; no es precio local confirmado."
MO-OF1-CARP;Oficial de 1ª carpintero de obra (encofrador).;mano_obra;h;MX;MXN;93.83;;;"Precio base USD convertido; respaldo provisional, revisar con proveedor";2026-08-19;provisional;por_verificar;no;base;"Respaldo convertido desde el precio base USD; no es precio local confirmado."
MO-OF1-CARP;Oficial de 1ª carpintero de obra (encofrador).;mano_obra;h;EC;USD;5.5;;;"Precio base USD convertido; respaldo provisional, revisar con proveedor";2026-08-19;provisional;por_verificar;no;base;"Respaldo convertido desde el precio base USD; no es precio local confirmado."
MO-OF1-SOLD;Oficial de 1ª soldador.;mano_obra;h;CO;COP;17207.575;;;"Precio base USD convertido; respaldo provisional, revisar con proveedor";2026-08-19;provisional;por_verificar;no;base;"Respaldo convertido desde el precio base USD; no es precio local confirmado."
MO-OF1-SOLD;Oficial de 1ª soldador.;mano_obra;h;PE;PEN;18.535;;;"Precio base USD convertido; respaldo provisional, revisar con proveedor";2026-08-19;provisional;por_verificar;no;base;"Respaldo convertido desde el precio base USD; no es precio local confirmado."
MO-OF1-SOLD;Oficial de 1ª soldador.;mano_obra;h;MX;MXN;93.83;;;"Precio base USD convertido; respaldo provisional, revisar con proveedor";2026-08-19;provisional;por_verificar;no;base;"Respaldo convertido desde el precio base USD; no es precio local confirmado."
MO-OF1-SOLD;Oficial de 1ª soldador.;mano_obra;h;EC;USD;5.5;;;"Precio base USD convertido; respaldo provisional, revisar con proveedor";2026-08-19;provisional;por_verificar;no;base;"Respaldo convertido desde el precio base USD; no es precio local confirmado."
MO-OF1-CARPM;Oficial de 1ª carpintero de madera estructural.;mano_obra;h;CO;COP;17207.575;;;"Precio base USD convertido; respaldo provisional, revisar con proveedor";2026-08-19;provisional;por_verificar;no;base;"Respaldo convertido desde el precio base USD; no es precio local confirmado."
MO-OF1-CARPM;Oficial de 1ª carpintero de madera estructural.;mano_obra;h;PE;PEN;18.535;;;"Precio base USD convertido; respaldo provisional, revisar con proveedor";2026-08-19;provisional;por_verificar;no;base;"Respaldo convertido desde el precio base USD; no es precio local confirmado."
MO-OF1-CARPM;Oficial de 1ª carpintero de madera estructural.;mano_obra;h;MX;MXN;93.83;;;"Precio base USD convertido; respaldo provisional, revisar con proveedor";2026-08-19;provisional;por_verificar;no;base;"Respaldo convertido desde el precio base USD; no es precio local confirmado."
MO-OF1-CARPM;Oficial de 1ª carpintero de madera estructural.;mano_obra;h;EC;USD;5.5;;;"Precio base USD convertido; respaldo provisional, revisar con proveedor";2026-08-19;provisional;por_verificar;no;base;"Respaldo convertido desde el precio base USD; no es precio local confirmado."
MO-OF1-VIDR;Oficial de 1ª vidriero.;mano_obra;h;CO;COP;17207.575;;;"Precio base USD convertido; respaldo provisional, revisar con proveedor";2026-08-19;provisional;por_verificar;no;base;"Respaldo convertido desde el precio base USD; no es precio local confirmado."
MO-OF1-VIDR;Oficial de 1ª vidriero.;mano_obra;h;PE;PEN;18.535;;;"Precio base USD convertido; respaldo provisional, revisar con proveedor";2026-08-19;provisional;por_verificar;no;base;"Respaldo convertido desde el precio base USD; no es precio local confirmado."
MO-OF1-VIDR;Oficial de 1ª vidriero.;mano_obra;h;MX;MXN;93.83;;;"Precio base USD convertido; respaldo provisional, revisar con proveedor";2026-08-19;provisional;por_verificar;no;base;"Respaldo convertido desde el precio base USD; no es precio local confirmado."
MO-OF1-VIDR;Oficial de 1ª vidriero.;mano_obra;h;EC;USD;5.5;;;"Precio base USD convertido; respaldo provisional, revisar con proveedor";2026-08-19;provisional;por_verificar;no;base;"Respaldo convertido desde el precio base USD; no es precio local confirmado."
MO-OF1-AC;Oficial de 1ª técnico en refrigeración y climatización.;mano_obra;h;CO;COP;17207.575;;;"Precio base USD convertido; respaldo provisional, revisar con proveedor";2026-08-19;provisional;por_verificar;no;base;"Respaldo convertido desde el precio base USD; no es precio local confirmado."
MO-OF1-AC;Oficial de 1ª técnico en refrigeración y climatización.;mano_obra;h;PE;PEN;18.535;;;"Precio base USD convertido; respaldo provisional, revisar con proveedor";2026-08-19;provisional;por_verificar;no;base;"Respaldo convertido desde el precio base USD; no es precio local confirmado."
MO-OF1-AC;Oficial de 1ª técnico en refrigeración y climatización.;mano_obra;h;MX;MXN;93.83;;;"Precio base USD convertido; respaldo provisional, revisar con proveedor";2026-08-19;provisional;por_verificar;no;base;"Respaldo convertido desde el precio base USD; no es precio local confirmado."
MO-OF1-AC;Oficial de 1ª técnico en refrigeración y climatización.;mano_obra;h;EC;USD;5.5;;;"Precio base USD convertido; respaldo provisional, revisar con proveedor";2026-08-19;provisional;por_verificar;no;base;"Respaldo convertido desde el precio base USD; no es precio local confirmado."
MO-OF1-JARD;Oficial de 1ª jardinero.;mano_obra;h;CO;COP;17207.575;;;"Precio base USD convertido; respaldo provisional, revisar con proveedor";2026-08-19;provisional;por_verificar;no;base;"Respaldo convertido desde el precio base USD; no es precio local confirmado."
MO-OF1-JARD;Oficial de 1ª jardinero.;mano_obra;h;PE;PEN;18.535;;;"Precio base USD convertido; respaldo provisional, revisar con proveedor";2026-08-19;provisional;por_verificar;no;base;"Respaldo convertido desde el precio base USD; no es precio local confirmado."
MO-OF1-JARD;Oficial de 1ª jardinero.;mano_obra;h;MX;MXN;93.83;;;"Precio base USD convertido; respaldo provisional, revisar con proveedor";2026-08-19;provisional;por_verificar;no;base;"Respaldo convertido desde el precio base USD; no es precio local confirmado."
MO-OF1-JARD;Oficial de 1ª jardinero.;mano_obra;h;EC;USD;5.5;;;"Precio base USD convertido; respaldo provisional, revisar con proveedor";2026-08-19;provisional;por_verificar;no;base;"Respaldo convertido desde el precio base USD; no es precio local confirmado."
MT-ADH-C2TE;Adhesivo cementoso mejorado tipo C2 TE, de deslizamiento reducido y tiempo abierto ampliado, para colocación de porcelanato en capa fina.;materiales;kg;CO;COP;138.16;;;docs/INVESTIGACION_PRECIOS_RONDA_1.md;2026-08-19;referencia;por_verificar;no_confirmado;nacional;"Referencia central; validar presentación y proveedor."
MT-ADH-C2TE;Adhesivo cementoso mejorado tipo C2 TE, de deslizamiento reducido y tiempo abierto ampliado, para colocación de porcelanato en capa fina.;materiales;kg;PE;PEN;1.476;;;docs/INVESTIGACION_PRECIOS_RONDA_1.md;2026-08-19;referencia;por_verificar;no_confirmado;nacional;"Referencia central; validar presentación y proveedor."
MT-ADH-C2TE;Adhesivo cementoso mejorado tipo C2 TE, de deslizamiento reducido y tiempo abierto ampliado, para colocación de porcelanato en capa fina.;materiales;kg;MX;MXN;16.04;;;docs/INVESTIGACION_PRECIOS_RONDA_1.md;2026-08-19;referencia;por_verificar;no_confirmado;nacional;"Referencia central; validar presentación y proveedor."
MT-ADH-C2TE;Adhesivo cementoso mejorado tipo C2 TE, de deslizamiento reducido y tiempo abierto ampliado, para colocación de porcelanato en capa fina.;materiales;kg;EC;USD;0.6715;;;docs/INVESTIGACION_PRECIOS_RONDA_1.md;2026-08-19;referencia;por_verificar;no_confirmado;nacional;"Referencia central; validar presentación y proveedor."
MT-ADH-C1;Adhesivo cementoso normal tipo C1, color gris, para colocación de cerámica en capa fina.;materiales;kg;CO;COP;51.04;;;docs/INVESTIGACION_PRECIOS_RONDA_1.md;2026-08-19;referencia;por_verificar;no_confirmado;nacional;"Referencia central; validar presentación y proveedor."
MT-ADH-C1;Adhesivo cementoso normal tipo C1, color gris, para colocación de cerámica en capa fina.;materiales;kg;PE;PEN;0.6759999999999999;;;docs/INVESTIGACION_PRECIOS_RONDA_1.md;2026-08-19;referencia;por_verificar;no_confirmado;nacional;"Referencia central; validar presentación y proveedor."
MT-ADH-C1;Adhesivo cementoso normal tipo C1, color gris, para colocación de cerámica en capa fina.;materiales;kg;MX;MXN;12.0;;;docs/INVESTIGACION_PRECIOS_RONDA_1.md;2026-08-19;referencia;por_verificar;no_confirmado;nacional;"Referencia central; validar presentación y proveedor."
MT-ADH-C1;Adhesivo cementoso normal tipo C1, color gris, para colocación de cerámica en capa fina.;materiales;kg;EC;USD;0.5;;;docs/INVESTIGACION_PRECIOS_RONDA_1.md;2026-08-19;referencia;por_verificar;no_confirmado;nacional;"Referencia central; validar presentación y proveedor."
MT-JUN-CG2;Mortero de juntas cementoso tipo CG2, de absorción reducida y resistencia elevada a la abrasión, en el color elegido.;materiales;kg;CO;COP;5005.84;;;"Precio base USD convertido; respaldo provisional, revisar con proveedor";2026-08-19;provisional;por_verificar;no;base;"Respaldo convertido desde el precio base USD; no es precio local confirmado."
MT-JUN-CG2;Mortero de juntas cementoso tipo CG2, de absorción reducida y resistencia elevada a la abrasión, en el color elegido.;materiales;kg;PE;PEN;5.392;;;"Precio base USD convertido; respaldo provisional, revisar con proveedor";2026-08-19;provisional;por_verificar;no;base;"Respaldo convertido desde el precio base USD; no es precio local confirmado."
MT-JUN-CG2;Mortero de juntas cementoso tipo CG2, de absorción reducida y resistencia elevada a la abrasión, en el color elegido.;materiales;kg;MX;MXN;27.296;;;"Precio base USD convertido; respaldo provisional, revisar con proveedor";2026-08-19;provisional;por_verificar;no;base;"Respaldo convertido desde el precio base USD; no es precio local confirmado."
MT-JUN-CG2;Mortero de juntas cementoso tipo CG2, de absorción reducida y resistencia elevada a la abrasión, en el color elegido.;materiales;kg;EC;USD;1.6;;;"Precio base USD convertido; respaldo provisional, revisar con proveedor";2026-08-19;provisional;por_verificar;no;base;"Respaldo convertido desde el precio base USD; no es precio local confirmado."
MT-CRU-NIV;Sistema de crucetas y cuñas niveladoras de un solo uso para colocación de baldosa.;materiales;ud;CO;COP;281.5785;;;"Precio base USD convertido; respaldo provisional, revisar con proveedor";2026-08-19;provisional;por_verificar;no;base;"Respaldo convertido desde el precio base USD; no es precio local confirmado."
MT-CRU-NIV;Sistema de crucetas y cuñas niveladoras de un solo uso para colocación de baldosa.;materiales;ud;PE;PEN;0.3033;;;"Precio base USD convertido; respaldo provisional, revisar con proveedor";2026-08-19;provisional;por_verificar;no;base;"Respaldo convertido desde el precio base USD; no es precio local confirmado."
MT-CRU-NIV;Sistema de crucetas y cuñas niveladoras de un solo uso para colocación de baldosa.;materiales;ud;MX;MXN;1.5354;;;"Precio base USD convertido; respaldo provisional, revisar con proveedor";2026-08-19;provisional;por_verificar;no;base;"Respaldo convertido desde el precio base USD; no es precio local confirmado."
MT-CRU-NIV;Sistema de crucetas y cuñas niveladoras de un solo uso para colocación de baldosa.;materiales;ud;EC;USD;0.09;;;"Precio base USD convertido; respaldo provisional, revisar con proveedor";2026-08-19;provisional;por_verificar;no;base;"Respaldo convertido desde el precio base USD; no es precio local confirmado."
MT-AUT-NIV;Mortero autonivelante de base cemento para regularización de soportes interiores.;materiales;kg;CO;COP;4849.4075;;;"Precio base USD convertido; respaldo provisional, revisar con proveedor";2026-08-19;provisional;por_verificar;no;base;"Respaldo convertido desde el precio base USD; no es precio local confirmado."
MT-AUT-NIV;Mortero autonivelante de base cemento para regularización de soportes interiores.;materiales;kg;PE;PEN;5.2235;;;"Precio base USD convertido; respaldo provisional, revisar con proveedor";2026-08-19;provisional;por_verificar;no;base;"Respaldo convertido desde el precio base USD; no es precio local confirmado."
MT-AUT-NIV;Mortero autonivelante de base cemento para regularización de soportes interiores.;materiales;kg;MX;MXN;26.443;;;"Precio base USD convertido; respaldo provisional, revisar con proveedor";2026-08-19;provisional;por_verificar;no;base;"Respaldo convertido desde el precio base USD; no es precio local confirmado."
MT-AUT-NIV;Mortero autonivelante de base cemento para regularización de soportes interiores.;materiales;kg;EC;USD;1.55;;;"Precio base USD convertido; respaldo provisional, revisar con proveedor";2026-08-19;provisional;por_verificar;no;base;"Respaldo convertido desde el precio base USD; no es precio local confirmado."
MT-IMP-PRIM;Imprimación tapaporos de resinas acrílicas en dispersión acuosa, para regular la absorción del soporte.;materiales;l;CO;COP;11888.87;;;"Precio base USD convertido; respaldo provisional, revisar con proveedor";2026-08-19;provisional;por_verificar;no;base;"Respaldo convertido desde el precio base USD; no es precio local confirmado."
MT-IMP-PRIM;Imprimación tapaporos de resinas acrílicas en dispersión acuosa, para regular la absorción del soporte.;materiales;l;PE;PEN;12.806;;;"Precio base USD convertido; respaldo provisional, revisar con proveedor";2026-08-19;provisional;por_verificar;no;base;"Respaldo convertido desde el precio base USD; no es precio local confirmado."
MT-IMP-PRIM;Imprimación tapaporos de resinas acrílicas en dispersión acuosa, para regular la absorción del soporte.;materiales;l;MX;MXN;64.828;;;"Precio base USD convertido; respaldo provisional, revisar con proveedor";2026-08-19;provisional;por_verificar;no;base;"Respaldo convertido desde el precio base USD; no es precio local confirmado."
MT-IMP-PRIM;Imprimación tapaporos de resinas acrílicas en dispersión acuosa, para regular la absorción del soporte.;materiales;l;EC;USD;3.8;;;"Precio base USD convertido; respaldo provisional, revisar con proveedor";2026-08-19;provisional;por_verificar;no;base;"Respaldo convertido desde el precio base USD; no es precio local confirmado."
MT-PER-BANDA;Banda perimetral de polietileno expandido de 10 mm para desolidarizar el afirmado de los paramentos.;materiales;m;CO;COP;1720.7575;;;"Precio base USD convertido; respaldo provisional, revisar con proveedor";2026-08-19;provisional;por_verificar;no;base;"Respaldo convertido desde el precio base USD; no es precio local confirmado."
MT-PER-BANDA;Banda perimetral de polietileno expandido de 10 mm para desolidarizar el afirmado de los paramentos.;materiales;m;PE;PEN;1.8535;;;"Precio base USD convertido; respaldo provisional, revisar con proveedor";2026-08-19;provisional;por_verificar;no;base;"Respaldo convertido desde el precio base USD; no es precio local confirmado."
MT-PER-BANDA;Banda perimetral de polietileno expandido de 10 mm para desolidarizar el afirmado de los paramentos.;materiales;m;MX;MXN;9.383;;;"Precio base USD convertido; respaldo provisional, revisar con proveedor";2026-08-19;provisional;por_verificar;no;base;"Respaldo convertido desde el precio base USD; no es precio local confirmado."
MT-PER-BANDA;Banda perimetral de polietileno expandido de 10 mm para desolidarizar el afirmado de los paramentos.;materiales;m;EC;USD;0.55;;;"Precio base USD convertido; respaldo provisional, revisar con proveedor";2026-08-19;provisional;por_verificar;no;base;"Respaldo convertido desde el precio base USD; no es precio local confirmado."
MT-SAC-ESC;Saco de rafia de alta resistencia para retirada manual de escombro.;materiales;ud;CO;COP;2033.6225;;;"Precio base USD convertido; respaldo provisional, revisar con proveedor";2026-08-19;provisional;por_verificar;no;base;"Respaldo convertido desde el precio base USD; no es precio local confirmado."
MT-SAC-ESC;Saco de rafia de alta resistencia para retirada manual de escombro.;materiales;ud;PE;PEN;2.1905;;;"Precio base USD convertido; respaldo provisional, revisar con proveedor";2026-08-19;provisional;por_verificar;no;base;"Respaldo convertido desde el precio base USD; no es precio local confirmado."
MT-SAC-ESC;Saco de rafia de alta resistencia para retirada manual de escombro.;materiales;ud;MX;MXN;11.089;;;"Precio base USD convertido; respaldo provisional, revisar con proveedor";2026-08-19;provisional;por_verificar;no;base;"Respaldo convertido desde el precio base USD; no es precio local confirmado."
MT-SAC-ESC;Saco de rafia de alta resistencia para retirada manual de escombro.;materiales;ud;EC;USD;0.65;;;"Precio base USD convertido; respaldo provisional, revisar con proveedor";2026-08-19;provisional;por_verificar;no;base;"Respaldo convertido desde el precio base USD; no es precio local confirmado."
MT-PYL-CANAL;Canal de acero galvanizado de 70 mm para arranque y remate de tabique autoportante.;materiales;m;CO;COP;5200;;;docs/INVESTIGACION_PRECIOS_RONDA_1.md;2026-08-19;referencia;por_verificar;no_confirmado;nacional;"Referencia central; validar presentación y proveedor."
MT-PYL-CANAL;Canal de acero galvanizado de 70 mm para arranque y remate de tabique autoportante.;materiales;m;PE;PEN;2.2;;;docs/INVESTIGACION_PRECIOS_RONDA_1.md;2026-08-19;referencia;por_verificar;no_confirmado;nacional;"Referencia central; validar presentación y proveedor."
MT-PYL-CANAL;Canal de acero galvanizado de 70 mm para arranque y remate de tabique autoportante.;materiales;m;MX;MXN;90;;;docs/INVESTIGACION_PRECIOS_RONDA_1.md;2026-08-19;referencia;por_verificar;no_confirmado;nacional;"Referencia central; validar presentación y proveedor."
MT-PYL-CANAL;Canal de acero galvanizado de 70 mm para arranque y remate de tabique autoportante.;materiales;m;EC;USD;2.0;;;docs/INVESTIGACION_PRECIOS_RONDA_1.md;2026-08-19;referencia;por_verificar;no_confirmado;nacional;"Referencia central; validar presentación y proveedor."
MT-PYL-MONT;Montante de acero galvanizado de 70 mm para estructura de tabique autoportante.;materiales;m;CO;COP;6570.165;;;"Precio base USD convertido; respaldo provisional, revisar con proveedor";2026-08-19;provisional;por_verificar;no;base;"Respaldo convertido desde el precio base USD; no es precio local confirmado."
MT-PYL-MONT;Montante de acero galvanizado de 70 mm para estructura de tabique autoportante.;materiales;m;PE;PEN;7.077;;;"Precio base USD convertido; respaldo provisional, revisar con proveedor";2026-08-19;provisional;por_verificar;no;base;"Respaldo convertido desde el precio base USD; no es precio local confirmado."
MT-PYL-MONT;Montante de acero galvanizado de 70 mm para estructura de tabique autoportante.;materiales;m;MX;MXN;35.826;;;"Precio base USD convertido; respaldo provisional, revisar con proveedor";2026-08-19;provisional;por_verificar;no;base;"Respaldo convertido desde el precio base USD; no es precio local confirmado."
MT-PYL-MONT;Montante de acero galvanizado de 70 mm para estructura de tabique autoportante.;materiales;m;EC;USD;2.1;;;"Precio base USD convertido; respaldo provisional, revisar con proveedor";2026-08-19;provisional;por_verificar;no;base;"Respaldo convertido desde el precio base USD; no es precio local confirmado."
MT-PYL-PLACA;Placa de yeso laminado estándar de 15 mm de espesor, borde afinado.;materiales;m2;CO;COP;22526.28;;;"Precio base USD convertido; respaldo provisional, revisar con proveedor";2026-08-19;provisional;por_verificar;no;base;"Respaldo convertido desde el precio base USD; no es precio local confirmado."
MT-PYL-PLACA;Placa de yeso laminado estándar de 15 mm de espesor, borde afinado.;materiales;m2;PE;PEN;24.264;;;"Precio base USD convertido; respaldo provisional, revisar con proveedor";2026-08-19;provisional;por_verificar;no;base;"Respaldo convertido desde el precio base USD; no es precio local confirmado."
MT-PYL-PLACA;Placa de yeso laminado estándar de 15 mm de espesor, borde afinado.;materiales;m2;MX;MXN;122.832;;;"Precio base USD convertido; respaldo provisional, revisar con proveedor";2026-08-19;provisional;por_verificar;no;base;"Respaldo convertido desde el precio base USD; no es precio local confirmado."
MT-PYL-PLACA;Placa de yeso laminado estándar de 15 mm de espesor, borde afinado.;materiales;m2;EC;USD;7.2;;;"Precio base USD convertido; respaldo provisional, revisar con proveedor";2026-08-19;provisional;por_verificar;no;base;"Respaldo convertido desde el precio base USD; no es precio local confirmado."
MT-PYL-LANA;Panel de lana mineral de 60 mm para aislamiento térmico y acústico en cámara de tabique.;materiales;m2;CO;COP;11263.14;;;"Precio base USD convertido; respaldo provisional, revisar con proveedor";2026-08-19;provisional;por_verificar;no;base;"Respaldo convertido desde el precio base USD; no es precio local confirmado."
MT-PYL-LANA;Panel de lana mineral de 60 mm para aislamiento térmico y acústico en cámara de tabique.;materiales;m2;PE;PEN;12.132;;;"Precio base USD convertido; respaldo provisional, revisar con proveedor";2026-08-19;provisional;por_verificar;no;base;"Respaldo convertido desde el precio base USD; no es precio local confirmado."
MT-PYL-LANA;Panel de lana mineral de 60 mm para aislamiento térmico y acústico en cámara de tabique.;materiales;m2;MX;MXN;61.416;;;"Precio base USD convertido; respaldo provisional, revisar con proveedor";2026-08-19;provisional;por_verificar;no;base;"Respaldo convertido desde el precio base USD; no es precio local confirmado."
MT-PYL-LANA;Panel de lana mineral de 60 mm para aislamiento térmico y acústico en cámara de tabique.;materiales;m2;EC;USD;3.6;;;"Precio base USD convertido; respaldo provisional, revisar con proveedor";2026-08-19;provisional;por_verificar;no;base;"Respaldo convertido desde el precio base USD; no es precio local confirmado."
MT-PYL-BANDA;Banda estanca autoadhesiva de polietileno para junta perimetral de tabique.;materiales;m;CO;COP;1314.033;;;"Precio base USD convertido; respaldo provisional, revisar con proveedor";2026-08-19;provisional;por_verificar;no;base;"Respaldo convertido desde el precio base USD; no es precio local confirmado."
MT-PYL-BANDA;Banda estanca autoadhesiva de polietileno para junta perimetral de tabique.;materiales;m;PE;PEN;1.4154;;;"Precio base USD convertido; respaldo provisional, revisar con proveedor";2026-08-19;provisional;por_verificar;no;base;"Respaldo convertido desde el precio base USD; no es precio local confirmado."
MT-PYL-BANDA;Banda estanca autoadhesiva de polietileno para junta perimetral de tabique.;materiales;m;MX;MXN;7.1652;;;"Precio base USD convertido; respaldo provisional, revisar con proveedor";2026-08-19;provisional;por_verificar;no;base;"Respaldo convertido desde el precio base USD; no es precio local confirmado."
MT-PYL-BANDA;Banda estanca autoadhesiva de polietileno para junta perimetral de tabique.;materiales;m;EC;USD;0.42;;;"Precio base USD convertido; respaldo provisional, revisar con proveedor";2026-08-19;provisional;por_verificar;no;base;"Respaldo convertido desde el precio base USD; no es precio local confirmado."
MT-PYL-PASTA;Pasta de juntas y cinta de papel microperforada para tratamiento de uniones.;materiales;kg;CO;COP;3285.0825;;;"Precio base USD convertido; respaldo provisional, revisar con proveedor";2026-08-19;provisional;por_verificar;no;base;"Respaldo convertido desde el precio base USD; no es precio local confirmado."
MT-PYL-PASTA;Pasta de juntas y cinta de papel microperforada para tratamiento de uniones.;materiales;kg;PE;PEN;3.5385;;;"Precio base USD convertido; respaldo provisional, revisar con proveedor";2026-08-19;provisional;por_verificar;no;base;"Respaldo convertido desde el precio base USD; no es precio local confirmado."
MT-PYL-PASTA;Pasta de juntas y cinta de papel microperforada para tratamiento de uniones.;materiales;kg;MX;MXN;17.913;;;"Precio base USD convertido; respaldo provisional, revisar con proveedor";2026-08-19;provisional;por_verificar;no;base;"Respaldo convertido desde el precio base USD; no es precio local confirmado."
MT-PYL-PASTA;Pasta de juntas y cinta de papel microperforada para tratamiento de uniones.;materiales;kg;EC;USD;1.05;;;"Precio base USD convertido; respaldo provisional, revisar con proveedor";2026-08-19;provisional;por_verificar;no;base;"Respaldo convertido desde el precio base USD; no es precio local confirmado."
MT-TORN;Tornillería y fijaciones mecánicas para montaje de estructura y placas.;materiales;ud;CO;COP;93.8595;;;"Precio base USD convertido; respaldo provisional, revisar con proveedor";2026-08-19;provisional;por_verificar;no;base;"Respaldo convertido desde el precio base USD; no es precio local confirmado."
MT-TORN;Tornillería y fijaciones mecánicas para montaje de estructura y placas.;materiales;ud;PE;PEN;0.1011;;;"Precio base USD convertido; respaldo provisional, revisar con proveedor";2026-08-19;provisional;por_verificar;no;base;"Respaldo convertido desde el precio base USD; no es precio local confirmado."
MT-TORN;Tornillería y fijaciones mecánicas para montaje de estructura y placas.;materiales;ud;MX;MXN;0.5118;;;"Precio base USD convertido; respaldo provisional, revisar con proveedor";2026-08-19;provisional;por_verificar;no;base;"Respaldo convertido desde el precio base USD; no es precio local confirmado."
MT-TORN;Tornillería y fijaciones mecánicas para montaje de estructura y placas.;materiales;ud;EC;USD;0.03;;;"Precio base USD convertido; respaldo provisional, revisar con proveedor";2026-08-19;provisional;por_verificar;no;base;"Respaldo convertido desde el precio base USD; no es precio local confirmado."
MT-PIN-FONDO;Fondo fijador o sellador acrílico al agua, para consolidar y regular la absorción de paramentos interiores.;materiales;l;CO;COP;8586.525759577278;;;docs/INVESTIGACION_PRECIOS_RONDA_1.md;2026-08-19;referencia;por_verificar;no_confirmado;nacional;"Referencia central; validar presentación y proveedor."
MT-PIN-FONDO;Fondo fijador o sellador acrílico al agua, para consolidar y regular la absorción de paramentos interiores.;materiales;l;PE;PEN;18;;;docs/INVESTIGACION_PRECIOS_RONDA_1.md;2026-08-19;referencia;por_verificar;no_confirmado;nacional;"Referencia central; validar presentación y proveedor."
MT-PIN-FONDO;Fondo fijador o sellador acrílico al agua, para consolidar y regular la absorción de paramentos interiores.;materiales;l;MX;MXN;140;;;docs/INVESTIGACION_PRECIOS_RONDA_1.md;2026-08-19;referencia;por_verificar;no_confirmado;nacional;"Referencia central; validar presentación y proveedor."
MT-PIN-FONDO;Fondo fijador o sellador acrílico al agua, para consolidar y regular la absorción de paramentos interiores.;materiales;l;EC;USD;16;;;docs/INVESTIGACION_PRECIOS_RONDA_1.md;2026-08-19;referencia;por_verificar;no_confirmado;nacional;"Referencia central; validar presentación y proveedor."
MT-PIN-CAUCHO;Pintura de caucho acrílico mate lavable para interiores, base blanca tintable.;materiales;l;CO;COP;16036.988110964332;;;docs/INVESTIGACION_PRECIOS_RONDA_1.md;2026-08-19;referencia;por_verificar;no_confirmado;nacional;"Referencia central; validar presentación y proveedor."
MT-PIN-CAUCHO;Pintura de caucho acrílico mate lavable para interiores, base blanca tintable.;materiales;l;PE;PEN;55;;;docs/INVESTIGACION_PRECIOS_RONDA_1.md;2026-08-19;referencia;por_verificar;no_confirmado;nacional;"Referencia central; validar presentación y proveedor."
MT-PIN-CAUCHO;Pintura de caucho acrílico mate lavable para interiores, base blanca tintable.;materiales;l;MX;MXN;180;;;docs/INVESTIGACION_PRECIOS_RONDA_1.md;2026-08-19;referencia;por_verificar;no_confirmado;nacional;"Referencia central; validar presentación y proveedor."
MT-PIN-CAUCHO;Pintura de caucho acrílico mate lavable para interiores, base blanca tintable.;materiales;l;EC;USD;17;;;docs/INVESTIGACION_PRECIOS_RONDA_1.md;2026-08-19;referencia;por_verificar;no_confirmado;nacional;"Referencia central; validar presentación y proveedor."
MT-PIN-ESMALTE;Esmalte sintético brillante para carpintería metálica y de madera.;materiales;l;CO;COP;23152.01;;;"Precio base USD convertido; respaldo provisional, revisar con proveedor";2026-08-19;provisional;por_verificar;no;base;"Respaldo convertido desde el precio base USD; no es precio local confirmado."
MT-PIN-ESMALTE;Esmalte sintético brillante para carpintería metálica y de madera.;materiales;l;PE;PEN;24.938;;;"Precio base USD convertido; respaldo provisional, revisar con proveedor";2026-08-19;provisional;por_verificar;no;base;"Respaldo convertido desde el precio base USD; no es precio local confirmado."
MT-PIN-ESMALTE;Esmalte sintético brillante para carpintería metálica y de madera.;materiales;l;MX;MXN;126.244;;;"Precio base USD convertido; respaldo provisional, revisar con proveedor";2026-08-19;provisional;por_verificar;no;base;"Respaldo convertido desde el precio base USD; no es precio local confirmado."
MT-PIN-ESMALTE;Esmalte sintético brillante para carpintería metálica y de madera.;materiales;l;EC;USD;7.4;;;"Precio base USD convertido; respaldo provisional, revisar con proveedor";2026-08-19;provisional;por_verificar;no;base;"Respaldo convertido desde el precio base USD; no es precio local confirmado."
MT-PIN-MASILLA;Masilla de reparación en pasta para alisado de paramentos interiores.;materiales;kg;CO;COP;3321.4285714285716;;;docs/INVESTIGACION_PRECIOS_RONDA_1.md;2026-08-19;referencia;por_verificar;no_confirmado;nacional;"Referencia central; validar presentación y proveedor."
MT-PIN-MASILLA;Masilla de reparación en pasta para alisado de paramentos interiores.;materiales;kg;PE;PEN;2.5;;;docs/INVESTIGACION_PRECIOS_RONDA_1.md;2026-08-19;referencia;por_verificar;no_confirmado;nacional;"Referencia central; validar presentación y proveedor."
MT-PIN-MASILLA;Masilla de reparación en pasta para alisado de paramentos interiores.;materiales;kg;MX;MXN;12;;;docs/INVESTIGACION_PRECIOS_RONDA_1.md;2026-08-19;referencia;por_verificar;no_confirmado;nacional;"Referencia central; validar presentación y proveedor."
MT-PIN-MASILLA;Masilla de reparación en pasta para alisado de paramentos interiores.;materiales;kg;EC;USD;1.5;;;docs/INVESTIGACION_PRECIOS_RONDA_1.md;2026-08-19;referencia;por_verificar;no_confirmado;nacional;"Referencia central; validar presentación y proveedor."
MT-PIN-LIJA;Lija, cinta de enmascarar y plástico de protección. Consumibles de preparación y protección.;materiales;ud;CO;COP;2659.3525;;;"Precio base USD convertido; respaldo provisional, revisar con proveedor";2026-08-19;provisional;por_verificar;no;base;"Respaldo convertido desde el precio base USD; no es precio local confirmado."
MT-PIN-LIJA;Lija, cinta de enmascarar y plástico de protección. Consumibles de preparación y protección.;materiales;ud;PE;PEN;2.8645;;;"Precio base USD convertido; respaldo provisional, revisar con proveedor";2026-08-19;provisional;por_verificar;no;base;"Respaldo convertido desde el precio base USD; no es precio local confirmado."
MT-PIN-LIJA;Lija, cinta de enmascarar y plástico de protección. Consumibles de preparación y protección.;materiales;ud;MX;MXN;14.501;;;"Precio base USD convertido; respaldo provisional, revisar con proveedor";2026-08-19;provisional;por_verificar;no;base;"Respaldo convertido desde el precio base USD; no es precio local confirmado."
MT-PIN-LIJA;Lija, cinta de enmascarar y plástico de protección. Consumibles de preparación y protección.;materiales;ud;EC;USD;0.85;;;"Precio base USD convertido; respaldo provisional, revisar con proveedor";2026-08-19;provisional;por_verificar;no;base;"Respaldo convertido desde el precio base USD; no es precio local confirmado."
MT-PLO-PPR20;Tubería de polipropileno PPR de 20 mm para agua fría y caliente, con termofusión.;materiales;m;CO;COP;4692.975;;;"Precio base USD convertido; respaldo provisional, revisar con proveedor";2026-08-19;provisional;por_verificar;no;base;"Respaldo convertido desde el precio base USD; no es precio local confirmado."
MT-PLO-PPR20;Tubería de polipropileno PPR de 20 mm para agua fría y caliente, con termofusión.;materiales;m;PE;PEN;5.055;;;"Precio base USD convertido; respaldo provisional, revisar con proveedor";2026-08-19;provisional;por_verificar;no;base;"Respaldo convertido desde el precio base USD; no es precio local confirmado."
MT-PLO-PPR20;Tubería de polipropileno PPR de 20 mm para agua fría y caliente, con termofusión.;materiales;m;MX;MXN;25.59;;;"Precio base USD convertido; respaldo provisional, revisar con proveedor";2026-08-19;provisional;por_verificar;no;base;"Respaldo convertido desde el precio base USD; no es precio local confirmado."
MT-PLO-PPR20;Tubería de polipropileno PPR de 20 mm para agua fría y caliente, con termofusión.;materiales;m;EC;USD;1.5;;;"Precio base USD convertido; respaldo provisional, revisar con proveedor";2026-08-19;provisional;por_verificar;no;base;"Respaldo convertido desde el precio base USD; no es precio local confirmado."
MT-PLO-ACC20;Accesorios de PPR de 20 mm: codos, tees, uniones y adaptadores roscados.;materiales;ud;CO;COP;2502.92;;;"Precio base USD convertido; respaldo provisional, revisar con proveedor";2026-08-19;provisional;por_verificar;no;base;"Respaldo convertido desde el precio base USD; no es precio local confirmado."
MT-PLO-ACC20;Accesorios de PPR de 20 mm: codos, tees, uniones y adaptadores roscados.;materiales;ud;PE;PEN;2.696;;;"Precio base USD convertido; respaldo provisional, revisar con proveedor";2026-08-19;provisional;por_verificar;no;base;"Respaldo convertido desde el precio base USD; no es precio local confirmado."
MT-PLO-ACC20;Accesorios de PPR de 20 mm: codos, tees, uniones y adaptadores roscados.;materiales;ud;MX;MXN;13.648;;;"Precio base USD convertido; respaldo provisional, revisar con proveedor";2026-08-19;provisional;por_verificar;no;base;"Respaldo convertido desde el precio base USD; no es precio local confirmado."
MT-PLO-ACC20;Accesorios de PPR de 20 mm: codos, tees, uniones y adaptadores roscados.;materiales;ud;EC;USD;0.8;;;"Precio base USD convertido; respaldo provisional, revisar con proveedor";2026-08-19;provisional;por_verificar;no;base;"Respaldo convertido desde el precio base USD; no es precio local confirmado."
MT-PLO-PVC4;Tubería de PVC sanitario de 4 pulgadas para desagüe, con junta cementada.;materiales;m;CO;COP;21750;;;docs/INVESTIGACION_PRECIOS_RONDA_1.md;2026-08-19;referencia;por_verificar;no_confirmado;nacional;"Referencia central; validar presentación y proveedor."
MT-PLO-PVC4;Tubería de PVC sanitario de 4 pulgadas para desagüe, con junta cementada.;materiales;m;PE;PEN;4.1;;;docs/INVESTIGACION_PRECIOS_RONDA_1.md;2026-08-19;referencia;por_verificar;no_confirmado;nacional;"Referencia central; validar presentación y proveedor."
MT-PLO-PVC4;Tubería de PVC sanitario de 4 pulgadas para desagüe, con junta cementada.;materiales;m;MX;MXN;4.1;;;docs/INVESTIGACION_PRECIOS_RONDA_1.md;2026-08-19;referencia;por_verificar;no_confirmado;nacional;"Referencia central; validar presentación y proveedor."
MT-PLO-PVC4;Tubería de PVC sanitario de 4 pulgadas para desagüe, con junta cementada.;materiales;m;EC;USD;4.8;;;docs/INVESTIGACION_PRECIOS_RONDA_1.md;2026-08-19;referencia;por_verificar;no_confirmado;nacional;"Referencia central; validar presentación y proveedor."
MT-PLO-ACC4;Accesorios de PVC sanitario de 4 pulgadas: codos, yees, sifones y pegamento.;materiales;ud;CO;COP;9073.085;;;"Precio base USD convertido; respaldo provisional, revisar con proveedor";2026-08-19;provisional;por_verificar;no;base;"Respaldo convertido desde el precio base USD; no es precio local confirmado."
MT-PLO-ACC4;Accesorios de PVC sanitario de 4 pulgadas: codos, yees, sifones y pegamento.;materiales;ud;PE;PEN;9.773;;;"Precio base USD convertido; respaldo provisional, revisar con proveedor";2026-08-19;provisional;por_verificar;no;base;"Respaldo convertido desde el precio base USD; no es precio local confirmado."
MT-PLO-ACC4;Accesorios de PVC sanitario de 4 pulgadas: codos, yees, sifones y pegamento.;materiales;ud;MX;MXN;49.474;;;"Precio base USD convertido; respaldo provisional, revisar con proveedor";2026-08-19;provisional;por_verificar;no;base;"Respaldo convertido desde el precio base USD; no es precio local confirmado."
MT-PLO-ACC4;Accesorios de PVC sanitario de 4 pulgadas: codos, yees, sifones y pegamento.;materiales;ud;EC;USD;2.9;;;"Precio base USD convertido; respaldo provisional, revisar con proveedor";2026-08-19;provisional;por_verificar;no;base;"Respaldo convertido desde el precio base USD; no es precio local confirmado."
MT-PLO-SOP;Abrazaderas, soportes y tacos de fijación para tubería.;materiales;ud;CO;COP;1407.8925;;;"Precio base USD convertido; respaldo provisional, revisar con proveedor";2026-08-19;provisional;por_verificar;no;base;"Respaldo convertido desde el precio base USD; no es precio local confirmado."
MT-PLO-SOP;Abrazaderas, soportes y tacos de fijación para tubería.;materiales;ud;PE;PEN;1.5165;;;"Precio base USD convertido; respaldo provisional, revisar con proveedor";2026-08-19;provisional;por_verificar;no;base;"Respaldo convertido desde el precio base USD; no es precio local confirmado."
MT-PLO-SOP;Abrazaderas, soportes y tacos de fijación para tubería.;materiales;ud;MX;MXN;7.677;;;"Precio base USD convertido; respaldo provisional, revisar con proveedor";2026-08-19;provisional;por_verificar;no;base;"Respaldo convertido desde el precio base USD; no es precio local confirmado."
MT-PLO-SOP;Abrazaderas, soportes y tacos de fijación para tubería.;materiales;ud;EC;USD;0.45;;;"Precio base USD convertido; respaldo provisional, revisar con proveedor";2026-08-19;provisional;por_verificar;no;base;"Respaldo convertido desde el precio base USD; no es precio local confirmado."
MT-ELE-TUB20;Tubería conduit corrugada de PVC de 20 mm para canalización eléctrica empotrada.;materiales;m;CO;COP;2500;;;docs/INVESTIGACION_PRECIOS_RONDA_1.md;2026-08-19;referencia;por_verificar;no_confirmado;nacional;"Referencia central; validar presentación y proveedor."
MT-ELE-TUB20;Tubería conduit corrugada de PVC de 20 mm para canalización eléctrica empotrada.;materiales;m;PE;PEN;1.2;;;docs/INVESTIGACION_PRECIOS_RONDA_1.md;2026-08-19;referencia;por_verificar;no_confirmado;nacional;"Referencia central; validar presentación y proveedor."
MT-ELE-TUB20;Tubería conduit corrugada de PVC de 20 mm para canalización eléctrica empotrada.;materiales;m;MX;MXN;18;;;docs/INVESTIGACION_PRECIOS_RONDA_1.md;2026-08-19;referencia;por_verificar;no_confirmado;nacional;"Referencia central; validar presentación y proveedor."
MT-ELE-TUB20;Tubería conduit corrugada de PVC de 20 mm para canalización eléctrica empotrada.;materiales;m;EC;USD;1.2;;;docs/INVESTIGACION_PRECIOS_RONDA_1.md;2026-08-19;referencia;por_verificar;no_confirmado;nacional;"Referencia central; validar presentación y proveedor."
MT-ELE-CABLE;Conductor de cobre THW calibre 12 AWG, aislamiento 600 V.;materiales;m;CO;COP;3975;;;docs/INVESTIGACION_PRECIOS_RONDA_1.md;2026-08-19;referencia;por_verificar;no_confirmado;nacional;"Referencia central; validar presentación y proveedor."
MT-ELE-CABLE;Conductor de cobre THW calibre 12 AWG, aislamiento 600 V.;materiales;m;PE;PEN;2.86;;;docs/INVESTIGACION_PRECIOS_RONDA_1.md;2026-08-19;referencia;por_verificar;no_confirmado;nacional;"Referencia central; validar presentación y proveedor."
MT-ELE-CABLE;Conductor de cobre THW calibre 12 AWG, aislamiento 600 V.;materiales;m;MX;MXN;0.95;;;docs/INVESTIGACION_PRECIOS_RONDA_1.md;2026-08-19;referencia;por_verificar;no_confirmado;nacional;"Referencia central; validar presentación y proveedor."
MT-ELE-CABLE;Conductor de cobre THW calibre 12 AWG, aislamiento 600 V.;materiales;m;EC;USD;0.9;;;docs/INVESTIGACION_PRECIOS_RONDA_1.md;2026-08-19;referencia;por_verificar;no_confirmado;nacional;"Referencia central; validar presentación y proveedor."
MT-ELE-CAJA;Caja de paso o de mecanismo, metálica o de PVC, para empotrar.;materiales;ud;CO;COP;3441.515;;;"Precio base USD convertido; respaldo provisional, revisar con proveedor";2026-08-19;provisional;por_verificar;no;base;"Respaldo convertido desde el precio base USD; no es precio local confirmado."
MT-ELE-CAJA;Caja de paso o de mecanismo, metálica o de PVC, para empotrar.;materiales;ud;PE;PEN;3.707;;;"Precio base USD convertido; respaldo provisional, revisar con proveedor";2026-08-19;provisional;por_verificar;no;base;"Respaldo convertido desde el precio base USD; no es precio local confirmado."
MT-ELE-CAJA;Caja de paso o de mecanismo, metálica o de PVC, para empotrar.;materiales;ud;MX;MXN;18.766;;;"Precio base USD convertido; respaldo provisional, revisar con proveedor";2026-08-19;provisional;por_verificar;no;base;"Respaldo convertido desde el precio base USD; no es precio local confirmado."
MT-ELE-CAJA;Caja de paso o de mecanismo, metálica o de PVC, para empotrar.;materiales;ud;EC;USD;1.1;;;"Precio base USD convertido; respaldo provisional, revisar con proveedor";2026-08-19;provisional;por_verificar;no;base;"Respaldo convertido desde el precio base USD; no es precio local confirmado."
MT-ELE-MECA;Mecanismo de interruptor o tomacorriente con placa, gama estándar.;materiales;ud;CO;COP;12000;;;docs/INVESTIGACION_PRECIOS_RONDA_1.md;2026-08-19;referencia;por_verificar;no_confirmado;nacional;"Referencia central; validar presentación y proveedor."
MT-ELE-MECA;Mecanismo de interruptor o tomacorriente con placa, gama estándar.;materiales;ud;PE;PEN;18;;;docs/INVESTIGACION_PRECIOS_RONDA_1.md;2026-08-19;referencia;por_verificar;no_confirmado;nacional;"Referencia central; validar presentación y proveedor."
MT-ELE-MECA;Mecanismo de interruptor o tomacorriente con placa, gama estándar.;materiales;ud;MX;MXN;90;;;docs/INVESTIGACION_PRECIOS_RONDA_1.md;2026-08-19;referencia;por_verificar;no_confirmado;nacional;"Referencia central; validar presentación y proveedor."
MT-ELE-MECA;Mecanismo de interruptor o tomacorriente con placa, gama estándar.;materiales;ud;EC;USD;6;;;docs/INVESTIGACION_PRECIOS_RONDA_1.md;2026-08-19;referencia;por_verificar;no_confirmado;nacional;"Referencia central; validar presentación y proveedor."
MT-YESO-REP;Yeso o mortero de reparación para el tapado de rozas.;materiales;kg;CO;COP;1564.325;;;"Precio base USD convertido; respaldo provisional, revisar con proveedor";2026-08-19;provisional;por_verificar;no;base;"Respaldo convertido desde el precio base USD; no es precio local confirmado."
MT-YESO-REP;Yeso o mortero de reparación para el tapado de rozas.;materiales;kg;PE;PEN;1.685;;;"Precio base USD convertido; respaldo provisional, revisar con proveedor";2026-08-19;provisional;por_verificar;no;base;"Respaldo convertido desde el precio base USD; no es precio local confirmado."
MT-YESO-REP;Yeso o mortero de reparación para el tapado de rozas.;materiales;kg;MX;MXN;8.53;;;"Precio base USD convertido; respaldo provisional, revisar con proveedor";2026-08-19;provisional;por_verificar;no;base;"Respaldo convertido desde el precio base USD; no es precio local confirmado."
MT-YESO-REP;Yeso o mortero de reparación para el tapado de rozas.;materiales;kg;EC;USD;0.5;;;"Precio base USD convertido; respaldo provisional, revisar con proveedor";2026-08-19;provisional;por_verificar;no;base;"Respaldo convertido desde el precio base USD; no es precio local confirmado."
MT-BLQ-10;Bloque de concreto hueco de 10x20x40 cm para tabiquería no estructural.;materiales;ud;CO;COP;1501.752;;;"Precio base USD convertido; respaldo provisional, revisar con proveedor";2026-08-19;provisional;por_verificar;no;base;"Respaldo convertido desde el precio base USD; no es precio local confirmado."
MT-BLQ-10;Bloque de concreto hueco de 10x20x40 cm para tabiquería no estructural.;materiales;ud;PE;PEN;1.6176;;;"Precio base USD convertido; respaldo provisional, revisar con proveedor";2026-08-19;provisional;por_verificar;no;base;"Respaldo convertido desde el precio base USD; no es precio local confirmado."
MT-BLQ-10;Bloque de concreto hueco de 10x20x40 cm para tabiquería no estructural.;materiales;ud;MX;MXN;8.1888;;;"Precio base USD convertido; respaldo provisional, revisar con proveedor";2026-08-19;provisional;por_verificar;no;base;"Respaldo convertido desde el precio base USD; no es precio local confirmado."
MT-BLQ-10;Bloque de concreto hueco de 10x20x40 cm para tabiquería no estructural.;materiales;ud;EC;USD;0.48;;;"Precio base USD convertido; respaldo provisional, revisar con proveedor";2026-08-19;provisional;por_verificar;no;base;"Respaldo convertido desde el precio base USD; no es precio local confirmado."
MT-MOR-PEGA;Mortero de pega para mampostería, elaborado en obra con cemento y arena lavada, dosificación 1:4.;materiales;m3;CO;COP;312614.708;;;"Precio base USD convertido; respaldo provisional, revisar con proveedor";2026-08-19;provisional;por_verificar;no;base;"Respaldo convertido desde el precio base USD; no es precio local confirmado."
MT-MOR-PEGA;Mortero de pega para mampostería, elaborado en obra con cemento y arena lavada, dosificación 1:4.;materiales;m3;PE;PEN;336.7304;;;"Precio base USD convertido; respaldo provisional, revisar con proveedor";2026-08-19;provisional;por_verificar;no;base;"Respaldo convertido desde el precio base USD; no es precio local confirmado."
MT-MOR-PEGA;Mortero de pega para mampostería, elaborado en obra con cemento y arena lavada, dosificación 1:4.;materiales;m3;MX;MXN;1704.6352;;;"Precio base USD convertido; respaldo provisional, revisar con proveedor";2026-08-19;provisional;por_verificar;no;base;"Respaldo convertido desde el precio base USD; no es precio local confirmado."
MT-MOR-PEGA;Mortero de pega para mampostería, elaborado en obra con cemento y arena lavada, dosificación 1:4.;materiales;m3;EC;USD;99.92;;;"Precio base USD convertido; respaldo provisional, revisar con proveedor";2026-08-19;provisional;por_verificar;no;base;"Respaldo convertido desde el precio base USD; no es precio local confirmado."
MT-MOR-FRISO;Mortero de friso para revestimiento de paramentos, elaborado en obra con cemento y arena cernida, dosificación 1:5.;materiales;m3;CO;COP;284556.9748;;;"Precio base USD convertido; respaldo provisional, revisar con proveedor";2026-08-19;provisional;por_verificar;no;base;"Respaldo convertido desde el precio base USD; no es precio local confirmado."
MT-MOR-FRISO;Mortero de friso para revestimiento de paramentos, elaborado en obra con cemento y arena cernida, dosificación 1:5.;materiales;m3;PE;PEN;306.50824;;;"Precio base USD convertido; respaldo provisional, revisar con proveedor";2026-08-19;provisional;por_verificar;no;base;"Respaldo convertido desde el precio base USD; no es precio local confirmado."
MT-MOR-FRISO;Mortero de friso para revestimiento de paramentos, elaborado en obra con cemento y arena cernida, dosificación 1:5.;materiales;m3;MX;MXN;1551.64112;;;"Precio base USD convertido; respaldo provisional, revisar con proveedor";2026-08-19;provisional;por_verificar;no;base;"Respaldo convertido desde el precio base USD; no es precio local confirmado."
MT-MOR-FRISO;Mortero de friso para revestimiento de paramentos, elaborado en obra con cemento y arena cernida, dosificación 1:5.;materiales;m3;EC;USD;90.952;;;"Precio base USD convertido; respaldo provisional, revisar con proveedor";2026-08-19;provisional;por_verificar;no;base;"Respaldo convertido desde el precio base USD; no es precio local confirmado."
MT-MALLA-ESQ;Cantonera metálica de esquina y malla de refuerzo para encuentros de friso.;materiales;m;CO;COP;2190.055;;;"Precio base USD convertido; respaldo provisional, revisar con proveedor";2026-08-19;provisional;por_verificar;no;base;"Respaldo convertido desde el precio base USD; no es precio local confirmado."
MT-MALLA-ESQ;Cantonera metálica de esquina y malla de refuerzo para encuentros de friso.;materiales;m;PE;PEN;2.359;;;"Precio base USD convertido; respaldo provisional, revisar con proveedor";2026-08-19;provisional;por_verificar;no;base;"Respaldo convertido desde el precio base USD; no es precio local confirmado."
MT-MALLA-ESQ;Cantonera metálica de esquina y malla de refuerzo para encuentros de friso.;materiales;m;MX;MXN;11.942;;;"Precio base USD convertido; respaldo provisional, revisar con proveedor";2026-08-19;provisional;por_verificar;no;base;"Respaldo convertido desde el precio base USD; no es precio local confirmado."
MT-MALLA-ESQ;Cantonera metálica de esquina y malla de refuerzo para encuentros de friso.;materiales;m;EC;USD;0.7;;;"Precio base USD convertido; respaldo provisional, revisar con proveedor";2026-08-19;provisional;por_verificar;no;base;"Respaldo convertido desde el precio base USD; no es precio local confirmado."
MT-PYL-PLACA125;Placa de yeso laminado estándar de 12,5 mm de espesor, borde afinado.;materiales;m2;CO;COP;16427.035743079818;;;docs/INVESTIGACION_PRECIOS_RONDA_1.md;2026-08-19;referencia;por_verificar;no_confirmado;nacional;"Referencia central; validar presentación y proveedor."
MT-PYL-PLACA125;Placa de yeso laminado estándar de 12,5 mm de espesor, borde afinado.;materiales;m2;PE;PEN;9.506852996506316;;;docs/INVESTIGACION_PRECIOS_RONDA_1.md;2026-08-19;referencia;por_verificar;no_confirmado;nacional;"Referencia central; validar presentación y proveedor."
MT-PYL-PLACA125;Placa de yeso laminado estándar de 12,5 mm de espesor, borde afinado.;materiales;m2;MX;MXN;70.54555227089493;;;docs/INVESTIGACION_PRECIOS_RONDA_1.md;2026-08-19;referencia;por_verificar;no_confirmado;nacional;"Referencia central; validar presentación y proveedor."
MT-PYL-PLACA125;Placa de yeso laminado estándar de 12,5 mm de espesor, borde afinado.;materiales;m2;EC;USD;3.5843859177640423;;;docs/INVESTIGACION_PRECIOS_RONDA_1.md;2026-08-19;referencia;por_verificar;no_confirmado;nacional;"Referencia central; validar presentación y proveedor."
MT-PYL-PERF-CR;Perfilería de acero galvanizado para cielo raso suspendido: maestras, ángulo perimetral, horquillas y varilla de cuelgue.;materiales;m2;CO;COP;11263.14;;;"Precio base USD convertido; respaldo provisional, revisar con proveedor";2026-08-19;provisional;por_verificar;no;base;"Respaldo convertido desde el precio base USD; no es precio local confirmado."
MT-PYL-PERF-CR;Perfilería de acero galvanizado para cielo raso suspendido: maestras, ángulo perimetral, horquillas y varilla de cuelgue.;materiales;m2;PE;PEN;12.132;;;"Precio base USD convertido; respaldo provisional, revisar con proveedor";2026-08-19;provisional;por_verificar;no;base;"Respaldo convertido desde el precio base USD; no es precio local confirmado."
MT-PYL-PERF-CR;Perfilería de acero galvanizado para cielo raso suspendido: maestras, ángulo perimetral, horquillas y varilla de cuelgue.;materiales;m2;MX;MXN;61.416;;;"Precio base USD convertido; respaldo provisional, revisar con proveedor";2026-08-19;provisional;por_verificar;no;base;"Respaldo convertido desde el precio base USD; no es precio local confirmado."
MT-PYL-PERF-CR;Perfilería de acero galvanizado para cielo raso suspendido: maestras, ángulo perimetral, horquillas y varilla de cuelgue.;materiales;m2;EC;USD;3.6;;;"Precio base USD convertido; respaldo provisional, revisar con proveedor";2026-08-19;provisional;por_verificar;no;base;"Respaldo convertido desde el precio base USD; no es precio local confirmado."
MT-PLO-LLAVE;Llave de paso de PPR de 20 mm, de esfera, para empotrar.;materiales;ud;CO;COP;14078.925;;;"Precio base USD convertido; respaldo provisional, revisar con proveedor";2026-08-19;provisional;por_verificar;no;base;"Respaldo convertido desde el precio base USD; no es precio local confirmado."
MT-PLO-LLAVE;Llave de paso de PPR de 20 mm, de esfera, para empotrar.;materiales;ud;PE;PEN;15.165;;;"Precio base USD convertido; respaldo provisional, revisar con proveedor";2026-08-19;provisional;por_verificar;no;base;"Respaldo convertido desde el precio base USD; no es precio local confirmado."
MT-PLO-LLAVE;Llave de paso de PPR de 20 mm, de esfera, para empotrar.;materiales;ud;MX;MXN;76.77;;;"Precio base USD convertido; respaldo provisional, revisar con proveedor";2026-08-19;provisional;por_verificar;no;base;"Respaldo convertido desde el precio base USD; no es precio local confirmado."
MT-PLO-LLAVE;Llave de paso de PPR de 20 mm, de esfera, para empotrar.;materiales;ud;EC;USD;4.5;;;"Precio base USD convertido; respaldo provisional, revisar con proveedor";2026-08-19;provisional;por_verificar;no;base;"Respaldo convertido desde el precio base USD; no es precio local confirmado."
MT-PLO-ABASTO;Tubo de abasto flexible con sus racores y accesorios de conexión a aparato.;materiales;ud;CO;COP;10011.68;;;"Precio base USD convertido; respaldo provisional, revisar con proveedor";2026-08-19;provisional;por_verificar;no;base;"Respaldo convertido desde el precio base USD; no es precio local confirmado."
MT-PLO-ABASTO;Tubo de abasto flexible con sus racores y accesorios de conexión a aparato.;materiales;ud;PE;PEN;10.784;;;"Precio base USD convertido; respaldo provisional, revisar con proveedor";2026-08-19;provisional;por_verificar;no;base;"Respaldo convertido desde el precio base USD; no es precio local confirmado."
MT-PLO-ABASTO;Tubo de abasto flexible con sus racores y accesorios de conexión a aparato.;materiales;ud;MX;MXN;54.592;;;"Precio base USD convertido; respaldo provisional, revisar con proveedor";2026-08-19;provisional;por_verificar;no;base;"Respaldo convertido desde el precio base USD; no es precio local confirmado."
MT-PLO-ABASTO;Tubo de abasto flexible con sus racores y accesorios de conexión a aparato.;materiales;ud;EC;USD;3.2;;;"Precio base USD convertido; respaldo provisional, revisar con proveedor";2026-08-19;provisional;por_verificar;no;base;"Respaldo convertido desde el precio base USD; no es precio local confirmado."
MT-PLO-DESAG;Accesorios de desagüe para aparato sanitario: sifón, brida, adaptadores y pegamento.;materiales;ud;CO;COP;16894.71;;;"Precio base USD convertido; respaldo provisional, revisar con proveedor";2026-08-19;provisional;por_verificar;no;base;"Respaldo convertido desde el precio base USD; no es precio local confirmado."
MT-PLO-DESAG;Accesorios de desagüe para aparato sanitario: sifón, brida, adaptadores y pegamento.;materiales;ud;PE;PEN;18.198;;;"Precio base USD convertido; respaldo provisional, revisar con proveedor";2026-08-19;provisional;por_verificar;no;base;"Respaldo convertido desde el precio base USD; no es precio local confirmado."
MT-PLO-DESAG;Accesorios de desagüe para aparato sanitario: sifón, brida, adaptadores y pegamento.;materiales;ud;MX;MXN;92.124;;;"Precio base USD convertido; respaldo provisional, revisar con proveedor";2026-08-19;provisional;por_verificar;no;base;"Respaldo convertido desde el precio base USD; no es precio local confirmado."
MT-PLO-DESAG;Accesorios de desagüe para aparato sanitario: sifón, brida, adaptadores y pegamento.;materiales;ud;EC;USD;5.4;;;"Precio base USD convertido; respaldo provisional, revisar con proveedor";2026-08-19;provisional;por_verificar;no;base;"Respaldo convertido desde el precio base USD; no es precio local confirmado."
MT-SAN-FIJA;Kit de fijación de aparato sanitario: anclajes, anillo de cera y tornillería.;materiales;ud;CO;COP;15017.52;;;"Precio base USD convertido; respaldo provisional, revisar con proveedor";2026-08-19;provisional;por_verificar;no;base;"Respaldo convertido desde el precio base USD; no es precio local confirmado."
MT-SAN-FIJA;Kit de fijación de aparato sanitario: anclajes, anillo de cera y tornillería.;materiales;ud;PE;PEN;16.176;;;"Precio base USD convertido; respaldo provisional, revisar con proveedor";2026-08-19;provisional;por_verificar;no;base;"Respaldo convertido desde el precio base USD; no es precio local confirmado."
MT-SAN-FIJA;Kit de fijación de aparato sanitario: anclajes, anillo de cera y tornillería.;materiales;ud;MX;MXN;81.888;;;"Precio base USD convertido; respaldo provisional, revisar con proveedor";2026-08-19;provisional;por_verificar;no;base;"Respaldo convertido desde el precio base USD; no es precio local confirmado."
MT-SAN-FIJA;Kit de fijación de aparato sanitario: anclajes, anillo de cera y tornillería.;materiales;ud;EC;USD;4.8;;;"Precio base USD convertido; respaldo provisional, revisar con proveedor";2026-08-19;provisional;por_verificar;no;base;"Respaldo convertido desde el precio base USD; no es precio local confirmado."
MT-SIL-SAN;Cartucho de silicona sanitaria antihongos para sellado de aparatos.;materiales;ud;CO;COP;37543.8;;;"Precio base USD convertido; respaldo provisional, revisar con proveedor";2026-08-19;provisional;por_verificar;no;base;"Respaldo convertido desde el precio base USD; no es precio local confirmado."
MT-SIL-SAN;Cartucho de silicona sanitaria antihongos para sellado de aparatos.;materiales;ud;PE;PEN;40.44;;;"Precio base USD convertido; respaldo provisional, revisar con proveedor";2026-08-19;provisional;por_verificar;no;base;"Respaldo convertido desde el precio base USD; no es precio local confirmado."
MT-SIL-SAN;Cartucho de silicona sanitaria antihongos para sellado de aparatos.;materiales;ud;MX;MXN;204.72;;;"Precio base USD convertido; respaldo provisional, revisar con proveedor";2026-08-19;provisional;por_verificar;no;base;"Respaldo convertido desde el precio base USD; no es precio local confirmado."
MT-SIL-SAN;Cartucho de silicona sanitaria antihongos para sellado de aparatos.;materiales;ud;EC;USD;12;;;"Precio base USD convertido; respaldo provisional, revisar con proveedor";2026-08-19;provisional;por_verificar;no;base;"Respaldo convertido desde el precio base USD; no es precio local confirmado."
MT-CANON;Canon de vertido en vertedero o botadero autorizado.;materiales;m3;CO;COP;10950.275;;;"Precio base USD convertido; respaldo provisional, revisar con proveedor";2026-08-19;provisional;por_verificar;no;base;"Respaldo convertido desde el precio base USD; no es precio local confirmado."
MT-CANON;Canon de vertido en vertedero o botadero autorizado.;materiales;m3;PE;PEN;11.795;;;"Precio base USD convertido; respaldo provisional, revisar con proveedor";2026-08-19;provisional;por_verificar;no;base;"Respaldo convertido desde el precio base USD; no es precio local confirmado."
MT-CANON;Canon de vertido en vertedero o botadero autorizado.;materiales;m3;MX;MXN;59.71;;;"Precio base USD convertido; respaldo provisional, revisar con proveedor";2026-08-19;provisional;por_verificar;no;base;"Respaldo convertido desde el precio base USD; no es precio local confirmado."
MT-CANON;Canon de vertido en vertedero o botadero autorizado.;materiales;m3;EC;USD;3.5;;;"Precio base USD convertido; respaldo provisional, revisar con proveedor";2026-08-19;provisional;por_verificar;no;base;"Respaldo convertido desde el precio base USD; no es precio local confirmado."
MT-CONS-DEM;Consumibles de demolición: puntas y cinceles de martillo, discos de corte y hojas de espátula.;materiales;ud;CO;COP;3441.515;;;"Precio base USD convertido; respaldo provisional, revisar con proveedor";2026-08-19;provisional;por_verificar;no;base;"Respaldo convertido desde el precio base USD; no es precio local confirmado."
MT-CONS-DEM;Consumibles de demolición: puntas y cinceles de martillo, discos de corte y hojas de espátula.;materiales;ud;PE;PEN;3.707;;;"Precio base USD convertido; respaldo provisional, revisar con proveedor";2026-08-19;provisional;por_verificar;no;base;"Respaldo convertido desde el precio base USD; no es precio local confirmado."
MT-CONS-DEM;Consumibles de demolición: puntas y cinceles de martillo, discos de corte y hojas de espátula.;materiales;ud;MX;MXN;18.766;;;"Precio base USD convertido; respaldo provisional, revisar con proveedor";2026-08-19;provisional;por_verificar;no;base;"Respaldo convertido desde el precio base USD; no es precio local confirmado."
MT-CONS-DEM;Consumibles de demolición: puntas y cinceles de martillo, discos de corte y hojas de espátula.;materiales;ud;EC;USD;1.1;;;"Precio base USD convertido; respaldo provisional, revisar con proveedor";2026-08-19;provisional;por_verificar;no;base;"Respaldo convertido desde el precio base USD; no es precio local confirmado."
MT-PROT-OBRA;Protección de obra con plástico, cartón corrugado y cinta de enmascarar.;materiales;m2;CO;COP;1095.0275;;;"Precio base USD convertido; respaldo provisional, revisar con proveedor";2026-08-19;provisional;por_verificar;no;base;"Respaldo convertido desde el precio base USD; no es precio local confirmado."
MT-PROT-OBRA;Protección de obra con plástico, cartón corrugado y cinta de enmascarar.;materiales;m2;PE;PEN;1.1795;;;"Precio base USD convertido; respaldo provisional, revisar con proveedor";2026-08-19;provisional;por_verificar;no;base;"Respaldo convertido desde el precio base USD; no es precio local confirmado."
MT-PROT-OBRA;Protección de obra con plástico, cartón corrugado y cinta de enmascarar.;materiales;m2;MX;MXN;5.971;;;"Precio base USD convertido; respaldo provisional, revisar con proveedor";2026-08-19;provisional;por_verificar;no;base;"Respaldo convertido desde el precio base USD; no es precio local confirmado."
MT-PROT-OBRA;Protección de obra con plástico, cartón corrugado y cinta de enmascarar.;materiales;m2;EC;USD;0.35;;;"Precio base USD convertido; respaldo provisional, revisar con proveedor";2026-08-19;provisional;por_verificar;no;base;"Respaldo convertido desde el precio base USD; no es precio local confirmado."
MT-DISOL-ADH;Disolvente removedor de adhesivos para levantado de pisos vinílicos y alfombras.;materiales;l;CO;COP;16268.98;;;"Precio base USD convertido; respaldo provisional, revisar con proveedor";2026-08-19;provisional;por_verificar;no;base;"Respaldo convertido desde el precio base USD; no es precio local confirmado."
MT-DISOL-ADH;Disolvente removedor de adhesivos para levantado de pisos vinílicos y alfombras.;materiales;l;PE;PEN;17.524;;;"Precio base USD convertido; respaldo provisional, revisar con proveedor";2026-08-19;provisional;por_verificar;no;base;"Respaldo convertido desde el precio base USD; no es precio local confirmado."
MT-DISOL-ADH;Disolvente removedor de adhesivos para levantado de pisos vinílicos y alfombras.;materiales;l;MX;MXN;88.712;;;"Precio base USD convertido; respaldo provisional, revisar con proveedor";2026-08-19;provisional;por_verificar;no;base;"Respaldo convertido desde el precio base USD; no es precio local confirmado."
MT-DISOL-ADH;Disolvente removedor de adhesivos para levantado de pisos vinílicos y alfombras.;materiales;l;EC;USD;5.2;;;"Precio base USD convertido; respaldo provisional, revisar con proveedor";2026-08-19;provisional;por_verificar;no;base;"Respaldo convertido desde el precio base USD; no es precio local confirmado."
MT-DECAP;Decapante químico en gel para eliminación de capas de pintura en paramentos.;materiales;l;CO;COP;20336.225;;;"Precio base USD convertido; respaldo provisional, revisar con proveedor";2026-08-19;provisional;por_verificar;no;base;"Respaldo convertido desde el precio base USD; no es precio local confirmado."
MT-DECAP;Decapante químico en gel para eliminación de capas de pintura en paramentos.;materiales;l;PE;PEN;21.905;;;"Precio base USD convertido; respaldo provisional, revisar con proveedor";2026-08-19;provisional;por_verificar;no;base;"Respaldo convertido desde el precio base USD; no es precio local confirmado."
MT-DECAP;Decapante químico en gel para eliminación de capas de pintura en paramentos.;materiales;l;MX;MXN;110.89;;;"Precio base USD convertido; respaldo provisional, revisar con proveedor";2026-08-19;provisional;por_verificar;no;base;"Respaldo convertido desde el precio base USD; no es precio local confirmado."
MT-DECAP;Decapante químico en gel para eliminación de capas de pintura en paramentos.;materiales;l;EC;USD;6.5;;;"Precio base USD convertido; respaldo provisional, revisar con proveedor";2026-08-19;provisional;por_verificar;no;base;"Respaldo convertido desde el precio base USD; no es precio local confirmado."
MT-VAPOR;Solución humectante para reblandecimiento de papel tapiz y pegamentos murales.;materiales;l;CO;COP;7508.76;;;"Precio base USD convertido; respaldo provisional, revisar con proveedor";2026-08-19;provisional;por_verificar;no;base;"Respaldo convertido desde el precio base USD; no es precio local confirmado."
MT-VAPOR;Solución humectante para reblandecimiento de papel tapiz y pegamentos murales.;materiales;l;PE;PEN;8.088;;;"Precio base USD convertido; respaldo provisional, revisar con proveedor";2026-08-19;provisional;por_verificar;no;base;"Respaldo convertido desde el precio base USD; no es precio local confirmado."
MT-VAPOR;Solución humectante para reblandecimiento de papel tapiz y pegamentos murales.;materiales;l;MX;MXN;40.944;;;"Precio base USD convertido; respaldo provisional, revisar con proveedor";2026-08-19;provisional;por_verificar;no;base;"Respaldo convertido desde el precio base USD; no es precio local confirmado."
MT-VAPOR;Solución humectante para reblandecimiento de papel tapiz y pegamentos murales.;materiales;l;EC;USD;2.4;;;"Precio base USD convertido; respaldo provisional, revisar con proveedor";2026-08-19;provisional;por_verificar;no;base;"Respaldo convertido desde el precio base USD; no es precio local confirmado."
MT-APEO;Puntal metálico telescópico y madera de apeo, con amortización por uso.;materiales;ud;CO;COP;6883.03;;;"Precio base USD convertido; respaldo provisional, revisar con proveedor";2026-08-19;provisional;por_verificar;no;base;"Respaldo convertido desde el precio base USD; no es precio local confirmado."
MT-APEO;Puntal metálico telescópico y madera de apeo, con amortización por uso.;materiales;ud;PE;PEN;7.414;;;"Precio base USD convertido; respaldo provisional, revisar con proveedor";2026-08-19;provisional;por_verificar;no;base;"Respaldo convertido desde el precio base USD; no es precio local confirmado."
MT-APEO;Puntal metálico telescópico y madera de apeo, con amortización por uso.;materiales;ud;MX;MXN;37.532;;;"Precio base USD convertido; respaldo provisional, revisar con proveedor";2026-08-19;provisional;por_verificar;no;base;"Respaldo convertido desde el precio base USD; no es precio local confirmado."
MT-APEO;Puntal metálico telescópico y madera de apeo, con amortización por uso.;materiales;ud;EC;USD;2.2;;;"Precio base USD convertido; respaldo provisional, revisar con proveedor";2026-08-19;provisional;por_verificar;no;base;"Respaldo convertido desde el precio base USD; no es precio local confirmado."
MT-OXI-CONS;Consumibles de oxicorte y soldadura: gas, boquillas y discos de corte de metal.;materiales;ud;CO;COP;12201.735;;;"Precio base USD convertido; respaldo provisional, revisar con proveedor";2026-08-19;provisional;por_verificar;no;base;"Respaldo convertido desde el precio base USD; no es precio local confirmado."
MT-OXI-CONS;Consumibles de oxicorte y soldadura: gas, boquillas y discos de corte de metal.;materiales;ud;PE;PEN;13.143;;;"Precio base USD convertido; respaldo provisional, revisar con proveedor";2026-08-19;provisional;por_verificar;no;base;"Respaldo convertido desde el precio base USD; no es precio local confirmado."
MT-OXI-CONS;Consumibles de oxicorte y soldadura: gas, boquillas y discos de corte de metal.;materiales;ud;MX;MXN;66.534;;;"Precio base USD convertido; respaldo provisional, revisar con proveedor";2026-08-19;provisional;por_verificar;no;base;"Respaldo convertido desde el precio base USD; no es precio local confirmado."
MT-OXI-CONS;Consumibles de oxicorte y soldadura: gas, boquillas y discos de corte de metal.;materiales;ud;EC;USD;3.9;;;"Precio base USD convertido; respaldo provisional, revisar con proveedor";2026-08-19;provisional;por_verificar;no;base;"Respaldo convertido desde el precio base USD; no es precio local confirmado."
MT-PROT-CARTON;Cartón corrugado en rollo para protección de pisos y superficies terminadas durante la obra.;materiales;m2;CO;COP;1407.8925;;;"Precio base USD convertido; respaldo provisional, revisar con proveedor";2026-08-19;provisional;por_verificar;no;base;"Respaldo convertido desde el precio base USD; no es precio local confirmado."
MT-PROT-CARTON;Cartón corrugado en rollo para protección de pisos y superficies terminadas durante la obra.;materiales;m2;PE;PEN;1.5165;;;"Precio base USD convertido; respaldo provisional, revisar con proveedor";2026-08-19;provisional;por_verificar;no;base;"Respaldo convertido desde el precio base USD; no es precio local confirmado."
MT-PROT-CARTON;Cartón corrugado en rollo para protección de pisos y superficies terminadas durante la obra.;materiales;m2;MX;MXN;7.677;;;"Precio base USD convertido; respaldo provisional, revisar con proveedor";2026-08-19;provisional;por_verificar;no;base;"Respaldo convertido desde el precio base USD; no es precio local confirmado."
MT-PROT-CARTON;Cartón corrugado en rollo para protección de pisos y superficies terminadas durante la obra.;materiales;m2;EC;USD;0.45;;;"Precio base USD convertido; respaldo provisional, revisar con proveedor";2026-08-19;provisional;por_verificar;no;base;"Respaldo convertido desde el precio base USD; no es precio local confirmado."
MT-PROT-PLAST;Lámina de polietileno para protección de mobiliario, cerramiento de ambientes y barreras antipolvo.;materiales;m2;CO;COP;876.022;;;"Precio base USD convertido; respaldo provisional, revisar con proveedor";2026-08-19;provisional;por_verificar;no;base;"Respaldo convertido desde el precio base USD; no es precio local confirmado."
MT-PROT-PLAST;Lámina de polietileno para protección de mobiliario, cerramiento de ambientes y barreras antipolvo.;materiales;m2;PE;PEN;0.9436;;;"Precio base USD convertido; respaldo provisional, revisar con proveedor";2026-08-19;provisional;por_verificar;no;base;"Respaldo convertido desde el precio base USD; no es precio local confirmado."
MT-PROT-PLAST;Lámina de polietileno para protección de mobiliario, cerramiento de ambientes y barreras antipolvo.;materiales;m2;MX;MXN;4.7768;;;"Precio base USD convertido; respaldo provisional, revisar con proveedor";2026-08-19;provisional;por_verificar;no;base;"Respaldo convertido desde el precio base USD; no es precio local confirmado."
MT-PROT-PLAST;Lámina de polietileno para protección de mobiliario, cerramiento de ambientes y barreras antipolvo.;materiales;m2;EC;USD;0.28;;;"Precio base USD convertido; respaldo provisional, revisar con proveedor";2026-08-19;provisional;por_verificar;no;base;"Respaldo convertido desde el precio base USD; no es precio local confirmado."
MT-CINTA-ENM;Rollo de cinta de enmascarar y cinta adhesiva de embalaje para fijación de protecciones.;materiales;ud;CO;COP;3754.38;;;"Precio base USD convertido; respaldo provisional, revisar con proveedor";2026-08-19;provisional;por_verificar;no;base;"Respaldo convertido desde el precio base USD; no es precio local confirmado."
MT-CINTA-ENM;Rollo de cinta de enmascarar y cinta adhesiva de embalaje para fijación de protecciones.;materiales;ud;PE;PEN;4.044;;;"Precio base USD convertido; respaldo provisional, revisar con proveedor";2026-08-19;provisional;por_verificar;no;base;"Respaldo convertido desde el precio base USD; no es precio local confirmado."
MT-CINTA-ENM;Rollo de cinta de enmascarar y cinta adhesiva de embalaje para fijación de protecciones.;materiales;ud;MX;MXN;20.472;;;"Precio base USD convertido; respaldo provisional, revisar con proveedor";2026-08-19;provisional;por_verificar;no;base;"Respaldo convertido desde el precio base USD; no es precio local confirmado."
MT-CINTA-ENM;Rollo de cinta de enmascarar y cinta adhesiva de embalaje para fijación de protecciones.;materiales;ud;EC;USD;1.2;;;"Precio base USD convertido; respaldo provisional, revisar con proveedor";2026-08-19;provisional;por_verificar;no;base;"Respaldo convertido desde el precio base USD; no es precio local confirmado."
MT-ZIPPER;Cierre tipo cremallera autoadhesivo para paso de personal a través de barrera antipolvo.;materiales;ud;CO;COP;11888.87;;;"Precio base USD convertido; respaldo provisional, revisar con proveedor";2026-08-19;provisional;por_verificar;no;base;"Respaldo convertido desde el precio base USD; no es precio local confirmado."
MT-ZIPPER;Cierre tipo cremallera autoadhesivo para paso de personal a través de barrera antipolvo.;materiales;ud;PE;PEN;12.806;;;"Precio base USD convertido; respaldo provisional, revisar con proveedor";2026-08-19;provisional;por_verificar;no;base;"Respaldo convertido desde el precio base USD; no es precio local confirmado."
MT-ZIPPER;Cierre tipo cremallera autoadhesivo para paso de personal a través de barrera antipolvo.;materiales;ud;MX;MXN;64.828;;;"Precio base USD convertido; respaldo provisional, revisar con proveedor";2026-08-19;provisional;por_verificar;no;base;"Respaldo convertido desde el precio base USD; no es precio local confirmado."
MT-ZIPPER;Cierre tipo cremallera autoadhesivo para paso de personal a través de barrera antipolvo.;materiales;ud;EC;USD;3.8;;;"Precio base USD convertido; respaldo provisional, revisar con proveedor";2026-08-19;provisional;por_verificar;no;base;"Respaldo convertido desde el precio base USD; no es precio local confirmado."
MT-MADERA-LISTON;Listón de madera de obra para bastidores, marcos de cerramiento provisional y rastreles.;materiales;m;CO;COP;6100.8675;;;"Precio base USD convertido; respaldo provisional, revisar con proveedor";2026-08-19;provisional;por_verificar;no;base;"Respaldo convertido desde el precio base USD; no es precio local confirmado."
MT-MADERA-LISTON;Listón de madera de obra para bastidores, marcos de cerramiento provisional y rastreles.;materiales;m;PE;PEN;6.5715;;;"Precio base USD convertido; respaldo provisional, revisar con proveedor";2026-08-19;provisional;por_verificar;no;base;"Respaldo convertido desde el precio base USD; no es precio local confirmado."
MT-MADERA-LISTON;Listón de madera de obra para bastidores, marcos de cerramiento provisional y rastreles.;materiales;m;MX;MXN;33.267;;;"Precio base USD convertido; respaldo provisional, revisar con proveedor";2026-08-19;provisional;por_verificar;no;base;"Respaldo convertido desde el precio base USD; no es precio local confirmado."
MT-MADERA-LISTON;Listón de madera de obra para bastidores, marcos de cerramiento provisional y rastreles.;materiales;m;EC;USD;1.95;;;"Precio base USD convertido; respaldo provisional, revisar con proveedor";2026-08-19;provisional;por_verificar;no;base;"Respaldo convertido desde el precio base USD; no es precio local confirmado."
MT-LAMINA-OSB;Lámina de madera contrachapada u OSB para cerramiento provisional de vanos y protecciones rígidas.;materiales;m2;CO;COP;32850.825;;;"Precio base USD convertido; respaldo provisional, revisar con proveedor";2026-08-19;provisional;por_verificar;no;base;"Respaldo convertido desde el precio base USD; no es precio local confirmado."
MT-LAMINA-OSB;Lámina de madera contrachapada u OSB para cerramiento provisional de vanos y protecciones rígidas.;materiales;m2;PE;PEN;35.385;;;"Precio base USD convertido; respaldo provisional, revisar con proveedor";2026-08-19;provisional;por_verificar;no;base;"Respaldo convertido desde el precio base USD; no es precio local confirmado."
MT-LAMINA-OSB;Lámina de madera contrachapada u OSB para cerramiento provisional de vanos y protecciones rígidas.;materiales;m2;MX;MXN;179.13;;;"Precio base USD convertido; respaldo provisional, revisar con proveedor";2026-08-19;provisional;por_verificar;no;base;"Respaldo convertido desde el precio base USD; no es precio local confirmado."
MT-LAMINA-OSB;Lámina de madera contrachapada u OSB para cerramiento provisional de vanos y protecciones rígidas.;materiales;m2;EC;USD;10.5;;;"Precio base USD convertido; respaldo provisional, revisar con proveedor";2026-08-19;provisional;por_verificar;no;base;"Respaldo convertido desde el precio base USD; no es precio local confirmado."
MT-MALLA-OBRA;Malla plástica de señalización para cerramiento perimetral y delimitación de zonas de obra.;materiales;m2;CO;COP;2815.785;;;"Precio base USD convertido; respaldo provisional, revisar con proveedor";2026-08-19;provisional;por_verificar;no;base;"Respaldo convertido desde el precio base USD; no es precio local confirmado."
MT-MALLA-OBRA;Malla plástica de señalización para cerramiento perimetral y delimitación de zonas de obra.;materiales;m2;PE;PEN;3.033;;;"Precio base USD convertido; respaldo provisional, revisar con proveedor";2026-08-19;provisional;por_verificar;no;base;"Respaldo convertido desde el precio base USD; no es precio local confirmado."
MT-MALLA-OBRA;Malla plástica de señalización para cerramiento perimetral y delimitación de zonas de obra.;materiales;m2;MX;MXN;15.354;;;"Precio base USD convertido; respaldo provisional, revisar con proveedor";2026-08-19;provisional;por_verificar;no;base;"Respaldo convertido desde el precio base USD; no es precio local confirmado."
MT-MALLA-OBRA;Malla plástica de señalización para cerramiento perimetral y delimitación de zonas de obra.;materiales;m2;EC;USD;0.9;;;"Precio base USD convertido; respaldo provisional, revisar con proveedor";2026-08-19;provisional;por_verificar;no;base;"Respaldo convertido desde el precio base USD; no es precio local confirmado."
MT-CLAVOS;Clavos, tornillos y elementos de fijación de uso general en obra.;materiales;kg;CO;COP;8134.49;;;"Precio base USD convertido; respaldo provisional, revisar con proveedor";2026-08-19;provisional;por_verificar;no;base;"Respaldo convertido desde el precio base USD; no es precio local confirmado."
MT-CLAVOS;Clavos, tornillos y elementos de fijación de uso general en obra.;materiales;kg;PE;PEN;8.762;;;"Precio base USD convertido; respaldo provisional, revisar con proveedor";2026-08-19;provisional;por_verificar;no;base;"Respaldo convertido desde el precio base USD; no es precio local confirmado."
MT-CLAVOS;Clavos, tornillos y elementos de fijación de uso general en obra.;materiales;kg;MX;MXN;44.356;;;"Precio base USD convertido; respaldo provisional, revisar con proveedor";2026-08-19;provisional;por_verificar;no;base;"Respaldo convertido desde el precio base USD; no es precio local confirmado."
MT-CLAVOS;Clavos, tornillos y elementos de fijación de uso general en obra.;materiales;kg;EC;USD;2.6;;;"Precio base USD convertido; respaldo provisional, revisar con proveedor";2026-08-19;provisional;por_verificar;no;base;"Respaldo convertido desde el precio base USD; no es precio local confirmado."
MT-VIGA-APEO;Viga o durmiente de madera de reparto para apeos y apuntalamientos.;materiales;m;CO;COP;9073.085;;;"Precio base USD convertido; respaldo provisional, revisar con proveedor";2026-08-19;provisional;por_verificar;no;base;"Respaldo convertido desde el precio base USD; no es precio local confirmado."
MT-VIGA-APEO;Viga o durmiente de madera de reparto para apeos y apuntalamientos.;materiales;m;PE;PEN;9.773;;;"Precio base USD convertido; respaldo provisional, revisar con proveedor";2026-08-19;provisional;por_verificar;no;base;"Respaldo convertido desde el precio base USD; no es precio local confirmado."
MT-VIGA-APEO;Viga o durmiente de madera de reparto para apeos y apuntalamientos.;materiales;m;MX;MXN;49.474;;;"Precio base USD convertido; respaldo provisional, revisar con proveedor";2026-08-19;provisional;por_verificar;no;base;"Respaldo convertido desde el precio base USD; no es precio local confirmado."
MT-VIGA-APEO;Viga o durmiente de madera de reparto para apeos y apuntalamientos.;materiales;m;EC;USD;2.9;;;"Precio base USD convertido; respaldo provisional, revisar con proveedor";2026-08-19;provisional;por_verificar;no;base;"Respaldo convertido desde el precio base USD; no es precio local confirmado."
MT-ELE-PROV;Cable encauchetado para instalación eléctrica provisional de obra.;materiales;m;CO;COP;13140.33;;;"Precio base USD convertido; respaldo provisional, revisar con proveedor";2026-08-19;provisional;por_verificar;no;base;"Respaldo convertido desde el precio base USD; no es precio local confirmado."
MT-ELE-PROV;Cable encauchetado para instalación eléctrica provisional de obra.;materiales;m;PE;PEN;14.154;;;"Precio base USD convertido; respaldo provisional, revisar con proveedor";2026-08-19;provisional;por_verificar;no;base;"Respaldo convertido desde el precio base USD; no es precio local confirmado."
MT-ELE-PROV;Cable encauchetado para instalación eléctrica provisional de obra.;materiales;m;MX;MXN;71.652;;;"Precio base USD convertido; respaldo provisional, revisar con proveedor";2026-08-19;provisional;por_verificar;no;base;"Respaldo convertido desde el precio base USD; no es precio local confirmado."
MT-ELE-PROV;Cable encauchetado para instalación eléctrica provisional de obra.;materiales;m;EC;USD;4.2;;;"Precio base USD convertido; respaldo provisional, revisar con proveedor";2026-08-19;provisional;por_verificar;no;base;"Respaldo convertido desde el precio base USD; no es precio local confirmado."
MT-TABLERO-PROV;Tablero eléctrico provisional de obra con interruptor diferencial y protecciones, amortizado por uso.;materiales;ud;CO;COP;140789.25;;;"Precio base USD convertido; respaldo provisional, revisar con proveedor";2026-08-19;provisional;por_verificar;no;base;"Respaldo convertido desde el precio base USD; no es precio local confirmado."
MT-TABLERO-PROV;Tablero eléctrico provisional de obra con interruptor diferencial y protecciones, amortizado por uso.;materiales;ud;PE;PEN;151.65;;;"Precio base USD convertido; respaldo provisional, revisar con proveedor";2026-08-19;provisional;por_verificar;no;base;"Respaldo convertido desde el precio base USD; no es precio local confirmado."
MT-TABLERO-PROV;Tablero eléctrico provisional de obra con interruptor diferencial y protecciones, amortizado por uso.;materiales;ud;MX;MXN;767.7;;;"Precio base USD convertido; respaldo provisional, revisar con proveedor";2026-08-19;provisional;por_verificar;no;base;"Respaldo convertido desde el precio base USD; no es precio local confirmado."
MT-TABLERO-PROV;Tablero eléctrico provisional de obra con interruptor diferencial y protecciones, amortizado por uso.;materiales;ud;EC;USD;45;;;"Precio base USD convertido; respaldo provisional, revisar con proveedor";2026-08-19;provisional;por_verificar;no;base;"Respaldo convertido desde el precio base USD; no es precio local confirmado."
MT-LAMP-OBRA;Reflector o lámpara de obra con su portalámparas y protección, amortizado por uso.;materiales;ud;CO;COP;29722.175;;;"Precio base USD convertido; respaldo provisional, revisar con proveedor";2026-08-19;provisional;por_verificar;no;base;"Respaldo convertido desde el precio base USD; no es precio local confirmado."
MT-LAMP-OBRA;Reflector o lámpara de obra con su portalámparas y protección, amortizado por uso.;materiales;ud;PE;PEN;32.015;;;"Precio base USD convertido; respaldo provisional, revisar con proveedor";2026-08-19;provisional;por_verificar;no;base;"Respaldo convertido desde el precio base USD; no es precio local confirmado."
MT-LAMP-OBRA;Reflector o lámpara de obra con su portalámparas y protección, amortizado por uso.;materiales;ud;MX;MXN;162.07;;;"Precio base USD convertido; respaldo provisional, revisar con proveedor";2026-08-19;provisional;por_verificar;no;base;"Respaldo convertido desde el precio base USD; no es precio local confirmado."
MT-LAMP-OBRA;Reflector o lámpara de obra con su portalámparas y protección, amortizado por uso.;materiales;ud;EC;USD;9.5;;;"Precio base USD convertido; respaldo provisional, revisar con proveedor";2026-08-19;provisional;por_verificar;no;base;"Respaldo convertido desde el precio base USD; no es precio local confirmado."
MT-MANGUERA;Manguera reforzada para red de agua provisional de obra.;materiales;m;CO;COP;2659.3525;;;"Precio base USD convertido; respaldo provisional, revisar con proveedor";2026-08-19;provisional;por_verificar;no;base;"Respaldo convertido desde el precio base USD; no es precio local confirmado."
MT-MANGUERA;Manguera reforzada para red de agua provisional de obra.;materiales;m;PE;PEN;2.8645;;;"Precio base USD convertido; respaldo provisional, revisar con proveedor";2026-08-19;provisional;por_verificar;no;base;"Respaldo convertido desde el precio base USD; no es precio local confirmado."
MT-MANGUERA;Manguera reforzada para red de agua provisional de obra.;materiales;m;MX;MXN;14.501;;;"Precio base USD convertido; respaldo provisional, revisar con proveedor";2026-08-19;provisional;por_verificar;no;base;"Respaldo convertido desde el precio base USD; no es precio local confirmado."
MT-MANGUERA;Manguera reforzada para red de agua provisional de obra.;materiales;m;EC;USD;0.85;;;"Precio base USD convertido; respaldo provisional, revisar con proveedor";2026-08-19;provisional;por_verificar;no;base;"Respaldo convertido desde el precio base USD; no es precio local confirmado."
MT-LLAVE-PROV;Llave de paso, adaptadores y accesorios para punto de agua provisional.;materiales;ud;CO;COP;18771.9;;;"Precio base USD convertido; respaldo provisional, revisar con proveedor";2026-08-19;provisional;por_verificar;no;base;"Respaldo convertido desde el precio base USD; no es precio local confirmado."
MT-LLAVE-PROV;Llave de paso, adaptadores y accesorios para punto de agua provisional.;materiales;ud;PE;PEN;20.22;;;"Precio base USD convertido; respaldo provisional, revisar con proveedor";2026-08-19;provisional;por_verificar;no;base;"Respaldo convertido desde el precio base USD; no es precio local confirmado."
MT-LLAVE-PROV;Llave de paso, adaptadores y accesorios para punto de agua provisional.;materiales;ud;MX;MXN;102.36;;;"Precio base USD convertido; respaldo provisional, revisar con proveedor";2026-08-19;provisional;por_verificar;no;base;"Respaldo convertido desde el precio base USD; no es precio local confirmado."
MT-LLAVE-PROV;Llave de paso, adaptadores y accesorios para punto de agua provisional.;materiales;ud;EC;USD;6;;;"Precio base USD convertido; respaldo provisional, revisar con proveedor";2026-08-19;provisional;por_verificar;no;base;"Respaldo convertido desde el precio base USD; no es precio local confirmado."
MT-SENAL-OBRA;Señal de advertencia, cinta de peligro y conos de delimitación de obra.;materiales;ud;CO;COP;17207.575;;;"Precio base USD convertido; respaldo provisional, revisar con proveedor";2026-08-19;provisional;por_verificar;no;base;"Respaldo convertido desde el precio base USD; no es precio local confirmado."
MT-SENAL-OBRA;Señal de advertencia, cinta de peligro y conos de delimitación de obra.;materiales;ud;PE;PEN;18.535;;;"Precio base USD convertido; respaldo provisional, revisar con proveedor";2026-08-19;provisional;por_verificar;no;base;"Respaldo convertido desde el precio base USD; no es precio local confirmado."
MT-SENAL-OBRA;Señal de advertencia, cinta de peligro y conos de delimitación de obra.;materiales;ud;MX;MXN;93.83;;;"Precio base USD convertido; respaldo provisional, revisar con proveedor";2026-08-19;provisional;por_verificar;no;base;"Respaldo convertido desde el precio base USD; no es precio local confirmado."
MT-SENAL-OBRA;Señal de advertencia, cinta de peligro y conos de delimitación de obra.;materiales;ud;EC;USD;5.5;;;"Precio base USD convertido; respaldo provisional, revisar con proveedor";2026-08-19;provisional;por_verificar;no;base;"Respaldo convertido desde el precio base USD; no es precio local confirmado."
MT-ARENA;Arena lavada de río, puesta en obra, para camas de asiento y rellenos de zanja.;materiales;m3;CO;COP;100000;;;docs/INVESTIGACION_PRECIOS_RONDA_1.md;2026-08-19;referencia;por_verificar;no_confirmado;nacional;"Referencia central; validar presentación y proveedor."
MT-ARENA;Arena lavada de río, puesta en obra, para camas de asiento y rellenos de zanja.;materiales;m3;PE;PEN;85;;;docs/INVESTIGACION_PRECIOS_RONDA_1.md;2026-08-19;referencia;por_verificar;no_confirmado;nacional;"Referencia central; validar presentación y proveedor."
MT-ARENA;Arena lavada de río, puesta en obra, para camas de asiento y rellenos de zanja.;materiales;m3;MX;MXN;600;;;docs/INVESTIGACION_PRECIOS_RONDA_1.md;2026-08-19;referencia;por_verificar;no_confirmado;nacional;"Referencia central; validar presentación y proveedor."
MT-ARENA;Arena lavada de río, puesta en obra, para camas de asiento y rellenos de zanja.;materiales;m3;EC;USD;20;;;docs/INVESTIGACION_PRECIOS_RONDA_1.md;2026-08-19;referencia;por_verificar;no_confirmado;nacional;"Referencia central; validar presentación y proveedor."
MT-PIEDRA-PIC;Piedra picada de granulometría corriente, puesta en obra, para bases y drenajes.;materiales;m3;CO;COP;115000;;;docs/INVESTIGACION_PRECIOS_RONDA_1.md;2026-08-19;referencia;por_verificar;no_confirmado;nacional;"Referencia central; validar presentación y proveedor."
MT-PIEDRA-PIC;Piedra picada de granulometría corriente, puesta en obra, para bases y drenajes.;materiales;m3;PE;PEN;100;;;docs/INVESTIGACION_PRECIOS_RONDA_1.md;2026-08-19;referencia;por_verificar;no_confirmado;nacional;"Referencia central; validar presentación y proveedor."
MT-PIEDRA-PIC;Piedra picada de granulometría corriente, puesta en obra, para bases y drenajes.;materiales;m3;MX;MXN;500;;;docs/INVESTIGACION_PRECIOS_RONDA_1.md;2026-08-19;referencia;por_verificar;no_confirmado;nacional;"Referencia central; validar presentación y proveedor."
MT-PIEDRA-PIC;Piedra picada de granulometría corriente, puesta en obra, para bases y drenajes.;materiales;m3;EC;USD;20;;;docs/INVESTIGACION_PRECIOS_RONDA_1.md;2026-08-19;referencia;por_verificar;no_confirmado;nacional;"Referencia central; validar presentación y proveedor."
MT-MAT-PRESTAMO;Material granular seleccionado de préstamo, tipo granzón natural, puesto en obra para rellenos compactados.;materiales;m3;CO;COP;50058.4;;;"Precio base USD convertido; respaldo provisional, revisar con proveedor";2026-08-19;provisional;por_verificar;no;base;"Respaldo convertido desde el precio base USD; no es precio local confirmado."
MT-MAT-PRESTAMO;Material granular seleccionado de préstamo, tipo granzón natural, puesto en obra para rellenos compactados.;materiales;m3;PE;PEN;53.92;;;"Precio base USD convertido; respaldo provisional, revisar con proveedor";2026-08-19;provisional;por_verificar;no;base;"Respaldo convertido desde el precio base USD; no es precio local confirmado."
MT-MAT-PRESTAMO;Material granular seleccionado de préstamo, tipo granzón natural, puesto en obra para rellenos compactados.;materiales;m3;MX;MXN;272.96;;;"Precio base USD convertido; respaldo provisional, revisar con proveedor";2026-08-19;provisional;por_verificar;no;base;"Respaldo convertido desde el precio base USD; no es precio local confirmado."
MT-MAT-PRESTAMO;Material granular seleccionado de préstamo, tipo granzón natural, puesto en obra para rellenos compactados.;materiales;m3;EC;USD;16;;;"Precio base USD convertido; respaldo provisional, revisar con proveedor";2026-08-19;provisional;por_verificar;no;base;"Respaldo convertido desde el precio base USD; no es precio local confirmado."
MT-MADERA-ENTIB;Tablón y puntal de madera para entibado de zanja, con amortización por número de usos.;materiales;m2;CO;COP;10637.41;;;"Precio base USD convertido; respaldo provisional, revisar con proveedor";2026-08-19;provisional;por_verificar;no;base;"Respaldo convertido desde el precio base USD; no es precio local confirmado."
MT-MADERA-ENTIB;Tablón y puntal de madera para entibado de zanja, con amortización por número de usos.;materiales;m2;PE;PEN;11.458;;;"Precio base USD convertido; respaldo provisional, revisar con proveedor";2026-08-19;provisional;por_verificar;no;base;"Respaldo convertido desde el precio base USD; no es precio local confirmado."
MT-MADERA-ENTIB;Tablón y puntal de madera para entibado de zanja, con amortización por número de usos.;materiales;m2;MX;MXN;58.004;;;"Precio base USD convertido; respaldo provisional, revisar con proveedor";2026-08-19;provisional;por_verificar;no;base;"Respaldo convertido desde el precio base USD; no es precio local confirmado."
MT-MADERA-ENTIB;Tablón y puntal de madera para entibado de zanja, con amortización por número de usos.;materiales;m2;EC;USD;3.4;;;"Precio base USD convertido; respaldo provisional, revisar con proveedor";2026-08-19;provisional;por_verificar;no;base;"Respaldo convertido desde el precio base USD; no es precio local confirmado."
MT-CANON-TIERRA;Canon de vertido de tierra y material de excavación en botadero autorizado.;materiales;m3;CO;COP;8760.22;;;"Precio base USD convertido; respaldo provisional, revisar con proveedor";2026-08-19;provisional;por_verificar;no;base;"Respaldo convertido desde el precio base USD; no es precio local confirmado."
MT-CANON-TIERRA;Canon de vertido de tierra y material de excavación en botadero autorizado.;materiales;m3;PE;PEN;9.436;;;"Precio base USD convertido; respaldo provisional, revisar con proveedor";2026-08-19;provisional;por_verificar;no;base;"Respaldo convertido desde el precio base USD; no es precio local confirmado."
MT-CANON-TIERRA;Canon de vertido de tierra y material de excavación en botadero autorizado.;materiales;m3;MX;MXN;47.768;;;"Precio base USD convertido; respaldo provisional, revisar con proveedor";2026-08-19;provisional;por_verificar;no;base;"Respaldo convertido desde el precio base USD; no es precio local confirmado."
MT-CANON-TIERRA;Canon de vertido de tierra y material de excavación en botadero autorizado.;materiales;m3;EC;USD;2.8;;;"Precio base USD convertido; respaldo provisional, revisar con proveedor";2026-08-19;provisional;por_verificar;no;base;"Respaldo convertido desde el precio base USD; no es precio local confirmado."
MT-AGUA-OBRA;Agua para amasado, humectación de rellenos y compactación.;materiales;m3;CO;COP;5005.84;;;"Precio base USD convertido; respaldo provisional, revisar con proveedor";2026-08-19;provisional;por_verificar;no;base;"Respaldo convertido desde el precio base USD; no es precio local confirmado."
MT-AGUA-OBRA;Agua para amasado, humectación de rellenos y compactación.;materiales;m3;PE;PEN;5.392;;;"Precio base USD convertido; respaldo provisional, revisar con proveedor";2026-08-19;provisional;por_verificar;no;base;"Respaldo convertido desde el precio base USD; no es precio local confirmado."
MT-AGUA-OBRA;Agua para amasado, humectación de rellenos y compactación.;materiales;m3;MX;MXN;27.296;;;"Precio base USD convertido; respaldo provisional, revisar con proveedor";2026-08-19;provisional;por_verificar;no;base;"Respaldo convertido desde el precio base USD; no es precio local confirmado."
MT-AGUA-OBRA;Agua para amasado, humectación de rellenos y compactación.;materiales;m3;EC;USD;1.6;;;"Precio base USD convertido; respaldo provisional, revisar con proveedor";2026-08-19;provisional;por_verificar;no;base;"Respaldo convertido desde el precio base USD; no es precio local confirmado."
MT-CONC-180;Concreto premezclado de resistencia 180 kg/cm2, puesto en obra.;materiales;m3;CO;COP;297221.75;;;"Precio base USD convertido; respaldo provisional, revisar con proveedor";2026-08-19;provisional;por_verificar;no;base;"Respaldo convertido desde el precio base USD; no es precio local confirmado."
MT-CONC-180;Concreto premezclado de resistencia 180 kg/cm2, puesto en obra.;materiales;m3;PE;PEN;320.15;;;"Precio base USD convertido; respaldo provisional, revisar con proveedor";2026-08-19;provisional;por_verificar;no;base;"Respaldo convertido desde el precio base USD; no es precio local confirmado."
MT-CONC-180;Concreto premezclado de resistencia 180 kg/cm2, puesto en obra.;materiales;m3;MX;MXN;1620.7;;;"Precio base USD convertido; respaldo provisional, revisar con proveedor";2026-08-19;provisional;por_verificar;no;base;"Respaldo convertido desde el precio base USD; no es precio local confirmado."
MT-CONC-180;Concreto premezclado de resistencia 180 kg/cm2, puesto en obra.;materiales;m3;EC;USD;95;;;"Precio base USD convertido; respaldo provisional, revisar con proveedor";2026-08-19;provisional;por_verificar;no;base;"Respaldo convertido desde el precio base USD; no es precio local confirmado."
MT-CONC-210;Concreto premezclado de resistencia 210 kg/cm2, puesto en obra.;materiales;m3;CO;COP;337894.2;;;"Precio base USD convertido; respaldo provisional, revisar con proveedor";2026-08-19;provisional;por_verificar;no;base;"Respaldo convertido desde el precio base USD; no es precio local confirmado."
MT-CONC-210;Concreto premezclado de resistencia 210 kg/cm2, puesto en obra.;materiales;m3;PE;PEN;363.96;;;"Precio base USD convertido; respaldo provisional, revisar con proveedor";2026-08-19;provisional;por_verificar;no;base;"Respaldo convertido desde el precio base USD; no es precio local confirmado."
MT-CONC-210;Concreto premezclado de resistencia 210 kg/cm2, puesto en obra.;materiales;m3;MX;MXN;1842.48;;;"Precio base USD convertido; respaldo provisional, revisar con proveedor";2026-08-19;provisional;por_verificar;no;base;"Respaldo convertido desde el precio base USD; no es precio local confirmado."
MT-CONC-210;Concreto premezclado de resistencia 210 kg/cm2, puesto en obra.;materiales;m3;EC;USD;108;;;"Precio base USD convertido; respaldo provisional, revisar con proveedor";2026-08-19;provisional;por_verificar;no;base;"Respaldo convertido desde el precio base USD; no es precio local confirmado."
MT-CONC-250;Concreto premezclado de resistencia 250 kg/cm2, puesto en obra.;materiales;m3;CO;COP;369180.7;;;"Precio base USD convertido; respaldo provisional, revisar con proveedor";2026-08-19;provisional;por_verificar;no;base;"Respaldo convertido desde el precio base USD; no es precio local confirmado."
MT-CONC-250;Concreto premezclado de resistencia 250 kg/cm2, puesto en obra.;materiales;m3;PE;PEN;397.66;;;"Precio base USD convertido; respaldo provisional, revisar con proveedor";2026-08-19;provisional;por_verificar;no;base;"Respaldo convertido desde el precio base USD; no es precio local confirmado."
MT-CONC-250;Concreto premezclado de resistencia 250 kg/cm2, puesto en obra.;materiales;m3;MX;MXN;2013.08;;;"Precio base USD convertido; respaldo provisional, revisar con proveedor";2026-08-19;provisional;por_verificar;no;base;"Respaldo convertido desde el precio base USD; no es precio local confirmado."
MT-CONC-250;Concreto premezclado de resistencia 250 kg/cm2, puesto en obra.;materiales;m3;EC;USD;118;;;"Precio base USD convertido; respaldo provisional, revisar con proveedor";2026-08-19;provisional;por_verificar;no;base;"Respaldo convertido desde el precio base USD; no es precio local confirmado."
MT-CEMENTO;Cemento Portland gris tipo I, en saco.;materiales;kg;CO;COP;560;;;docs/INVESTIGACION_PRECIOS_RONDA_1.md;2026-08-19;referencia;por_verificar;no_confirmado;nacional;"Referencia central; validar presentación y proveedor."
MT-CEMENTO;Cemento Portland gris tipo I, en saco.;materiales;kg;PE;PEN;0.7294117647058823;;;docs/INVESTIGACION_PRECIOS_RONDA_1.md;2026-08-19;referencia;por_verificar;no_confirmado;nacional;"Referencia central; validar presentación y proveedor."
MT-CEMENTO;Cemento Portland gris tipo I, en saco.;materiales;kg;MX;MXN;4.8;;;docs/INVESTIGACION_PRECIOS_RONDA_1.md;2026-08-19;referencia;por_verificar;no_confirmado;nacional;"Referencia central; validar presentación y proveedor."
MT-CEMENTO;Cemento Portland gris tipo I, en saco.;materiales;kg;EC;USD;0.17;;;docs/INVESTIGACION_PRECIOS_RONDA_1.md;2026-08-19;referencia;por_verificar;no_confirmado;nacional;"Referencia central; validar presentación y proveedor."
MT-ACERO-CAB;Acero de refuerzo en cabillas corrugadas, límite elástico 4.200 kg/cm2, cortado y doblado.;materiales;kg;CO;COP;4000;;;docs/INVESTIGACION_PRECIOS_RONDA_1.md;2026-08-19;referencia;por_verificar;no_confirmado;nacional;"Referencia central; validar presentación y proveedor."
MT-ACERO-CAB;Acero de refuerzo en cabillas corrugadas, límite elástico 4.200 kg/cm2, cortado y doblado.;materiales;kg;PE;PEN;0.95;;;docs/INVESTIGACION_PRECIOS_RONDA_1.md;2026-08-19;referencia;por_verificar;no_confirmado;nacional;"Referencia central; validar presentación y proveedor."
MT-ACERO-CAB;Acero de refuerzo en cabillas corrugadas, límite elástico 4.200 kg/cm2, cortado y doblado.;materiales;kg;MX;MXN;22;;;docs/INVESTIGACION_PRECIOS_RONDA_1.md;2026-08-19;referencia;por_verificar;no_confirmado;nacional;"Referencia central; validar presentación y proveedor."
MT-ACERO-CAB;Acero de refuerzo en cabillas corrugadas, límite elástico 4.200 kg/cm2, cortado y doblado.;materiales;kg;EC;USD;0.98;;;docs/INVESTIGACION_PRECIOS_RONDA_1.md;2026-08-19;referencia;por_verificar;no_confirmado;nacional;"Referencia central; validar presentación y proveedor."
MT-ALAMBRE;Alambre recocido para amarre de acero de refuerzo.;materiales;kg;CO;COP;5944.435;;;"Precio base USD convertido; respaldo provisional, revisar con proveedor";2026-08-19;provisional;por_verificar;no;base;"Respaldo convertido desde el precio base USD; no es precio local confirmado."
MT-ALAMBRE;Alambre recocido para amarre de acero de refuerzo.;materiales;kg;PE;PEN;6.403;;;"Precio base USD convertido; respaldo provisional, revisar con proveedor";2026-08-19;provisional;por_verificar;no;base;"Respaldo convertido desde el precio base USD; no es precio local confirmado."
MT-ALAMBRE;Alambre recocido para amarre de acero de refuerzo.;materiales;kg;MX;MXN;32.414;;;"Precio base USD convertido; respaldo provisional, revisar con proveedor";2026-08-19;provisional;por_verificar;no;base;"Respaldo convertido desde el precio base USD; no es precio local confirmado."
MT-ALAMBRE;Alambre recocido para amarre de acero de refuerzo.;materiales;kg;EC;USD;1.9;;;"Precio base USD convertido; respaldo provisional, revisar con proveedor";2026-08-19;provisional;por_verificar;no;base;"Respaldo convertido desde el precio base USD; no es precio local confirmado."
MT-MALLA-ELEC;Malla electrosoldada de acero para refuerzo de losas y pisos.;materiales;m2;CO;COP;5000.0;;;docs/INVESTIGACION_PRECIOS_RONDA_1.md;2026-08-19;referencia;por_verificar;no_confirmado;nacional;"Referencia central; validar presentación y proveedor."
MT-MALLA-ELEC;Malla electrosoldada de acero para refuerzo de losas y pisos.;materiales;m2;PE;PEN;7.333333333333333;;;docs/INVESTIGACION_PRECIOS_RONDA_1.md;2026-08-19;referencia;por_verificar;no_confirmado;nacional;"Referencia central; validar presentación y proveedor."
MT-MALLA-ELEC;Malla electrosoldada de acero para refuerzo de losas y pisos.;materiales;m2;MX;MXN;26.666666666666668;;;docs/INVESTIGACION_PRECIOS_RONDA_1.md;2026-08-19;referencia;por_verificar;no_confirmado;nacional;"Referencia central; validar presentación y proveedor."
MT-MALLA-ELEC;Malla electrosoldada de acero para refuerzo de losas y pisos.;materiales;m2;EC;USD;5.5;;;docs/INVESTIGACION_PRECIOS_RONDA_1.md;2026-08-19;referencia;por_verificar;no_confirmado;nacional;"Referencia central; validar presentación y proveedor."
MT-SEPARADOR;Separador plástico o de mortero para garantizar el recubrimiento del acero de refuerzo.;materiales;ud;CO;COP;250.292;;;"Precio base USD convertido; respaldo provisional, revisar con proveedor";2026-08-19;provisional;por_verificar;no;base;"Respaldo convertido desde el precio base USD; no es precio local confirmado."
MT-SEPARADOR;Separador plástico o de mortero para garantizar el recubrimiento del acero de refuerzo.;materiales;ud;PE;PEN;0.2696;;;"Precio base USD convertido; respaldo provisional, revisar con proveedor";2026-08-19;provisional;por_verificar;no;base;"Respaldo convertido desde el precio base USD; no es precio local confirmado."
MT-SEPARADOR;Separador plástico o de mortero para garantizar el recubrimiento del acero de refuerzo.;materiales;ud;MX;MXN;1.3648;;;"Precio base USD convertido; respaldo provisional, revisar con proveedor";2026-08-19;provisional;por_verificar;no;base;"Respaldo convertido desde el precio base USD; no es precio local confirmado."
MT-SEPARADOR;Separador plástico o de mortero para garantizar el recubrimiento del acero de refuerzo.;materiales;ud;EC;USD;0.08;;;"Precio base USD convertido; respaldo provisional, revisar con proveedor";2026-08-19;provisional;por_verificar;no;base;"Respaldo convertido desde el precio base USD; no es precio local confirmado."
MT-FORM-MADERA;Encofrado de madera con sus puntales y arriostramientos, amortizado por número de usos.;materiales;m2;CO;COP;16894.71;;;"Precio base USD convertido; respaldo provisional, revisar con proveedor";2026-08-19;provisional;por_verificar;no;base;"Respaldo convertido desde el precio base USD; no es precio local confirmado."
MT-FORM-MADERA;Encofrado de madera con sus puntales y arriostramientos, amortizado por número de usos.;materiales;m2;PE;PEN;18.198;;;"Precio base USD convertido; respaldo provisional, revisar con proveedor";2026-08-19;provisional;por_verificar;no;base;"Respaldo convertido desde el precio base USD; no es precio local confirmado."
MT-FORM-MADERA;Encofrado de madera con sus puntales y arriostramientos, amortizado por número de usos.;materiales;m2;MX;MXN;92.124;;;"Precio base USD convertido; respaldo provisional, revisar con proveedor";2026-08-19;provisional;por_verificar;no;base;"Respaldo convertido desde el precio base USD; no es precio local confirmado."
MT-FORM-MADERA;Encofrado de madera con sus puntales y arriostramientos, amortizado por número de usos.;materiales;m2;EC;USD;5.4;;;"Precio base USD convertido; respaldo provisional, revisar con proveedor";2026-08-19;provisional;por_verificar;no;base;"Respaldo convertido desde el precio base USD; no es precio local confirmado."
MT-DESMOLD;Desmoldeante para encofrados, que facilita el desencofrado y protege la madera.;materiales;l;CO;COP;8760.22;;;"Precio base USD convertido; respaldo provisional, revisar con proveedor";2026-08-19;provisional;por_verificar;no;base;"Respaldo convertido desde el precio base USD; no es precio local confirmado."
MT-DESMOLD;Desmoldeante para encofrados, que facilita el desencofrado y protege la madera.;materiales;l;PE;PEN;9.436;;;"Precio base USD convertido; respaldo provisional, revisar con proveedor";2026-08-19;provisional;por_verificar;no;base;"Respaldo convertido desde el precio base USD; no es precio local confirmado."
MT-DESMOLD;Desmoldeante para encofrados, que facilita el desencofrado y protege la madera.;materiales;l;MX;MXN;47.768;;;"Precio base USD convertido; respaldo provisional, revisar con proveedor";2026-08-19;provisional;por_verificar;no;base;"Respaldo convertido desde el precio base USD; no es precio local confirmado."
MT-DESMOLD;Desmoldeante para encofrados, que facilita el desencofrado y protege la madera.;materiales;l;EC;USD;2.8;;;"Precio base USD convertido; respaldo provisional, revisar con proveedor";2026-08-19;provisional;por_verificar;no;base;"Respaldo convertido desde el precio base USD; no es precio local confirmado."
MT-POLIET;Lámina de polietileno de alta densidad como barrera de vapor bajo losas de piso.;materiales;m2;CO;COP;2033.6225;;;"Precio base USD convertido; respaldo provisional, revisar con proveedor";2026-08-19;provisional;por_verificar;no;base;"Respaldo convertido desde el precio base USD; no es precio local confirmado."
MT-POLIET;Lámina de polietileno de alta densidad como barrera de vapor bajo losas de piso.;materiales;m2;PE;PEN;2.1905;;;"Precio base USD convertido; respaldo provisional, revisar con proveedor";2026-08-19;provisional;por_verificar;no;base;"Respaldo convertido desde el precio base USD; no es precio local confirmado."
MT-POLIET;Lámina de polietileno de alta densidad como barrera de vapor bajo losas de piso.;materiales;m2;MX;MXN;11.089;;;"Precio base USD convertido; respaldo provisional, revisar con proveedor";2026-08-19;provisional;por_verificar;no;base;"Respaldo convertido desde el precio base USD; no es precio local confirmado."
MT-POLIET;Lámina de polietileno de alta densidad como barrera de vapor bajo losas de piso.;materiales;m2;EC;USD;0.65;;;"Precio base USD convertido; respaldo provisional, revisar con proveedor";2026-08-19;provisional;por_verificar;no;base;"Respaldo convertido desde el precio base USD; no es precio local confirmado."
MT-IMPERM-ASF;Impermeabilizante asfáltico en emulsión para protección de fundaciones y trasdós de muros.;materiales;l;CO;COP;14078.925;;;"Precio base USD convertido; respaldo provisional, revisar con proveedor";2026-08-19;provisional;por_verificar;no;base;"Respaldo convertido desde el precio base USD; no es precio local confirmado."
MT-IMPERM-ASF;Impermeabilizante asfáltico en emulsión para protección de fundaciones y trasdós de muros.;materiales;l;PE;PEN;15.165;;;"Precio base USD convertido; respaldo provisional, revisar con proveedor";2026-08-19;provisional;por_verificar;no;base;"Respaldo convertido desde el precio base USD; no es precio local confirmado."
MT-IMPERM-ASF;Impermeabilizante asfáltico en emulsión para protección de fundaciones y trasdós de muros.;materiales;l;MX;MXN;76.77;;;"Precio base USD convertido; respaldo provisional, revisar con proveedor";2026-08-19;provisional;por_verificar;no;base;"Respaldo convertido desde el precio base USD; no es precio local confirmado."
MT-IMPERM-ASF;Impermeabilizante asfáltico en emulsión para protección de fundaciones y trasdós de muros.;materiales;l;EC;USD;4.5;;;"Precio base USD convertido; respaldo provisional, revisar con proveedor";2026-08-19;provisional;por_verificar;no;base;"Respaldo convertido desde el precio base USD; no es precio local confirmado."
MT-ADITIVO;Aditivo plastificante y reductor de agua para concreto.;materiales;l;CO;COP;10011.68;;;"Precio base USD convertido; respaldo provisional, revisar con proveedor";2026-08-19;provisional;por_verificar;no;base;"Respaldo convertido desde el precio base USD; no es precio local confirmado."
MT-ADITIVO;Aditivo plastificante y reductor de agua para concreto.;materiales;l;PE;PEN;10.784;;;"Precio base USD convertido; respaldo provisional, revisar con proveedor";2026-08-19;provisional;por_verificar;no;base;"Respaldo convertido desde el precio base USD; no es precio local confirmado."
MT-ADITIVO;Aditivo plastificante y reductor de agua para concreto.;materiales;l;MX;MXN;54.592;;;"Precio base USD convertido; respaldo provisional, revisar con proveedor";2026-08-19;provisional;por_verificar;no;base;"Respaldo convertido desde el precio base USD; no es precio local confirmado."
MT-ADITIVO;Aditivo plastificante y reductor de agua para concreto.;materiales;l;EC;USD;3.2;;;"Precio base USD convertido; respaldo provisional, revisar con proveedor";2026-08-19;provisional;por_verificar;no;base;"Respaldo convertido desde el precio base USD; no es precio local confirmado."
MT-TUBO-DREN;Tubería de drenaje perforada corrugada con geotextil, para drenaje de trasdós de muro.;materiales;m;CO;COP;11263.14;;;"Precio base USD convertido; respaldo provisional, revisar con proveedor";2026-08-19;provisional;por_verificar;no;base;"Respaldo convertido desde el precio base USD; no es precio local confirmado."
MT-TUBO-DREN;Tubería de drenaje perforada corrugada con geotextil, para drenaje de trasdós de muro.;materiales;m;PE;PEN;12.132;;;"Precio base USD convertido; respaldo provisional, revisar con proveedor";2026-08-19;provisional;por_verificar;no;base;"Respaldo convertido desde el precio base USD; no es precio local confirmado."
MT-TUBO-DREN;Tubería de drenaje perforada corrugada con geotextil, para drenaje de trasdós de muro.;materiales;m;MX;MXN;61.416;;;"Precio base USD convertido; respaldo provisional, revisar con proveedor";2026-08-19;provisional;por_verificar;no;base;"Respaldo convertido desde el precio base USD; no es precio local confirmado."
MT-TUBO-DREN;Tubería de drenaje perforada corrugada con geotextil, para drenaje de trasdós de muro.;materiales;m;EC;USD;3.6;;;"Precio base USD convertido; respaldo provisional, revisar con proveedor";2026-08-19;provisional;por_verificar;no;base;"Respaldo convertido desde el precio base USD; no es precio local confirmado."
MT-GEOTEXTIL;Geotextil no tejido para separación y filtro en drenajes y rellenos.;materiales;m2;CO;COP;3441.515;;;"Precio base USD convertido; respaldo provisional, revisar con proveedor";2026-08-19;provisional;por_verificar;no;base;"Respaldo convertido desde el precio base USD; no es precio local confirmado."
MT-GEOTEXTIL;Geotextil no tejido para separación y filtro en drenajes y rellenos.;materiales;m2;PE;PEN;3.707;;;"Precio base USD convertido; respaldo provisional, revisar con proveedor";2026-08-19;provisional;por_verificar;no;base;"Respaldo convertido desde el precio base USD; no es precio local confirmado."
MT-GEOTEXTIL;Geotextil no tejido para separación y filtro en drenajes y rellenos.;materiales;m2;MX;MXN;18.766;;;"Precio base USD convertido; respaldo provisional, revisar con proveedor";2026-08-19;provisional;por_verificar;no;base;"Respaldo convertido desde el precio base USD; no es precio local confirmado."
MT-GEOTEXTIL;Geotextil no tejido para separación y filtro en drenajes y rellenos.;materiales;m2;EC;USD;1.1;;;"Precio base USD convertido; respaldo provisional, revisar con proveedor";2026-08-19;provisional;por_verificar;no;base;"Respaldo convertido desde el precio base USD; no es precio local confirmado."
MT-CURADOR;Curador químico de membrana para concreto, que retiene el agua de fraguado.;materiales;l;CO;COP;10637.41;;;"Precio base USD convertido; respaldo provisional, revisar con proveedor";2026-08-19;provisional;por_verificar;no;base;"Respaldo convertido desde el precio base USD; no es precio local confirmado."
MT-CURADOR;Curador químico de membrana para concreto, que retiene el agua de fraguado.;materiales;l;PE;PEN;11.458;;;"Precio base USD convertido; respaldo provisional, revisar con proveedor";2026-08-19;provisional;por_verificar;no;base;"Respaldo convertido desde el precio base USD; no es precio local confirmado."
MT-CURADOR;Curador químico de membrana para concreto, que retiene el agua de fraguado.;materiales;l;MX;MXN;58.004;;;"Precio base USD convertido; respaldo provisional, revisar con proveedor";2026-08-19;provisional;por_verificar;no;base;"Respaldo convertido desde el precio base USD; no es precio local confirmado."
MT-CURADOR;Curador químico de membrana para concreto, que retiene el agua de fraguado.;materiales;l;EC;USD;3.4;;;"Precio base USD convertido; respaldo provisional, revisar con proveedor";2026-08-19;provisional;por_verificar;no;base;"Respaldo convertido desde el precio base USD; no es precio local confirmado."
MT-PERFIL-ACERO;Perfil estructural de acero laminado, suministrado cortado a medida.;materiales;kg;CO;COP;6100.8675;;;"Precio base USD convertido; respaldo provisional, revisar con proveedor";2026-08-19;provisional;por_verificar;no;base;"Respaldo convertido desde el precio base USD; no es precio local confirmado."
MT-PERFIL-ACERO;Perfil estructural de acero laminado, suministrado cortado a medida.;materiales;kg;PE;PEN;6.5715;;;"Precio base USD convertido; respaldo provisional, revisar con proveedor";2026-08-19;provisional;por_verificar;no;base;"Respaldo convertido desde el precio base USD; no es precio local confirmado."
MT-PERFIL-ACERO;Perfil estructural de acero laminado, suministrado cortado a medida.;materiales;kg;MX;MXN;33.267;;;"Precio base USD convertido; respaldo provisional, revisar con proveedor";2026-08-19;provisional;por_verificar;no;base;"Respaldo convertido desde el precio base USD; no es precio local confirmado."
MT-PERFIL-ACERO;Perfil estructural de acero laminado, suministrado cortado a medida.;materiales;kg;EC;USD;1.95;;;"Precio base USD convertido; respaldo provisional, revisar con proveedor";2026-08-19;provisional;por_verificar;no;base;"Respaldo convertido desde el precio base USD; no es precio local confirmado."
MT-PLANCHA-ACERO;Plancha de acero para placas base, cartelas y conexiones.;materiales;kg;CO;COP;6883.03;;;"Precio base USD convertido; respaldo provisional, revisar con proveedor";2026-08-19;provisional;por_verificar;no;base;"Respaldo convertido desde el precio base USD; no es precio local confirmado."
MT-PLANCHA-ACERO;Plancha de acero para placas base, cartelas y conexiones.;materiales;kg;PE;PEN;7.414;;;"Precio base USD convertido; respaldo provisional, revisar con proveedor";2026-08-19;provisional;por_verificar;no;base;"Respaldo convertido desde el precio base USD; no es precio local confirmado."
MT-PLANCHA-ACERO;Plancha de acero para placas base, cartelas y conexiones.;materiales;kg;MX;MXN;37.532;;;"Precio base USD convertido; respaldo provisional, revisar con proveedor";2026-08-19;provisional;por_verificar;no;base;"Respaldo convertido desde el precio base USD; no es precio local confirmado."
MT-PLANCHA-ACERO;Plancha de acero para placas base, cartelas y conexiones.;materiales;kg;EC;USD;2.2;;;"Precio base USD convertido; respaldo provisional, revisar con proveedor";2026-08-19;provisional;por_verificar;no;base;"Respaldo convertido desde el precio base USD; no es precio local confirmado."
MT-PERNO-ANCLA;Perno de anclaje de acero con tuerca y arandela, para fijación de placa base.;materiales;ud;CO;COP;6883.03;;;"Precio base USD convertido; respaldo provisional, revisar con proveedor";2026-08-19;provisional;por_verificar;no;base;"Respaldo convertido desde el precio base USD; no es precio local confirmado."
MT-PERNO-ANCLA;Perno de anclaje de acero con tuerca y arandela, para fijación de placa base.;materiales;ud;PE;PEN;7.414;;;"Precio base USD convertido; respaldo provisional, revisar con proveedor";2026-08-19;provisional;por_verificar;no;base;"Respaldo convertido desde el precio base USD; no es precio local confirmado."
MT-PERNO-ANCLA;Perno de anclaje de acero con tuerca y arandela, para fijación de placa base.;materiales;ud;MX;MXN;37.532;;;"Precio base USD convertido; respaldo provisional, revisar con proveedor";2026-08-19;provisional;por_verificar;no;base;"Respaldo convertido desde el precio base USD; no es precio local confirmado."
MT-PERNO-ANCLA;Perno de anclaje de acero con tuerca y arandela, para fijación de placa base.;materiales;ud;EC;USD;2.2;;;"Precio base USD convertido; respaldo provisional, revisar con proveedor";2026-08-19;provisional;por_verificar;no;base;"Respaldo convertido desde el precio base USD; no es precio local confirmado."
MT-TORNILLO-EST;Tornillería estructural de alta resistencia con tuerca y arandelas.;materiales;ud;CO;COP;3754.38;;;"Precio base USD convertido; respaldo provisional, revisar con proveedor";2026-08-19;provisional;por_verificar;no;base;"Respaldo convertido desde el precio base USD; no es precio local confirmado."
MT-TORNILLO-EST;Tornillería estructural de alta resistencia con tuerca y arandelas.;materiales;ud;PE;PEN;4.044;;;"Precio base USD convertido; respaldo provisional, revisar con proveedor";2026-08-19;provisional;por_verificar;no;base;"Respaldo convertido desde el precio base USD; no es precio local confirmado."
MT-TORNILLO-EST;Tornillería estructural de alta resistencia con tuerca y arandelas.;materiales;ud;MX;MXN;20.472;;;"Precio base USD convertido; respaldo provisional, revisar con proveedor";2026-08-19;provisional;por_verificar;no;base;"Respaldo convertido desde el precio base USD; no es precio local confirmado."
MT-TORNILLO-EST;Tornillería estructural de alta resistencia con tuerca y arandelas.;materiales;ud;EC;USD;1.2;;;"Precio base USD convertido; respaldo provisional, revisar con proveedor";2026-08-19;provisional;por_verificar;no;base;"Respaldo convertido desde el precio base USD; no es precio local confirmado."
MT-ELECTRODO;Electrodo revestido para soldadura estructural por arco eléctrico.;materiales;kg;CO;COP;15643.25;;;"Precio base USD convertido; respaldo provisional, revisar con proveedor";2026-08-19;provisional;por_verificar;no;base;"Respaldo convertido desde el precio base USD; no es precio local confirmado."
MT-ELECTRODO;Electrodo revestido para soldadura estructural por arco eléctrico.;materiales;kg;PE;PEN;16.85;;;"Precio base USD convertido; respaldo provisional, revisar con proveedor";2026-08-19;provisional;por_verificar;no;base;"Respaldo convertido desde el precio base USD; no es precio local confirmado."
MT-ELECTRODO;Electrodo revestido para soldadura estructural por arco eléctrico.;materiales;kg;MX;MXN;85.3;;;"Precio base USD convertido; respaldo provisional, revisar con proveedor";2026-08-19;provisional;por_verificar;no;base;"Respaldo convertido desde el precio base USD; no es precio local confirmado."
MT-ELECTRODO;Electrodo revestido para soldadura estructural por arco eléctrico.;materiales;kg;EC;USD;5;;;"Precio base USD convertido; respaldo provisional, revisar con proveedor";2026-08-19;provisional;por_verificar;no;base;"Respaldo convertido desde el precio base USD; no es precio local confirmado."
MT-PINT-ANTICORR;Imprimación anticorrosiva de fondo para estructura metálica.;materiales;l;CO;COP;25029.2;;;"Precio base USD convertido; respaldo provisional, revisar con proveedor";2026-08-19;provisional;por_verificar;no;base;"Respaldo convertido desde el precio base USD; no es precio local confirmado."
MT-PINT-ANTICORR;Imprimación anticorrosiva de fondo para estructura metálica.;materiales;l;PE;PEN;26.96;;;"Precio base USD convertido; respaldo provisional, revisar con proveedor";2026-08-19;provisional;por_verificar;no;base;"Respaldo convertido desde el precio base USD; no es precio local confirmado."
MT-PINT-ANTICORR;Imprimación anticorrosiva de fondo para estructura metálica.;materiales;l;MX;MXN;136.48;;;"Precio base USD convertido; respaldo provisional, revisar con proveedor";2026-08-19;provisional;por_verificar;no;base;"Respaldo convertido desde el precio base USD; no es precio local confirmado."
MT-PINT-ANTICORR;Imprimación anticorrosiva de fondo para estructura metálica.;materiales;l;EC;USD;8;;;"Precio base USD convertido; respaldo provisional, revisar con proveedor";2026-08-19;provisional;por_verificar;no;base;"Respaldo convertido desde el precio base USD; no es precio local confirmado."
MT-MADERA-EST;Madera estructural aserrada y cepillada, de escuadría según proyecto.;materiales;m3;CO;COP;891665.25;;;"Precio base USD convertido; respaldo provisional, revisar con proveedor";2026-08-19;provisional;por_verificar;no;base;"Respaldo convertido desde el precio base USD; no es precio local confirmado."
MT-MADERA-EST;Madera estructural aserrada y cepillada, de escuadría según proyecto.;materiales;m3;PE;PEN;960.45;;;"Precio base USD convertido; respaldo provisional, revisar con proveedor";2026-08-19;provisional;por_verificar;no;base;"Respaldo convertido desde el precio base USD; no es precio local confirmado."
MT-MADERA-EST;Madera estructural aserrada y cepillada, de escuadría según proyecto.;materiales;m3;MX;MXN;4862.1;;;"Precio base USD convertido; respaldo provisional, revisar con proveedor";2026-08-19;provisional;por_verificar;no;base;"Respaldo convertido desde el precio base USD; no es precio local confirmado."
MT-MADERA-EST;Madera estructural aserrada y cepillada, de escuadría según proyecto.;materiales;m3;EC;USD;285;;;"Precio base USD convertido; respaldo provisional, revisar con proveedor";2026-08-19;provisional;por_verificar;no;base;"Respaldo convertido desde el precio base USD; no es precio local confirmado."
MT-HERRAJE-MAD;Herraje o conector metálico galvanizado para uniones de estructura de madera.;materiales;ud;CO;COP;17207.575;;;"Precio base USD convertido; respaldo provisional, revisar con proveedor";2026-08-19;provisional;por_verificar;no;base;"Respaldo convertido desde el precio base USD; no es precio local confirmado."
MT-HERRAJE-MAD;Herraje o conector metálico galvanizado para uniones de estructura de madera.;materiales;ud;PE;PEN;18.535;;;"Precio base USD convertido; respaldo provisional, revisar con proveedor";2026-08-19;provisional;por_verificar;no;base;"Respaldo convertido desde el precio base USD; no es precio local confirmado."
MT-HERRAJE-MAD;Herraje o conector metálico galvanizado para uniones de estructura de madera.;materiales;ud;MX;MXN;93.83;;;"Precio base USD convertido; respaldo provisional, revisar con proveedor";2026-08-19;provisional;por_verificar;no;base;"Respaldo convertido desde el precio base USD; no es precio local confirmado."
MT-HERRAJE-MAD;Herraje o conector metálico galvanizado para uniones de estructura de madera.;materiales;ud;EC;USD;5.5;;;"Precio base USD convertido; respaldo provisional, revisar con proveedor";2026-08-19;provisional;por_verificar;no;base;"Respaldo convertido desde el precio base USD; no es precio local confirmado."
MT-PRESERV-MAD;Preservante fungicida e insecticida para protección de madera estructural.;materiales;l;CO;COP;20023.36;;;"Precio base USD convertido; respaldo provisional, revisar con proveedor";2026-08-19;provisional;por_verificar;no;base;"Respaldo convertido desde el precio base USD; no es precio local confirmado."
MT-PRESERV-MAD;Preservante fungicida e insecticida para protección de madera estructural.;materiales;l;PE;PEN;21.568;;;"Precio base USD convertido; respaldo provisional, revisar con proveedor";2026-08-19;provisional;por_verificar;no;base;"Respaldo convertido desde el precio base USD; no es precio local confirmado."
MT-PRESERV-MAD;Preservante fungicida e insecticida para protección de madera estructural.;materiales;l;MX;MXN;109.184;;;"Precio base USD convertido; respaldo provisional, revisar con proveedor";2026-08-19;provisional;por_verificar;no;base;"Respaldo convertido desde el precio base USD; no es precio local confirmado."
MT-PRESERV-MAD;Preservante fungicida e insecticida para protección de madera estructural.;materiales;l;EC;USD;6.4;;;"Precio base USD convertido; respaldo provisional, revisar con proveedor";2026-08-19;provisional;por_verificar;no;base;"Respaldo convertido desde el precio base USD; no es precio local confirmado."
MT-VIGUETA;Vigueta prefabricada pretensada de concreto para losa de entrepiso.;materiales;m;CO;COP;26593.525;;;"Precio base USD convertido; respaldo provisional, revisar con proveedor";2026-08-19;provisional;por_verificar;no;base;"Respaldo convertido desde el precio base USD; no es precio local confirmado."
MT-VIGUETA;Vigueta prefabricada pretensada de concreto para losa de entrepiso.;materiales;m;PE;PEN;28.645;;;"Precio base USD convertido; respaldo provisional, revisar con proveedor";2026-08-19;provisional;por_verificar;no;base;"Respaldo convertido desde el precio base USD; no es precio local confirmado."
MT-VIGUETA;Vigueta prefabricada pretensada de concreto para losa de entrepiso.;materiales;m;MX;MXN;145.01;;;"Precio base USD convertido; respaldo provisional, revisar con proveedor";2026-08-19;provisional;por_verificar;no;base;"Respaldo convertido desde el precio base USD; no es precio local confirmado."
MT-VIGUETA;Vigueta prefabricada pretensada de concreto para losa de entrepiso.;materiales;m;EC;USD;8.5;;;"Precio base USD convertido; respaldo provisional, revisar con proveedor";2026-08-19;provisional;por_verificar;no;base;"Respaldo convertido desde el precio base USD; no es precio local confirmado."
MT-BLOQUE-ALIV;Bloque de arcilla de aliviano para losa nervada.;materiales;ud;CO;COP;2972.2175;;;"Precio base USD convertido; respaldo provisional, revisar con proveedor";2026-08-19;provisional;por_verificar;no;base;"Respaldo convertido desde el precio base USD; no es precio local confirmado."
MT-BLOQUE-ALIV;Bloque de arcilla de aliviano para losa nervada.;materiales;ud;PE;PEN;3.2015;;;"Precio base USD convertido; respaldo provisional, revisar con proveedor";2026-08-19;provisional;por_verificar;no;base;"Respaldo convertido desde el precio base USD; no es precio local confirmado."
MT-BLOQUE-ALIV;Bloque de arcilla de aliviano para losa nervada.;materiales;ud;MX;MXN;16.207;;;"Precio base USD convertido; respaldo provisional, revisar con proveedor";2026-08-19;provisional;por_verificar;no;base;"Respaldo convertido desde el precio base USD; no es precio local confirmado."
MT-BLOQUE-ALIV;Bloque de arcilla de aliviano para losa nervada.;materiales;ud;EC;USD;0.95;;;"Precio base USD convertido; respaldo provisional, revisar con proveedor";2026-08-19;provisional;por_verificar;no;base;"Respaldo convertido desde el precio base USD; no es precio local confirmado."
MT-ANIME-ALIV;Bloque de poliestireno expandido de aliviano para losa nervada, de menor peso propio.;materiales;ud;CO;COP;5005.84;;;"Precio base USD convertido; respaldo provisional, revisar con proveedor";2026-08-19;provisional;por_verificar;no;base;"Respaldo convertido desde el precio base USD; no es precio local confirmado."
MT-ANIME-ALIV;Bloque de poliestireno expandido de aliviano para losa nervada, de menor peso propio.;materiales;ud;PE;PEN;5.392;;;"Precio base USD convertido; respaldo provisional, revisar con proveedor";2026-08-19;provisional;por_verificar;no;base;"Respaldo convertido desde el precio base USD; no es precio local confirmado."
MT-ANIME-ALIV;Bloque de poliestireno expandido de aliviano para losa nervada, de menor peso propio.;materiales;ud;MX;MXN;27.296;;;"Precio base USD convertido; respaldo provisional, revisar con proveedor";2026-08-19;provisional;por_verificar;no;base;"Respaldo convertido desde el precio base USD; no es precio local confirmado."
MT-ANIME-ALIV;Bloque de poliestireno expandido de aliviano para losa nervada, de menor peso propio.;materiales;ud;EC;USD;1.6;;;"Precio base USD convertido; respaldo provisional, revisar con proveedor";2026-08-19;provisional;por_verificar;no;base;"Respaldo convertido desde el precio base USD; no es precio local confirmado."
MT-CONC-300;Concreto premezclado de resistencia 300 kg/cm2, puesto en obra.;materiales;m3;CO;COP;412981.8;;;"Precio base USD convertido; respaldo provisional, revisar con proveedor";2026-08-19;provisional;por_verificar;no;base;"Respaldo convertido desde el precio base USD; no es precio local confirmado."
MT-CONC-300;Concreto premezclado de resistencia 300 kg/cm2, puesto en obra.;materiales;m3;PE;PEN;444.84;;;"Precio base USD convertido; respaldo provisional, revisar con proveedor";2026-08-19;provisional;por_verificar;no;base;"Respaldo convertido desde el precio base USD; no es precio local confirmado."
MT-CONC-300;Concreto premezclado de resistencia 300 kg/cm2, puesto en obra.;materiales;m3;MX;MXN;2251.92;;;"Precio base USD convertido; respaldo provisional, revisar con proveedor";2026-08-19;provisional;por_verificar;no;base;"Respaldo convertido desde el precio base USD; no es precio local confirmado."
MT-CONC-300;Concreto premezclado de resistencia 300 kg/cm2, puesto en obra.;materiales;m3;EC;USD;132;;;"Precio base USD convertido; respaldo provisional, revisar con proveedor";2026-08-19;provisional;por_verificar;no;base;"Respaldo convertido desde el precio base USD; no es precio local confirmado."
MT-EPOXI-ANCLA;Resina epóxica bicomponente para anclaje químico de barras y para inyección de fisuras.;materiales;l;CO;COP;297221.75;;;"Precio base USD convertido; respaldo provisional, revisar con proveedor";2026-08-19;provisional;por_verificar;no;base;"Respaldo convertido desde el precio base USD; no es precio local confirmado."
MT-EPOXI-ANCLA;Resina epóxica bicomponente para anclaje químico de barras y para inyección de fisuras.;materiales;l;PE;PEN;320.15;;;"Precio base USD convertido; respaldo provisional, revisar con proveedor";2026-08-19;provisional;por_verificar;no;base;"Respaldo convertido desde el precio base USD; no es precio local confirmado."
MT-EPOXI-ANCLA;Resina epóxica bicomponente para anclaje químico de barras y para inyección de fisuras.;materiales;l;MX;MXN;1620.7;;;"Precio base USD convertido; respaldo provisional, revisar con proveedor";2026-08-19;provisional;por_verificar;no;base;"Respaldo convertido desde el precio base USD; no es precio local confirmado."
MT-EPOXI-ANCLA;Resina epóxica bicomponente para anclaje químico de barras y para inyección de fisuras.;materiales;l;EC;USD;95;;;"Precio base USD convertido; respaldo provisional, revisar con proveedor";2026-08-19;provisional;por_verificar;no;base;"Respaldo convertido desde el precio base USD; no es precio local confirmado."
MT-FIBRA-CARB;Tejido de fibra de carbono unidireccional con su resina de saturación, para refuerzo estructural.;materiales;m2;CO;COP;150175.2;;;"Precio base USD convertido; respaldo provisional, revisar con proveedor";2026-08-19;provisional;por_verificar;no;base;"Respaldo convertido desde el precio base USD; no es precio local confirmado."
MT-FIBRA-CARB;Tejido de fibra de carbono unidireccional con su resina de saturación, para refuerzo estructural.;materiales;m2;PE;PEN;161.76;;;"Precio base USD convertido; respaldo provisional, revisar con proveedor";2026-08-19;provisional;por_verificar;no;base;"Respaldo convertido desde el precio base USD; no es precio local confirmado."
MT-FIBRA-CARB;Tejido de fibra de carbono unidireccional con su resina de saturación, para refuerzo estructural.;materiales;m2;MX;MXN;818.88;;;"Precio base USD convertido; respaldo provisional, revisar con proveedor";2026-08-19;provisional;por_verificar;no;base;"Respaldo convertido desde el precio base USD; no es precio local confirmado."
MT-FIBRA-CARB;Tejido de fibra de carbono unidireccional con su resina de saturación, para refuerzo estructural.;materiales;m2;EC;USD;48;;;"Precio base USD convertido; respaldo provisional, revisar con proveedor";2026-08-19;provisional;por_verificar;no;base;"Respaldo convertido desde el precio base USD; no es precio local confirmado."
MT-MORT-REP-EST;Mortero tixotrópico de reparación estructural, de retracción compensada y con inhibidor de corrosión.;materiales;kg;CO;COP;7508.76;;;"Precio base USD convertido; respaldo provisional, revisar con proveedor";2026-08-19;provisional;por_verificar;no;base;"Respaldo convertido desde el precio base USD; no es precio local confirmado."
MT-MORT-REP-EST;Mortero tixotrópico de reparación estructural, de retracción compensada y con inhibidor de corrosión.;materiales;kg;PE;PEN;8.088;;;"Precio base USD convertido; respaldo provisional, revisar con proveedor";2026-08-19;provisional;por_verificar;no;base;"Respaldo convertido desde el precio base USD; no es precio local confirmado."
MT-MORT-REP-EST;Mortero tixotrópico de reparación estructural, de retracción compensada y con inhibidor de corrosión.;materiales;kg;MX;MXN;40.944;;;"Precio base USD convertido; respaldo provisional, revisar con proveedor";2026-08-19;provisional;por_verificar;no;base;"Respaldo convertido desde el precio base USD; no es precio local confirmado."
MT-MORT-REP-EST;Mortero tixotrópico de reparación estructural, de retracción compensada y con inhibidor de corrosión.;materiales;kg;EC;USD;2.4;;;"Precio base USD convertido; respaldo provisional, revisar con proveedor";2026-08-19;provisional;por_verificar;no;base;"Respaldo convertido desde el precio base USD; no es precio local confirmado."
MT-PUENTE-ADH;Puente de adherencia epóxico entre concreto endurecido y concreto o mortero nuevo.;materiales;l;CO;COP;62573;;;"Precio base USD convertido; respaldo provisional, revisar con proveedor";2026-08-19;provisional;por_verificar;no;base;"Respaldo convertido desde el precio base USD; no es precio local confirmado."
MT-PUENTE-ADH;Puente de adherencia epóxico entre concreto endurecido y concreto o mortero nuevo.;materiales;l;PE;PEN;67.4;;;"Precio base USD convertido; respaldo provisional, revisar con proveedor";2026-08-19;provisional;por_verificar;no;base;"Respaldo convertido desde el precio base USD; no es precio local confirmado."
MT-PUENTE-ADH;Puente de adherencia epóxico entre concreto endurecido y concreto o mortero nuevo.;materiales;l;MX;MXN;341.2;;;"Precio base USD convertido; respaldo provisional, revisar con proveedor";2026-08-19;provisional;por_verificar;no;base;"Respaldo convertido desde el precio base USD; no es precio local confirmado."
MT-PUENTE-ADH;Puente de adherencia epóxico entre concreto endurecido y concreto o mortero nuevo.;materiales;l;EC;USD;20;;;"Precio base USD convertido; respaldo provisional, revisar con proveedor";2026-08-19;provisional;por_verificar;no;base;"Respaldo convertido desde el precio base USD; no es precio local confirmado."
MT-GROUT;Grout fluido de alta resistencia y retracción compensada, para nivelación de apoyos y relleno de placas base.;materiales;kg;CO;COP;6883.03;;;"Precio base USD convertido; respaldo provisional, revisar con proveedor";2026-08-19;provisional;por_verificar;no;base;"Respaldo convertido desde el precio base USD; no es precio local confirmado."
MT-GROUT;Grout fluido de alta resistencia y retracción compensada, para nivelación de apoyos y relleno de placas base.;materiales;kg;PE;PEN;7.414;;;"Precio base USD convertido; respaldo provisional, revisar con proveedor";2026-08-19;provisional;por_verificar;no;base;"Respaldo convertido desde el precio base USD; no es precio local confirmado."
MT-GROUT;Grout fluido de alta resistencia y retracción compensada, para nivelación de apoyos y relleno de placas base.;materiales;kg;MX;MXN;37.532;;;"Precio base USD convertido; respaldo provisional, revisar con proveedor";2026-08-19;provisional;por_verificar;no;base;"Respaldo convertido desde el precio base USD; no es precio local confirmado."
MT-GROUT;Grout fluido de alta resistencia y retracción compensada, para nivelación de apoyos y relleno de placas base.;materiales;kg;EC;USD;2.2;;;"Precio base USD convertido; respaldo provisional, revisar con proveedor";2026-08-19;provisional;por_verificar;no;base;"Respaldo convertido desde el precio base USD; no es precio local confirmado."
MT-PASIVANTE;Recubrimiento pasivante de base cementosa con inhibidor, para protección de acero de refuerzo corroído.;materiales;l;CO;COP;30660.77;;;"Precio base USD convertido; respaldo provisional, revisar con proveedor";2026-08-19;provisional;por_verificar;no;base;"Respaldo convertido desde el precio base USD; no es precio local confirmado."
MT-PASIVANTE;Recubrimiento pasivante de base cementosa con inhibidor, para protección de acero de refuerzo corroído.;materiales;l;PE;PEN;33.026;;;"Precio base USD convertido; respaldo provisional, revisar con proveedor";2026-08-19;provisional;por_verificar;no;base;"Respaldo convertido desde el precio base USD; no es precio local confirmado."
MT-PASIVANTE;Recubrimiento pasivante de base cementosa con inhibidor, para protección de acero de refuerzo corroído.;materiales;l;MX;MXN;167.188;;;"Precio base USD convertido; respaldo provisional, revisar con proveedor";2026-08-19;provisional;por_verificar;no;base;"Respaldo convertido desde el precio base USD; no es precio local confirmado."
MT-PASIVANTE;Recubrimiento pasivante de base cementosa con inhibidor, para protección de acero de refuerzo corroído.;materiales;l;EC;USD;9.8;;;"Precio base USD convertido; respaldo provisional, revisar con proveedor";2026-08-19;provisional;por_verificar;no;base;"Respaldo convertido desde el precio base USD; no es precio local confirmado."
MT-BLQ-15;Bloque de concreto hueco de 15x20x40 cm.;materiales;ud;CO;COP;2600;;;docs/INVESTIGACION_PRECIOS_RONDA_1.md;2026-08-19;referencia;por_verificar;no_confirmado;nacional;"Referencia central; validar presentación y proveedor."
MT-BLQ-15;Bloque de concreto hueco de 15x20x40 cm.;materiales;ud;PE;PEN;1.5;;;docs/INVESTIGACION_PRECIOS_RONDA_1.md;2026-08-19;referencia;por_verificar;no_confirmado;nacional;"Referencia central; validar presentación y proveedor."
MT-BLQ-15;Bloque de concreto hueco de 15x20x40 cm.;materiales;ud;MX;MXN;17;;;docs/INVESTIGACION_PRECIOS_RONDA_1.md;2026-08-19;referencia;por_verificar;no_confirmado;nacional;"Referencia central; validar presentación y proveedor."
MT-BLQ-15;Bloque de concreto hueco de 15x20x40 cm.;materiales;ud;EC;USD;0.43;;;docs/INVESTIGACION_PRECIOS_RONDA_1.md;2026-08-19;referencia;por_verificar;no_confirmado;nacional;"Referencia central; validar presentación y proveedor."
MT-BLQ-20;Bloque de concreto hueco de 20x20x40 cm.;materiales;ud;CO;COP;2440.347;;;"Precio base USD convertido; respaldo provisional, revisar con proveedor";2026-08-19;provisional;por_verificar;no;base;"Respaldo convertido desde el precio base USD; no es precio local confirmado."
MT-BLQ-20;Bloque de concreto hueco de 20x20x40 cm.;materiales;ud;PE;PEN;2.6286;;;"Precio base USD convertido; respaldo provisional, revisar con proveedor";2026-08-19;provisional;por_verificar;no;base;"Respaldo convertido desde el precio base USD; no es precio local confirmado."
MT-BLQ-20;Bloque de concreto hueco de 20x20x40 cm.;materiales;ud;MX;MXN;13.3068;;;"Precio base USD convertido; respaldo provisional, revisar con proveedor";2026-08-19;provisional;por_verificar;no;base;"Respaldo convertido desde el precio base USD; no es precio local confirmado."
MT-BLQ-20;Bloque de concreto hueco de 20x20x40 cm.;materiales;ud;EC;USD;0.78;;;"Precio base USD convertido; respaldo provisional, revisar con proveedor";2026-08-19;provisional;por_verificar;no;base;"Respaldo convertido desde el precio base USD; no es precio local confirmado."
MT-BLQ-ARC-10;Bloque hueco de arcilla de 10x20x30 cm.;materiales;ud;CO;COP;1188.887;;;"Precio base USD convertido; respaldo provisional, revisar con proveedor";2026-08-19;provisional;por_verificar;no;base;"Respaldo convertido desde el precio base USD; no es precio local confirmado."
MT-BLQ-ARC-10;Bloque hueco de arcilla de 10x20x30 cm.;materiales;ud;PE;PEN;1.2806;;;"Precio base USD convertido; respaldo provisional, revisar con proveedor";2026-08-19;provisional;por_verificar;no;base;"Respaldo convertido desde el precio base USD; no es precio local confirmado."
MT-BLQ-ARC-10;Bloque hueco de arcilla de 10x20x30 cm.;materiales;ud;MX;MXN;6.4828;;;"Precio base USD convertido; respaldo provisional, revisar con proveedor";2026-08-19;provisional;por_verificar;no;base;"Respaldo convertido desde el precio base USD; no es precio local confirmado."
MT-BLQ-ARC-10;Bloque hueco de arcilla de 10x20x30 cm.;materiales;ud;EC;USD;0.38;;;"Precio base USD convertido; respaldo provisional, revisar con proveedor";2026-08-19;provisional;por_verificar;no;base;"Respaldo convertido desde el precio base USD; no es precio local confirmado."
MT-BLQ-ARC-15;Bloque hueco de arcilla de 15x20x30 cm.;materiales;ud;CO;COP;1720.7575;;;"Precio base USD convertido; respaldo provisional, revisar con proveedor";2026-08-19;provisional;por_verificar;no;base;"Respaldo convertido desde el precio base USD; no es precio local confirmado."
MT-BLQ-ARC-15;Bloque hueco de arcilla de 15x20x30 cm.;materiales;ud;PE;PEN;1.8535;;;"Precio base USD convertido; respaldo provisional, revisar con proveedor";2026-08-19;provisional;por_verificar;no;base;"Respaldo convertido desde el precio base USD; no es precio local confirmado."
MT-BLQ-ARC-15;Bloque hueco de arcilla de 15x20x30 cm.;materiales;ud;MX;MXN;9.383;;;"Precio base USD convertido; respaldo provisional, revisar con proveedor";2026-08-19;provisional;por_verificar;no;base;"Respaldo convertido desde el precio base USD; no es precio local confirmado."
MT-BLQ-ARC-15;Bloque hueco de arcilla de 15x20x30 cm.;materiales;ud;EC;USD;0.55;;;"Precio base USD convertido; respaldo provisional, revisar con proveedor";2026-08-19;provisional;por_verificar;no;base;"Respaldo convertido desde el precio base USD; no es precio local confirmado."
MT-LADRILLO;Ladrillo macizo de arcilla cocida.;materiales;ud;CO;COP;1000;;;docs/INVESTIGACION_PRECIOS_RONDA_1.md;2026-08-19;referencia;por_verificar;no_confirmado;nacional;"Referencia central; validar presentación y proveedor."
MT-LADRILLO;Ladrillo macizo de arcilla cocida.;materiales;ud;PE;PEN;1.5;;;docs/INVESTIGACION_PRECIOS_RONDA_1.md;2026-08-19;referencia;por_verificar;no_confirmado;nacional;"Referencia central; validar presentación y proveedor."
MT-LADRILLO;Ladrillo macizo de arcilla cocida.;materiales;ud;MX;MXN;6.4;;;docs/INVESTIGACION_PRECIOS_RONDA_1.md;2026-08-19;referencia;por_verificar;no_confirmado;nacional;"Referencia central; validar presentación y proveedor."
MT-LADRILLO;Ladrillo macizo de arcilla cocida.;materiales;ud;EC;USD;0.3;;;docs/INVESTIGACION_PRECIOS_RONDA_1.md;2026-08-19;referencia;por_verificar;no_confirmado;nacional;"Referencia central; validar presentación y proveedor."
MT-BLQ-VIDRIO;Bloque de vidrio de 19x19x8 cm, con sus separadores y refuerzo de junta.;materiales;ud;CO;COP;21587.685;;;"Precio base USD convertido; respaldo provisional, revisar con proveedor";2026-08-19;provisional;por_verificar;no;base;"Respaldo convertido desde el precio base USD; no es precio local confirmado."
MT-BLQ-VIDRIO;Bloque de vidrio de 19x19x8 cm, con sus separadores y refuerzo de junta.;materiales;ud;PE;PEN;23.253;;;"Precio base USD convertido; respaldo provisional, revisar con proveedor";2026-08-19;provisional;por_verificar;no;base;"Respaldo convertido desde el precio base USD; no es precio local confirmado."
MT-BLQ-VIDRIO;Bloque de vidrio de 19x19x8 cm, con sus separadores y refuerzo de junta.;materiales;ud;MX;MXN;117.714;;;"Precio base USD convertido; respaldo provisional, revisar con proveedor";2026-08-19;provisional;por_verificar;no;base;"Respaldo convertido desde el precio base USD; no es precio local confirmado."
MT-BLQ-VIDRIO;Bloque de vidrio de 19x19x8 cm, con sus separadores y refuerzo de junta.;materiales;ud;EC;USD;6.9;;;"Precio base USD convertido; respaldo provisional, revisar con proveedor";2026-08-19;provisional;por_verificar;no;base;"Respaldo convertido desde el precio base USD; no es precio local confirmado."
MT-PLACA-CEM;Placa de cemento reforzada con fibra, apta para áreas húmedas y exteriores.;materiales;m2;CO;COP;28783.58;;;"Precio base USD convertido; respaldo provisional, revisar con proveedor";2026-08-19;provisional;por_verificar;no;base;"Respaldo convertido desde el precio base USD; no es precio local confirmado."
MT-PLACA-CEM;Placa de cemento reforzada con fibra, apta para áreas húmedas y exteriores.;materiales;m2;PE;PEN;31.004;;;"Precio base USD convertido; respaldo provisional, revisar con proveedor";2026-08-19;provisional;por_verificar;no;base;"Respaldo convertido desde el precio base USD; no es precio local confirmado."
MT-PLACA-CEM;Placa de cemento reforzada con fibra, apta para áreas húmedas y exteriores.;materiales;m2;MX;MXN;156.952;;;"Precio base USD convertido; respaldo provisional, revisar con proveedor";2026-08-19;provisional;por_verificar;no;base;"Respaldo convertido desde el precio base USD; no es precio local confirmado."
MT-PLACA-CEM;Placa de cemento reforzada con fibra, apta para áreas húmedas y exteriores.;materiales;m2;EC;USD;9.2;;;"Precio base USD convertido; respaldo provisional, revisar con proveedor";2026-08-19;provisional;por_verificar;no;base;"Respaldo convertido desde el precio base USD; no es precio local confirmado."
MT-PYL-PLACA-RH;Placa de yeso laminado resistente a la humedad, de 12,5 mm, para áreas húmedas.;materiales;m2;CO;COP;30804.891158290782;;;docs/INVESTIGACION_PRECIOS_RONDA_1.md;2026-08-19;referencia;por_verificar;no_confirmado;nacional;"Referencia central; validar presentación y proveedor."
MT-PYL-PLACA-RH;Placa de yeso laminado resistente a la humedad, de 12,5 mm, para áreas húmedas.;materiales;m2;PE;PEN;16.762966944369794;;;docs/INVESTIGACION_PRECIOS_RONDA_1.md;2026-08-19;referencia;por_verificar;no_confirmado;nacional;"Referencia central; validar presentación y proveedor."
MT-PYL-PLACA-RH;Placa de yeso laminado resistente a la humedad, de 12,5 mm, para áreas húmedas.;materiales;m2;MX;MXN;97.08411717280302;;;docs/INVESTIGACION_PRECIOS_RONDA_1.md;2026-08-19;referencia;por_verificar;no_confirmado;nacional;"Referencia central; validar presentación y proveedor."
MT-PYL-PLACA-RH;Placa de yeso laminado resistente a la humedad, de 12,5 mm, para áreas húmedas.;materiales;m2;EC;USD;5.747782854071486;;;docs/INVESTIGACION_PRECIOS_RONDA_1.md;2026-08-19;referencia;por_verificar;no_confirmado;nacional;"Referencia central; validar presentación y proveedor."
MT-DINTEL-PREF;Dintel prefabricado de concreto armado para vanos de puerta y ventana.;materiales;m;CO;COP;20336.225;;;"Precio base USD convertido; respaldo provisional, revisar con proveedor";2026-08-19;provisional;por_verificar;no;base;"Respaldo convertido desde el precio base USD; no es precio local confirmado."
MT-DINTEL-PREF;Dintel prefabricado de concreto armado para vanos de puerta y ventana.;materiales;m;PE;PEN;21.905;;;"Precio base USD convertido; respaldo provisional, revisar con proveedor";2026-08-19;provisional;por_verificar;no;base;"Respaldo convertido desde el precio base USD; no es precio local confirmado."
MT-DINTEL-PREF;Dintel prefabricado de concreto armado para vanos de puerta y ventana.;materiales;m;MX;MXN;110.89;;;"Precio base USD convertido; respaldo provisional, revisar con proveedor";2026-08-19;provisional;por_verificar;no;base;"Respaldo convertido desde el precio base USD; no es precio local confirmado."
MT-DINTEL-PREF;Dintel prefabricado de concreto armado para vanos de puerta y ventana.;materiales;m;EC;USD;6.5;;;"Precio base USD convertido; respaldo provisional, revisar con proveedor";2026-08-19;provisional;por_verificar;no;base;"Respaldo convertido desde el precio base USD; no es precio local confirmado."
MT-PANEL-LIV;Panel liviano prefabricado de núcleo aligerado con caras de mortero, para tabiquería.;materiales;m2;CO;COP;43801.1;;;"Precio base USD convertido; respaldo provisional, revisar con proveedor";2026-08-19;provisional;por_verificar;no;base;"Respaldo convertido desde el precio base USD; no es precio local confirmado."
MT-PANEL-LIV;Panel liviano prefabricado de núcleo aligerado con caras de mortero, para tabiquería.;materiales;m2;PE;PEN;47.18;;;"Precio base USD convertido; respaldo provisional, revisar con proveedor";2026-08-19;provisional;por_verificar;no;base;"Respaldo convertido desde el precio base USD; no es precio local confirmado."
MT-PANEL-LIV;Panel liviano prefabricado de núcleo aligerado con caras de mortero, para tabiquería.;materiales;m2;MX;MXN;238.84;;;"Precio base USD convertido; respaldo provisional, revisar con proveedor";2026-08-19;provisional;por_verificar;no;base;"Respaldo convertido desde el precio base USD; no es precio local confirmado."
MT-PANEL-LIV;Panel liviano prefabricado de núcleo aligerado con caras de mortero, para tabiquería.;materiales;m2;EC;USD;14;;;"Precio base USD convertido; respaldo provisional, revisar con proveedor";2026-08-19;provisional;por_verificar;no;base;"Respaldo convertido desde el precio base USD; no es precio local confirmado."
MT-MACHIH-MAD;Machihembrado de madera para divisiones y forros interiores.;materiales;m2;CO;COP;34415.15;;;"Precio base USD convertido; respaldo provisional, revisar con proveedor";2026-08-19;provisional;por_verificar;no;base;"Respaldo convertido desde el precio base USD; no es precio local confirmado."
MT-MACHIH-MAD;Machihembrado de madera para divisiones y forros interiores.;materiales;m2;PE;PEN;37.07;;;"Precio base USD convertido; respaldo provisional, revisar con proveedor";2026-08-19;provisional;por_verificar;no;base;"Respaldo convertido desde el precio base USD; no es precio local confirmado."
MT-MACHIH-MAD;Machihembrado de madera para divisiones y forros interiores.;materiales;m2;MX;MXN;187.66;;;"Precio base USD convertido; respaldo provisional, revisar con proveedor";2026-08-19;provisional;por_verificar;no;base;"Respaldo convertido desde el precio base USD; no es precio local confirmado."
MT-MACHIH-MAD;Machihembrado de madera para divisiones y forros interiores.;materiales;m2;EC;USD;11;;;"Precio base USD convertido; respaldo provisional, revisar con proveedor";2026-08-19;provisional;por_verificar;no;base;"Respaldo convertido desde el precio base USD; no es precio local confirmado."
MT-MALLA-JUNTA;Malla o banda de refuerzo para juntas entre materiales distintos y encuentros con estructura.;materiales;m;CO;COP;3754.38;;;"Precio base USD convertido; respaldo provisional, revisar con proveedor";2026-08-19;provisional;por_verificar;no;base;"Respaldo convertido desde el precio base USD; no es precio local confirmado."
MT-MALLA-JUNTA;Malla o banda de refuerzo para juntas entre materiales distintos y encuentros con estructura.;materiales;m;PE;PEN;4.044;;;"Precio base USD convertido; respaldo provisional, revisar con proveedor";2026-08-19;provisional;por_verificar;no;base;"Respaldo convertido desde el precio base USD; no es precio local confirmado."
MT-MALLA-JUNTA;Malla o banda de refuerzo para juntas entre materiales distintos y encuentros con estructura.;materiales;m;MX;MXN;20.472;;;"Precio base USD convertido; respaldo provisional, revisar con proveedor";2026-08-19;provisional;por_verificar;no;base;"Respaldo convertido desde el precio base USD; no es precio local confirmado."
MT-MALLA-JUNTA;Malla o banda de refuerzo para juntas entre materiales distintos y encuentros con estructura.;materiales;m;EC;USD;1.2;;;"Precio base USD convertido; respaldo provisional, revisar con proveedor";2026-08-19;provisional;por_verificar;no;base;"Respaldo convertido desde el precio base USD; no es precio local confirmado."
MT-SELLA-ELAST;Sellador elástico de poliuretano para juntas de movimiento y encuentros.;materiales;l;CO;COP;100116.8;;;"Precio base USD convertido; respaldo provisional, revisar con proveedor";2026-08-19;provisional;por_verificar;no;base;"Respaldo convertido desde el precio base USD; no es precio local confirmado."
MT-SELLA-ELAST;Sellador elástico de poliuretano para juntas de movimiento y encuentros.;materiales;l;PE;PEN;107.84;;;"Precio base USD convertido; respaldo provisional, revisar con proveedor";2026-08-19;provisional;por_verificar;no;base;"Respaldo convertido desde el precio base USD; no es precio local confirmado."
MT-SELLA-ELAST;Sellador elástico de poliuretano para juntas de movimiento y encuentros.;materiales;l;MX;MXN;545.92;;;"Precio base USD convertido; respaldo provisional, revisar con proveedor";2026-08-19;provisional;por_verificar;no;base;"Respaldo convertido desde el precio base USD; no es precio local confirmado."
MT-SELLA-ELAST;Sellador elástico de poliuretano para juntas de movimiento y encuentros.;materiales;l;EC;USD;32;;;"Precio base USD convertido; respaldo provisional, revisar con proveedor";2026-08-19;provisional;por_verificar;no;base;"Respaldo convertido desde el precio base USD; no es precio local confirmado."
MT-ANCLA-MURO;Conector o anclaje metálico de amarre de pared a estructura de concreto.;materiales;ud;CO;COP;2033.6225;;;"Precio base USD convertido; respaldo provisional, revisar con proveedor";2026-08-19;provisional;por_verificar;no;base;"Respaldo convertido desde el precio base USD; no es precio local confirmado."
MT-ANCLA-MURO;Conector o anclaje metálico de amarre de pared a estructura de concreto.;materiales;ud;PE;PEN;2.1905;;;"Precio base USD convertido; respaldo provisional, revisar con proveedor";2026-08-19;provisional;por_verificar;no;base;"Respaldo convertido desde el precio base USD; no es precio local confirmado."
MT-ANCLA-MURO;Conector o anclaje metálico de amarre de pared a estructura de concreto.;materiales;ud;MX;MXN;11.089;;;"Precio base USD convertido; respaldo provisional, revisar con proveedor";2026-08-19;provisional;por_verificar;no;base;"Respaldo convertido desde el precio base USD; no es precio local confirmado."
MT-ANCLA-MURO;Conector o anclaje metálico de amarre de pared a estructura de concreto.;materiales;ud;EC;USD;0.65;;;"Precio base USD convertido; respaldo provisional, revisar con proveedor";2026-08-19;provisional;por_verificar;no;base;"Respaldo convertido desde el precio base USD; no es precio local confirmado."
MT-REFUERZO-PYL;Refuerzo interior de madera o perfil metálico para anclaje de cargas en tabique de yeso laminado.;materiales;m;CO;COP;10011.68;;;"Precio base USD convertido; respaldo provisional, revisar con proveedor";2026-08-19;provisional;por_verificar;no;base;"Respaldo convertido desde el precio base USD; no es precio local confirmado."
MT-REFUERZO-PYL;Refuerzo interior de madera o perfil metálico para anclaje de cargas en tabique de yeso laminado.;materiales;m;PE;PEN;10.784;;;"Precio base USD convertido; respaldo provisional, revisar con proveedor";2026-08-19;provisional;por_verificar;no;base;"Respaldo convertido desde el precio base USD; no es precio local confirmado."
MT-REFUERZO-PYL;Refuerzo interior de madera o perfil metálico para anclaje de cargas en tabique de yeso laminado.;materiales;m;MX;MXN;54.592;;;"Precio base USD convertido; respaldo provisional, revisar con proveedor";2026-08-19;provisional;por_verificar;no;base;"Respaldo convertido desde el precio base USD; no es precio local confirmado."
MT-REFUERZO-PYL;Refuerzo interior de madera o perfil metálico para anclaje de cargas en tabique de yeso laminado.;materiales;m;EC;USD;3.2;;;"Precio base USD convertido; respaldo provisional, revisar con proveedor";2026-08-19;provisional;por_verificar;no;base;"Respaldo convertido desde el precio base USD; no es precio local confirmado."
MT-HIDROFUGO;Aditivo hidrófugo de masa para morteros de friso en exteriores y áreas húmedas.;materiales;l;CO;COP;13140.33;;;"Precio base USD convertido; respaldo provisional, revisar con proveedor";2026-08-19;provisional;por_verificar;no;base;"Respaldo convertido desde el precio base USD; no es precio local confirmado."
MT-HIDROFUGO;Aditivo hidrófugo de masa para morteros de friso en exteriores y áreas húmedas.;materiales;l;PE;PEN;14.154;;;"Precio base USD convertido; respaldo provisional, revisar con proveedor";2026-08-19;provisional;por_verificar;no;base;"Respaldo convertido desde el precio base USD; no es precio local confirmado."
MT-HIDROFUGO;Aditivo hidrófugo de masa para morteros de friso en exteriores y áreas húmedas.;materiales;l;MX;MXN;71.652;;;"Precio base USD convertido; respaldo provisional, revisar con proveedor";2026-08-19;provisional;por_verificar;no;base;"Respaldo convertido desde el precio base USD; no es precio local confirmado."
MT-HIDROFUGO;Aditivo hidrófugo de masa para morteros de friso en exteriores y áreas húmedas.;materiales;l;EC;USD;4.2;;;"Precio base USD convertido; respaldo provisional, revisar con proveedor";2026-08-19;provisional;por_verificar;no;base;"Respaldo convertido desde el precio base USD; no es precio local confirmado."
MT-MORT-IMPER;Mortero impermeabilizante cementoso bicomponente, flexible, para áreas húmedas bajo enchapado.;materiales;kg;CO;COP;3910.8125;;;"Precio base USD convertido; respaldo provisional, revisar con proveedor";2026-08-19;provisional;por_verificar;no;base;"Respaldo convertido desde el precio base USD; no es precio local confirmado."
MT-MORT-IMPER;Mortero impermeabilizante cementoso bicomponente, flexible, para áreas húmedas bajo enchapado.;materiales;kg;PE;PEN;4.2125;;;"Precio base USD convertido; respaldo provisional, revisar con proveedor";2026-08-19;provisional;por_verificar;no;base;"Respaldo convertido desde el precio base USD; no es precio local confirmado."
MT-MORT-IMPER;Mortero impermeabilizante cementoso bicomponente, flexible, para áreas húmedas bajo enchapado.;materiales;kg;MX;MXN;21.325;;;"Precio base USD convertido; respaldo provisional, revisar con proveedor";2026-08-19;provisional;por_verificar;no;base;"Respaldo convertido desde el precio base USD; no es precio local confirmado."
MT-MORT-IMPER;Mortero impermeabilizante cementoso bicomponente, flexible, para áreas húmedas bajo enchapado.;materiales;kg;EC;USD;1.25;;;"Precio base USD convertido; respaldo provisional, revisar con proveedor";2026-08-19;provisional;por_verificar;no;base;"Respaldo convertido desde el precio base USD; no es precio local confirmado."
MT-PASTA-YESO;Pasta de yeso para friso y enlucido de paramentos interiores.;materiales;kg;CO;COP;1626.898;;;"Precio base USD convertido; respaldo provisional, revisar con proveedor";2026-08-19;provisional;por_verificar;no;base;"Respaldo convertido desde el precio base USD; no es precio local confirmado."
MT-PASTA-YESO;Pasta de yeso para friso y enlucido de paramentos interiores.;materiales;kg;PE;PEN;1.7524;;;"Precio base USD convertido; respaldo provisional, revisar con proveedor";2026-08-19;provisional;por_verificar;no;base;"Respaldo convertido desde el precio base USD; no es precio local confirmado."
MT-PASTA-YESO;Pasta de yeso para friso y enlucido de paramentos interiores.;materiales;kg;MX;MXN;8.8712;;;"Precio base USD convertido; respaldo provisional, revisar con proveedor";2026-08-19;provisional;por_verificar;no;base;"Respaldo convertido desde el precio base USD; no es precio local confirmado."
MT-PASTA-YESO;Pasta de yeso para friso y enlucido de paramentos interiores.;materiales;kg;EC;USD;0.52;;;"Precio base USD convertido; respaldo provisional, revisar con proveedor";2026-08-19;provisional;por_verificar;no;base;"Respaldo convertido desde el precio base USD; no es precio local confirmado."
MT-ESTUCO-FINO;Pasta de acabado fino para estucado y alisado de paramentos interiores.;materiales;kg;CO;COP;4536.5425;;;"Precio base USD convertido; respaldo provisional, revisar con proveedor";2026-08-19;provisional;por_verificar;no;base;"Respaldo convertido desde el precio base USD; no es precio local confirmado."
MT-ESTUCO-FINO;Pasta de acabado fino para estucado y alisado de paramentos interiores.;materiales;kg;PE;PEN;4.8865;;;"Precio base USD convertido; respaldo provisional, revisar con proveedor";2026-08-19;provisional;por_verificar;no;base;"Respaldo convertido desde el precio base USD; no es precio local confirmado."
MT-ESTUCO-FINO;Pasta de acabado fino para estucado y alisado de paramentos interiores.;materiales;kg;MX;MXN;24.737;;;"Precio base USD convertido; respaldo provisional, revisar con proveedor";2026-08-19;provisional;por_verificar;no;base;"Respaldo convertido desde el precio base USD; no es precio local confirmado."
MT-ESTUCO-FINO;Pasta de acabado fino para estucado y alisado de paramentos interiores.;materiales;kg;EC;USD;1.45;;;"Precio base USD convertido; respaldo provisional, revisar con proveedor";2026-08-19;provisional;por_verificar;no;base;"Respaldo convertido desde el precio base USD; no es precio local confirmado."
MT-MOLDURA-YESO;Moldura corrida de yeso o poliuretano para remates decorativos, con su pasta de agarre.;materiales;m;CO;COP;10011.68;;;"Precio base USD convertido; respaldo provisional, revisar con proveedor";2026-08-19;provisional;por_verificar;no;base;"Respaldo convertido desde el precio base USD; no es precio local confirmado."
MT-MOLDURA-YESO;Moldura corrida de yeso o poliuretano para remates decorativos, con su pasta de agarre.;materiales;m;PE;PEN;10.784;;;"Precio base USD convertido; respaldo provisional, revisar con proveedor";2026-08-19;provisional;por_verificar;no;base;"Respaldo convertido desde el precio base USD; no es precio local confirmado."
MT-MOLDURA-YESO;Moldura corrida de yeso o poliuretano para remates decorativos, con su pasta de agarre.;materiales;m;MX;MXN;54.592;;;"Precio base USD convertido; respaldo provisional, revisar con proveedor";2026-08-19;provisional;por_verificar;no;base;"Respaldo convertido desde el precio base USD; no es precio local confirmado."
MT-MOLDURA-YESO;Moldura corrida de yeso o poliuretano para remates decorativos, con su pasta de agarre.;materiales;m;EC;USD;3.2;;;"Precio base USD convertido; respaldo provisional, revisar con proveedor";2026-08-19;provisional;por_verificar;no;base;"Respaldo convertido desde el precio base USD; no es precio local confirmado."
MT-PERFIL-REMATE;Perfil de aluminio o PVC para remate, esquinero y transición en enchapados.;materiales;m;CO;COP;8134.49;;;"Precio base USD convertido; respaldo provisional, revisar con proveedor";2026-08-19;provisional;por_verificar;no;base;"Respaldo convertido desde el precio base USD; no es precio local confirmado."
MT-PERFIL-REMATE;Perfil de aluminio o PVC para remate, esquinero y transición en enchapados.;materiales;m;PE;PEN;8.762;;;"Precio base USD convertido; respaldo provisional, revisar con proveedor";2026-08-19;provisional;por_verificar;no;base;"Respaldo convertido desde el precio base USD; no es precio local confirmado."
MT-PERFIL-REMATE;Perfil de aluminio o PVC para remate, esquinero y transición en enchapados.;materiales;m;MX;MXN;44.356;;;"Precio base USD convertido; respaldo provisional, revisar con proveedor";2026-08-19;provisional;por_verificar;no;base;"Respaldo convertido desde el precio base USD; no es precio local confirmado."
MT-PERFIL-REMATE;Perfil de aluminio o PVC para remate, esquinero y transición en enchapados.;materiales;m;EC;USD;2.6;;;"Precio base USD convertido; respaldo provisional, revisar con proveedor";2026-08-19;provisional;por_verificar;no;base;"Respaldo convertido desde el precio base USD; no es precio local confirmado."
MT-ANCLA-PIEDRA;Anclaje metálico de acero inoxidable para fijación mecánica de piezas de piedra natural.;materiales;ud;CO;COP;4067.245;;;"Precio base USD convertido; respaldo provisional, revisar con proveedor";2026-08-19;provisional;por_verificar;no;base;"Respaldo convertido desde el precio base USD; no es precio local confirmado."
MT-ANCLA-PIEDRA;Anclaje metálico de acero inoxidable para fijación mecánica de piezas de piedra natural.;materiales;ud;PE;PEN;4.381;;;"Precio base USD convertido; respaldo provisional, revisar con proveedor";2026-08-19;provisional;por_verificar;no;base;"Respaldo convertido desde el precio base USD; no es precio local confirmado."
MT-ANCLA-PIEDRA;Anclaje metálico de acero inoxidable para fijación mecánica de piezas de piedra natural.;materiales;ud;MX;MXN;22.178;;;"Precio base USD convertido; respaldo provisional, revisar con proveedor";2026-08-19;provisional;por_verificar;no;base;"Respaldo convertido desde el precio base USD; no es precio local confirmado."
MT-ANCLA-PIEDRA;Anclaje metálico de acero inoxidable para fijación mecánica de piezas de piedra natural.;materiales;ud;EC;USD;1.3;;;"Precio base USD convertido; respaldo provisional, revisar con proveedor";2026-08-19;provisional;por_verificar;no;base;"Respaldo convertido desde el precio base USD; no es precio local confirmado."
MT-ADH-PIEDRA;Adhesivo cementoso blanco de altas prestaciones, específico para piedra natural sensible a manchas.;materiales;kg;CO;COP;1439.179;;;"Precio base USD convertido; respaldo provisional, revisar con proveedor";2026-08-19;provisional;por_verificar;no;base;"Respaldo convertido desde el precio base USD; no es precio local confirmado."
MT-ADH-PIEDRA;Adhesivo cementoso blanco de altas prestaciones, específico para piedra natural sensible a manchas.;materiales;kg;PE;PEN;1.5502;;;"Precio base USD convertido; respaldo provisional, revisar con proveedor";2026-08-19;provisional;por_verificar;no;base;"Respaldo convertido desde el precio base USD; no es precio local confirmado."
MT-ADH-PIEDRA;Adhesivo cementoso blanco de altas prestaciones, específico para piedra natural sensible a manchas.;materiales;kg;MX;MXN;7.8476;;;"Precio base USD convertido; respaldo provisional, revisar con proveedor";2026-08-19;provisional;por_verificar;no;base;"Respaldo convertido desde el precio base USD; no es precio local confirmado."
MT-ADH-PIEDRA;Adhesivo cementoso blanco de altas prestaciones, específico para piedra natural sensible a manchas.;materiales;kg;EC;USD;0.46;;;"Precio base USD convertido; respaldo provisional, revisar con proveedor";2026-08-19;provisional;por_verificar;no;base;"Respaldo convertido desde el precio base USD; no es precio local confirmado."
MT-CONS-PULIDO;Consumibles de pulido y abrillantado: discos diamantados, abrasivos y cristalizador.;materiales;m2;CO;COP;7508.76;;;"Precio base USD convertido; respaldo provisional, revisar con proveedor";2026-08-19;provisional;por_verificar;no;base;"Respaldo convertido desde el precio base USD; no es precio local confirmado."
MT-CONS-PULIDO;Consumibles de pulido y abrillantado: discos diamantados, abrasivos y cristalizador.;materiales;m2;PE;PEN;8.088;;;"Precio base USD convertido; respaldo provisional, revisar con proveedor";2026-08-19;provisional;por_verificar;no;base;"Respaldo convertido desde el precio base USD; no es precio local confirmado."
MT-CONS-PULIDO;Consumibles de pulido y abrillantado: discos diamantados, abrasivos y cristalizador.;materiales;m2;MX;MXN;40.944;;;"Precio base USD convertido; respaldo provisional, revisar con proveedor";2026-08-19;provisional;por_verificar;no;base;"Respaldo convertido desde el precio base USD; no es precio local confirmado."
MT-CONS-PULIDO;Consumibles de pulido y abrillantado: discos diamantados, abrasivos y cristalizador.;materiales;m2;EC;USD;2.4;;;"Precio base USD convertido; respaldo provisional, revisar con proveedor";2026-08-19;provisional;por_verificar;no;base;"Respaldo convertido desde el precio base USD; no es precio local confirmado."
MT-SELLA-PIEDRA;Sellador hidrofugante y antimanchas para piedra natural y porcelanato poroso.;materiales;l;CO;COP;37543.8;;;"Precio base USD convertido; respaldo provisional, revisar con proveedor";2026-08-19;provisional;por_verificar;no;base;"Respaldo convertido desde el precio base USD; no es precio local confirmado."
MT-SELLA-PIEDRA;Sellador hidrofugante y antimanchas para piedra natural y porcelanato poroso.;materiales;l;PE;PEN;40.44;;;"Precio base USD convertido; respaldo provisional, revisar con proveedor";2026-08-19;provisional;por_verificar;no;base;"Respaldo convertido desde el precio base USD; no es precio local confirmado."
MT-SELLA-PIEDRA;Sellador hidrofugante y antimanchas para piedra natural y porcelanato poroso.;materiales;l;MX;MXN;204.72;;;"Precio base USD convertido; respaldo provisional, revisar con proveedor";2026-08-19;provisional;por_verificar;no;base;"Respaldo convertido desde el precio base USD; no es precio local confirmado."
MT-SELLA-PIEDRA;Sellador hidrofugante y antimanchas para piedra natural y porcelanato poroso.;materiales;l;EC;USD;12;;;"Precio base USD convertido; respaldo provisional, revisar con proveedor";2026-08-19;provisional;por_verificar;no;base;"Respaldo convertido desde el precio base USD; no es precio local confirmado."
MT-PEGA-MURAL;Pegamento mural para papel tapiz y revestimientos textiles.;materiales;kg;CO;COP;9698.815;;;"Precio base USD convertido; respaldo provisional, revisar con proveedor";2026-08-19;provisional;por_verificar;no;base;"Respaldo convertido desde el precio base USD; no es precio local confirmado."
MT-PEGA-MURAL;Pegamento mural para papel tapiz y revestimientos textiles.;materiales;kg;PE;PEN;10.447;;;"Precio base USD convertido; respaldo provisional, revisar con proveedor";2026-08-19;provisional;por_verificar;no;base;"Respaldo convertido desde el precio base USD; no es precio local confirmado."
MT-PEGA-MURAL;Pegamento mural para papel tapiz y revestimientos textiles.;materiales;kg;MX;MXN;52.886;;;"Precio base USD convertido; respaldo provisional, revisar con proveedor";2026-08-19;provisional;por_verificar;no;base;"Respaldo convertido desde el precio base USD; no es precio local confirmado."
MT-PEGA-MURAL;Pegamento mural para papel tapiz y revestimientos textiles.;materiales;kg;EC;USD;3.1;;;"Precio base USD convertido; respaldo provisional, revisar con proveedor";2026-08-19;provisional;por_verificar;no;base;"Respaldo convertido desde el precio base USD; no es precio local confirmado."
MT-ESTUCO-VEN;Pasta de estuco veneciano a la cal, para acabado decorativo pulido.;materiales;kg;CO;COP;18771.9;;;"Precio base USD convertido; respaldo provisional, revisar con proveedor";2026-08-19;provisional;por_verificar;no;base;"Respaldo convertido desde el precio base USD; no es precio local confirmado."
MT-ESTUCO-VEN;Pasta de estuco veneciano a la cal, para acabado decorativo pulido.;materiales;kg;PE;PEN;20.22;;;"Precio base USD convertido; respaldo provisional, revisar con proveedor";2026-08-19;provisional;por_verificar;no;base;"Respaldo convertido desde el precio base USD; no es precio local confirmado."
MT-ESTUCO-VEN;Pasta de estuco veneciano a la cal, para acabado decorativo pulido.;materiales;kg;MX;MXN;102.36;;;"Precio base USD convertido; respaldo provisional, revisar con proveedor";2026-08-19;provisional;por_verificar;no;base;"Respaldo convertido desde el precio base USD; no es precio local confirmado."
MT-ESTUCO-VEN;Pasta de estuco veneciano a la cal, para acabado decorativo pulido.;materiales;kg;EC;USD;6;;;"Precio base USD convertido; respaldo provisional, revisar con proveedor";2026-08-19;provisional;por_verificar;no;base;"Respaldo convertido desde el precio base USD; no es precio local confirmado."
MT-MICROCEM;Microcemento bicomponente con su resina y malla de refuerzo, para revestimiento continuo.;materiales;kg;CO;COP;17207.575;;;"Precio base USD convertido; respaldo provisional, revisar con proveedor";2026-08-19;provisional;por_verificar;no;base;"Respaldo convertido desde el precio base USD; no es precio local confirmado."
MT-MICROCEM;Microcemento bicomponente con su resina y malla de refuerzo, para revestimiento continuo.;materiales;kg;PE;PEN;18.535;;;"Precio base USD convertido; respaldo provisional, revisar con proveedor";2026-08-19;provisional;por_verificar;no;base;"Respaldo convertido desde el precio base USD; no es precio local confirmado."
MT-MICROCEM;Microcemento bicomponente con su resina y malla de refuerzo, para revestimiento continuo.;materiales;kg;MX;MXN;93.83;;;"Precio base USD convertido; respaldo provisional, revisar con proveedor";2026-08-19;provisional;por_verificar;no;base;"Respaldo convertido desde el precio base USD; no es precio local confirmado."
MT-MICROCEM;Microcemento bicomponente con su resina y malla de refuerzo, para revestimiento continuo.;materiales;kg;EC;USD;5.5;;;"Precio base USD convertido; respaldo provisional, revisar con proveedor";2026-08-19;provisional;por_verificar;no;base;"Respaldo convertido desde el precio base USD; no es precio local confirmado."
MT-MORT-AFIRM;Mortero de cemento y arena para afirmado y capas de nivelación de piso, elaborado en obra, dosificación 1:6.;materiales;m3;CO;COP;249259.5455;;;"Precio base USD convertido; respaldo provisional, revisar con proveedor";2026-08-19;provisional;por_verificar;no;base;"Respaldo convertido desde el precio base USD; no es precio local confirmado."
MT-MORT-AFIRM;Mortero de cemento y arena para afirmado y capas de nivelación de piso, elaborado en obra, dosificación 1:6.;materiales;m3;PE;PEN;268.4879;;;"Precio base USD convertido; respaldo provisional, revisar con proveedor";2026-08-19;provisional;por_verificar;no;base;"Respaldo convertido desde el precio base USD; no es precio local confirmado."
MT-MORT-AFIRM;Mortero de cemento y arena para afirmado y capas de nivelación de piso, elaborado en obra, dosificación 1:6.;materiales;m3;MX;MXN;1359.1702;;;"Precio base USD convertido; respaldo provisional, revisar con proveedor";2026-08-19;provisional;por_verificar;no;base;"Respaldo convertido desde el precio base USD; no es precio local confirmado."
MT-MORT-AFIRM;Mortero de cemento y arena para afirmado y capas de nivelación de piso, elaborado en obra, dosificación 1:6.;materiales;m3;EC;USD;79.67;;;"Precio base USD convertido; respaldo provisional, revisar con proveedor";2026-08-19;provisional;por_verificar;no;base;"Respaldo convertido desde el precio base USD; no es precio local confirmado."
MT-MANTA-ACUS;Manta acústica de polietileno reticulado para piso laminado flotante.;materiales;m2;CO;COP;4067.245;;;"Precio base USD convertido; respaldo provisional, revisar con proveedor";2026-08-19;provisional;por_verificar;no;base;"Respaldo convertido desde el precio base USD; no es precio local confirmado."
MT-MANTA-ACUS;Manta acústica de polietileno reticulado para piso laminado flotante.;materiales;m2;PE;PEN;4.381;;;"Precio base USD convertido; respaldo provisional, revisar con proveedor";2026-08-19;provisional;por_verificar;no;base;"Respaldo convertido desde el precio base USD; no es precio local confirmado."
MT-MANTA-ACUS;Manta acústica de polietileno reticulado para piso laminado flotante.;materiales;m2;MX;MXN;22.178;;;"Precio base USD convertido; respaldo provisional, revisar con proveedor";2026-08-19;provisional;por_verificar;no;base;"Respaldo convertido desde el precio base USD; no es precio local confirmado."
MT-MANTA-ACUS;Manta acústica de polietileno reticulado para piso laminado flotante.;materiales;m2;EC;USD;1.3;;;"Precio base USD convertido; respaldo provisional, revisar con proveedor";2026-08-19;provisional;por_verificar;no;base;"Respaldo convertido desde el precio base USD; no es precio local confirmado."
MT-ADH-MADERA;Adhesivo de poliuretano para encolado de parquet y madera sobre afirmado.;materiales;kg;CO;COP;10637.41;;;"Precio base USD convertido; respaldo provisional, revisar con proveedor";2026-08-19;provisional;por_verificar;no;base;"Respaldo convertido desde el precio base USD; no es precio local confirmado."
MT-ADH-MADERA;Adhesivo de poliuretano para encolado de parquet y madera sobre afirmado.;materiales;kg;PE;PEN;11.458;;;"Precio base USD convertido; respaldo provisional, revisar con proveedor";2026-08-19;provisional;por_verificar;no;base;"Respaldo convertido desde el precio base USD; no es precio local confirmado."
MT-ADH-MADERA;Adhesivo de poliuretano para encolado de parquet y madera sobre afirmado.;materiales;kg;MX;MXN;58.004;;;"Precio base USD convertido; respaldo provisional, revisar con proveedor";2026-08-19;provisional;por_verificar;no;base;"Respaldo convertido desde el precio base USD; no es precio local confirmado."
MT-ADH-MADERA;Adhesivo de poliuretano para encolado de parquet y madera sobre afirmado.;materiales;kg;EC;USD;3.4;;;"Precio base USD convertido; respaldo provisional, revisar con proveedor";2026-08-19;provisional;por_verificar;no;base;"Respaldo convertido desde el precio base USD; no es precio local confirmado."
MT-BARNIZ-PISO;Barniz de poliuretano de alto tránsito para acabado de pisos de madera.;materiales;l;CO;COP;29722.175;;;"Precio base USD convertido; respaldo provisional, revisar con proveedor";2026-08-19;provisional;por_verificar;no;base;"Respaldo convertido desde el precio base USD; no es precio local confirmado."
MT-BARNIZ-PISO;Barniz de poliuretano de alto tránsito para acabado de pisos de madera.;materiales;l;PE;PEN;32.015;;;"Precio base USD convertido; respaldo provisional, revisar con proveedor";2026-08-19;provisional;por_verificar;no;base;"Respaldo convertido desde el precio base USD; no es precio local confirmado."
MT-BARNIZ-PISO;Barniz de poliuretano de alto tránsito para acabado de pisos de madera.;materiales;l;MX;MXN;162.07;;;"Precio base USD convertido; respaldo provisional, revisar con proveedor";2026-08-19;provisional;por_verificar;no;base;"Respaldo convertido desde el precio base USD; no es precio local confirmado."
MT-BARNIZ-PISO;Barniz de poliuretano de alto tránsito para acabado de pisos de madera.;materiales;l;EC;USD;9.5;;;"Precio base USD convertido; respaldo provisional, revisar con proveedor";2026-08-19;provisional;por_verificar;no;base;"Respaldo convertido desde el precio base USD; no es precio local confirmado."
MT-ADH-VINIL;Adhesivo acrílico para revestimientos flexibles de piso, vinílico y linóleo.;materiales;kg;CO;COP;8760.22;;;"Precio base USD convertido; respaldo provisional, revisar con proveedor";2026-08-19;provisional;por_verificar;no;base;"Respaldo convertido desde el precio base USD; no es precio local confirmado."
MT-ADH-VINIL;Adhesivo acrílico para revestimientos flexibles de piso, vinílico y linóleo.;materiales;kg;PE;PEN;9.436;;;"Precio base USD convertido; respaldo provisional, revisar con proveedor";2026-08-19;provisional;por_verificar;no;base;"Respaldo convertido desde el precio base USD; no es precio local confirmado."
MT-ADH-VINIL;Adhesivo acrílico para revestimientos flexibles de piso, vinílico y linóleo.;materiales;kg;MX;MXN;47.768;;;"Precio base USD convertido; respaldo provisional, revisar con proveedor";2026-08-19;provisional;por_verificar;no;base;"Respaldo convertido desde el precio base USD; no es precio local confirmado."
MT-ADH-VINIL;Adhesivo acrílico para revestimientos flexibles de piso, vinílico y linóleo.;materiales;kg;EC;USD;2.8;;;"Precio base USD convertido; respaldo provisional, revisar con proveedor";2026-08-19;provisional;por_verificar;no;base;"Respaldo convertido desde el precio base USD; no es precio local confirmado."
MT-ENDURECEDOR;Endurecedor superficial de cuarzo y cemento para pisos de concreto de alto tránsito.;materiales;kg;CO;COP;2659.3525;;;"Precio base USD convertido; respaldo provisional, revisar con proveedor";2026-08-19;provisional;por_verificar;no;base;"Respaldo convertido desde el precio base USD; no es precio local confirmado."
MT-ENDURECEDOR;Endurecedor superficial de cuarzo y cemento para pisos de concreto de alto tránsito.;materiales;kg;PE;PEN;2.8645;;;"Precio base USD convertido; respaldo provisional, revisar con proveedor";2026-08-19;provisional;por_verificar;no;base;"Respaldo convertido desde el precio base USD; no es precio local confirmado."
MT-ENDURECEDOR;Endurecedor superficial de cuarzo y cemento para pisos de concreto de alto tránsito.;materiales;kg;MX;MXN;14.501;;;"Precio base USD convertido; respaldo provisional, revisar con proveedor";2026-08-19;provisional;por_verificar;no;base;"Respaldo convertido desde el precio base USD; no es precio local confirmado."
MT-ENDURECEDOR;Endurecedor superficial de cuarzo y cemento para pisos de concreto de alto tránsito.;materiales;kg;EC;USD;0.85;;;"Precio base USD convertido; respaldo provisional, revisar con proveedor";2026-08-19;provisional;por_verificar;no;base;"Respaldo convertido desde el precio base USD; no es precio local confirmado."
MT-EPOXI-PISO;Resina epóxica bicomponente autonivelante para piso continuo, con su imprimación.;materiales;kg;CO;COP;46929.75;;;"Precio base USD convertido; respaldo provisional, revisar con proveedor";2026-08-19;provisional;por_verificar;no;base;"Respaldo convertido desde el precio base USD; no es precio local confirmado."
MT-EPOXI-PISO;Resina epóxica bicomponente autonivelante para piso continuo, con su imprimación.;materiales;kg;PE;PEN;50.55;;;"Precio base USD convertido; respaldo provisional, revisar con proveedor";2026-08-19;provisional;por_verificar;no;base;"Respaldo convertido desde el precio base USD; no es precio local confirmado."
MT-EPOXI-PISO;Resina epóxica bicomponente autonivelante para piso continuo, con su imprimación.;materiales;kg;MX;MXN;255.9;;;"Precio base USD convertido; respaldo provisional, revisar con proveedor";2026-08-19;provisional;por_verificar;no;base;"Respaldo convertido desde el precio base USD; no es precio local confirmado."
MT-EPOXI-PISO;Resina epóxica bicomponente autonivelante para piso continuo, con su imprimación.;materiales;kg;EC;USD;15;;;"Precio base USD convertido; respaldo provisional, revisar con proveedor";2026-08-19;provisional;por_verificar;no;base;"Respaldo convertido desde el precio base USD; no es precio local confirmado."
MT-DESMOLD-COLOR;Desmoldeante en polvo con pigmento para concreto estampado.;materiales;kg;CO;COP;11263.14;;;"Precio base USD convertido; respaldo provisional, revisar con proveedor";2026-08-19;provisional;por_verificar;no;base;"Respaldo convertido desde el precio base USD; no es precio local confirmado."
MT-DESMOLD-COLOR;Desmoldeante en polvo con pigmento para concreto estampado.;materiales;kg;PE;PEN;12.132;;;"Precio base USD convertido; respaldo provisional, revisar con proveedor";2026-08-19;provisional;por_verificar;no;base;"Respaldo convertido desde el precio base USD; no es precio local confirmado."
MT-DESMOLD-COLOR;Desmoldeante en polvo con pigmento para concreto estampado.;materiales;kg;MX;MXN;61.416;;;"Precio base USD convertido; respaldo provisional, revisar con proveedor";2026-08-19;provisional;por_verificar;no;base;"Respaldo convertido desde el precio base USD; no es precio local confirmado."
MT-DESMOLD-COLOR;Desmoldeante en polvo con pigmento para concreto estampado.;materiales;kg;EC;USD;3.6;;;"Precio base USD convertido; respaldo provisional, revisar con proveedor";2026-08-19;provisional;por_verificar;no;base;"Respaldo convertido desde el precio base USD; no es precio local confirmado."
MT-SELLA-CONC;Sellador acrílico de protección y realce para pisos de concreto y estampados.;materiales;l;CO;COP;20023.36;;;"Precio base USD convertido; respaldo provisional, revisar con proveedor";2026-08-19;provisional;por_verificar;no;base;"Respaldo convertido desde el precio base USD; no es precio local confirmado."
MT-SELLA-CONC;Sellador acrílico de protección y realce para pisos de concreto y estampados.;materiales;l;PE;PEN;21.568;;;"Precio base USD convertido; respaldo provisional, revisar con proveedor";2026-08-19;provisional;por_verificar;no;base;"Respaldo convertido desde el precio base USD; no es precio local confirmado."
MT-SELLA-CONC;Sellador acrílico de protección y realce para pisos de concreto y estampados.;materiales;l;MX;MXN;109.184;;;"Precio base USD convertido; respaldo provisional, revisar con proveedor";2026-08-19;provisional;por_verificar;no;base;"Respaldo convertido desde el precio base USD; no es precio local confirmado."
MT-SELLA-CONC;Sellador acrílico de protección y realce para pisos de concreto y estampados.;materiales;l;EC;USD;6.4;;;"Precio base USD convertido; respaldo provisional, revisar con proveedor";2026-08-19;provisional;por_verificar;no;base;"Respaldo convertido desde el precio base USD; no es precio local confirmado."
MT-PERFIL-TRANS;Perfil de transición de aluminio entre pisos de distinto material o nivel.;materiales;m;CO;COP;11888.87;;;"Precio base USD convertido; respaldo provisional, revisar con proveedor";2026-08-19;provisional;por_verificar;no;base;"Respaldo convertido desde el precio base USD; no es precio local confirmado."
MT-PERFIL-TRANS;Perfil de transición de aluminio entre pisos de distinto material o nivel.;materiales;m;PE;PEN;12.806;;;"Precio base USD convertido; respaldo provisional, revisar con proveedor";2026-08-19;provisional;por_verificar;no;base;"Respaldo convertido desde el precio base USD; no es precio local confirmado."
MT-PERFIL-TRANS;Perfil de transición de aluminio entre pisos de distinto material o nivel.;materiales;m;MX;MXN;64.828;;;"Precio base USD convertido; respaldo provisional, revisar con proveedor";2026-08-19;provisional;por_verificar;no;base;"Respaldo convertido desde el precio base USD; no es precio local confirmado."
MT-PERFIL-TRANS;Perfil de transición de aluminio entre pisos de distinto material o nivel.;materiales;m;EC;USD;3.8;;;"Precio base USD convertido; respaldo provisional, revisar con proveedor";2026-08-19;provisional;por_verificar;no;base;"Respaldo convertido desde el precio base USD; no es precio local confirmado."
MT-JUNTA-DILAT;Perfil de junta de dilatación para piso, con su elemento elástico.;materiales;m;CO;COP;16268.98;;;"Precio base USD convertido; respaldo provisional, revisar con proveedor";2026-08-19;provisional;por_verificar;no;base;"Respaldo convertido desde el precio base USD; no es precio local confirmado."
MT-JUNTA-DILAT;Perfil de junta de dilatación para piso, con su elemento elástico.;materiales;m;PE;PEN;17.524;;;"Precio base USD convertido; respaldo provisional, revisar con proveedor";2026-08-19;provisional;por_verificar;no;base;"Respaldo convertido desde el precio base USD; no es precio local confirmado."
MT-JUNTA-DILAT;Perfil de junta de dilatación para piso, con su elemento elástico.;materiales;m;MX;MXN;88.712;;;"Precio base USD convertido; respaldo provisional, revisar con proveedor";2026-08-19;provisional;por_verificar;no;base;"Respaldo convertido desde el precio base USD; no es precio local confirmado."
MT-JUNTA-DILAT;Perfil de junta de dilatación para piso, con su elemento elástico.;materiales;m;EC;USD;5.2;;;"Precio base USD convertido; respaldo provisional, revisar con proveedor";2026-08-19;provisional;por_verificar;no;base;"Respaldo convertido desde el precio base USD; no es precio local confirmado."
MT-CINTA-ANTIDES;Cinta o perfil antideslizante para narices de peldaño.;materiales;m;CO;COP;14391.79;;;"Precio base USD convertido; respaldo provisional, revisar con proveedor";2026-08-19;provisional;por_verificar;no;base;"Respaldo convertido desde el precio base USD; no es precio local confirmado."
MT-CINTA-ANTIDES;Cinta o perfil antideslizante para narices de peldaño.;materiales;m;PE;PEN;15.502;;;"Precio base USD convertido; respaldo provisional, revisar con proveedor";2026-08-19;provisional;por_verificar;no;base;"Respaldo convertido desde el precio base USD; no es precio local confirmado."
MT-CINTA-ANTIDES;Cinta o perfil antideslizante para narices de peldaño.;materiales;m;MX;MXN;78.476;;;"Precio base USD convertido; respaldo provisional, revisar con proveedor";2026-08-19;provisional;por_verificar;no;base;"Respaldo convertido desde el precio base USD; no es precio local confirmado."
MT-CINTA-ANTIDES;Cinta o perfil antideslizante para narices de peldaño.;materiales;m;EC;USD;4.6;;;"Precio base USD convertido; respaldo provisional, revisar con proveedor";2026-08-19;provisional;por_verificar;no;base;"Respaldo convertido desde el precio base USD; no es precio local confirmado."
MT-GRANO-MARMOL;Grano de mármol seleccionado para granito vaciado en sitio.;materiales;kg;CO;COP;1407.8925;;;"Precio base USD convertido; respaldo provisional, revisar con proveedor";2026-08-19;provisional;por_verificar;no;base;"Respaldo convertido desde el precio base USD; no es precio local confirmado."
MT-GRANO-MARMOL;Grano de mármol seleccionado para granito vaciado en sitio.;materiales;kg;PE;PEN;1.5165;;;"Precio base USD convertido; respaldo provisional, revisar con proveedor";2026-08-19;provisional;por_verificar;no;base;"Respaldo convertido desde el precio base USD; no es precio local confirmado."
MT-GRANO-MARMOL;Grano de mármol seleccionado para granito vaciado en sitio.;materiales;kg;MX;MXN;7.677;;;"Precio base USD convertido; respaldo provisional, revisar con proveedor";2026-08-19;provisional;por_verificar;no;base;"Respaldo convertido desde el precio base USD; no es precio local confirmado."
MT-GRANO-MARMOL;Grano de mármol seleccionado para granito vaciado en sitio.;materiales;kg;EC;USD;0.45;;;"Precio base USD convertido; respaldo provisional, revisar con proveedor";2026-08-19;provisional;por_verificar;no;base;"Respaldo convertido desde el precio base USD; no es precio local confirmado."
MT-PLATINA-DIV;Platina divisoria de aluminio o bronce para juntas de granito vaciado en sitio.;materiales;m;CO;COP;6570.165;;;"Precio base USD convertido; respaldo provisional, revisar con proveedor";2026-08-19;provisional;por_verificar;no;base;"Respaldo convertido desde el precio base USD; no es precio local confirmado."
MT-PLATINA-DIV;Platina divisoria de aluminio o bronce para juntas de granito vaciado en sitio.;materiales;m;PE;PEN;7.077;;;"Precio base USD convertido; respaldo provisional, revisar con proveedor";2026-08-19;provisional;por_verificar;no;base;"Respaldo convertido desde el precio base USD; no es precio local confirmado."
MT-PLATINA-DIV;Platina divisoria de aluminio o bronce para juntas de granito vaciado en sitio.;materiales;m;MX;MXN;35.826;;;"Precio base USD convertido; respaldo provisional, revisar con proveedor";2026-08-19;provisional;por_verificar;no;base;"Respaldo convertido desde el precio base USD; no es precio local confirmado."
MT-PLATINA-DIV;Platina divisoria de aluminio o bronce para juntas de granito vaciado en sitio.;materiales;m;EC;USD;2.1;;;"Precio base USD convertido; respaldo provisional, revisar con proveedor";2026-08-19;provisional;por_verificar;no;base;"Respaldo convertido desde el precio base USD; no es precio local confirmado."
MT-CIELO-DESM;Panel de fibra mineral de 60x60 cm para cielo raso desmontable.;materiales;m2;CO;COP;42236.775;;;"Precio base USD convertido; respaldo provisional, revisar con proveedor";2026-08-19;provisional;por_verificar;no;base;"Respaldo convertido desde el precio base USD; no es precio local confirmado."
MT-CIELO-DESM;Panel de fibra mineral de 60x60 cm para cielo raso desmontable.;materiales;m2;PE;PEN;45.495;;;"Precio base USD convertido; respaldo provisional, revisar con proveedor";2026-08-19;provisional;por_verificar;no;base;"Respaldo convertido desde el precio base USD; no es precio local confirmado."
MT-CIELO-DESM;Panel de fibra mineral de 60x60 cm para cielo raso desmontable.;materiales;m2;MX;MXN;230.31;;;"Precio base USD convertido; respaldo provisional, revisar con proveedor";2026-08-19;provisional;por_verificar;no;base;"Respaldo convertido desde el precio base USD; no es precio local confirmado."
MT-CIELO-DESM;Panel de fibra mineral de 60x60 cm para cielo raso desmontable.;materiales;m2;EC;USD;13.5;;;"Precio base USD convertido; respaldo provisional, revisar con proveedor";2026-08-19;provisional;por_verificar;no;base;"Respaldo convertido desde el precio base USD; no es precio local confirmado."
MT-PERF-DESM;Perfilería vista en T y ángulo perimetral, con tensores, para cielo raso desmontable.;materiales;m2;CO;COP;17207.575;;;"Precio base USD convertido; respaldo provisional, revisar con proveedor";2026-08-19;provisional;por_verificar;no;base;"Respaldo convertido desde el precio base USD; no es precio local confirmado."
MT-PERF-DESM;Perfilería vista en T y ángulo perimetral, con tensores, para cielo raso desmontable.;materiales;m2;PE;PEN;18.535;;;"Precio base USD convertido; respaldo provisional, revisar con proveedor";2026-08-19;provisional;por_verificar;no;base;"Respaldo convertido desde el precio base USD; no es precio local confirmado."
MT-PERF-DESM;Perfilería vista en T y ángulo perimetral, con tensores, para cielo raso desmontable.;materiales;m2;MX;MXN;93.83;;;"Precio base USD convertido; respaldo provisional, revisar con proveedor";2026-08-19;provisional;por_verificar;no;base;"Respaldo convertido desde el precio base USD; no es precio local confirmado."
MT-PERF-DESM;Perfilería vista en T y ángulo perimetral, con tensores, para cielo raso desmontable.;materiales;m2;EC;USD;5.5;;;"Precio base USD convertido; respaldo provisional, revisar con proveedor";2026-08-19;provisional;por_verificar;no;base;"Respaldo convertido desde el precio base USD; no es precio local confirmado."
MT-CIELO-PVC;Lámina de PVC machihembrada para cielo raso, con sus perfiles de remate.;materiales;m2;CO;COP;50058.4;;;"Precio base USD convertido; respaldo provisional, revisar con proveedor";2026-08-19;provisional;por_verificar;no;base;"Respaldo convertido desde el precio base USD; no es precio local confirmado."
MT-CIELO-PVC;Lámina de PVC machihembrada para cielo raso, con sus perfiles de remate.;materiales;m2;PE;PEN;53.92;;;"Precio base USD convertido; respaldo provisional, revisar con proveedor";2026-08-19;provisional;por_verificar;no;base;"Respaldo convertido desde el precio base USD; no es precio local confirmado."
MT-CIELO-PVC;Lámina de PVC machihembrada para cielo raso, con sus perfiles de remate.;materiales;m2;MX;MXN;272.96;;;"Precio base USD convertido; respaldo provisional, revisar con proveedor";2026-08-19;provisional;por_verificar;no;base;"Respaldo convertido desde el precio base USD; no es precio local confirmado."
MT-CIELO-PVC;Lámina de PVC machihembrada para cielo raso, con sus perfiles de remate.;materiales;m2;EC;USD;16;;;"Precio base USD convertido; respaldo provisional, revisar con proveedor";2026-08-19;provisional;por_verificar;no;base;"Respaldo convertido desde el precio base USD; no es precio local confirmado."
MT-CIELO-METAL;Lámina metálica lineal o en bandeja para cielo raso, prelacada.;materiales;m2;CO;COP;43801.1;;;"Precio base USD convertido; respaldo provisional, revisar con proveedor";2026-08-19;provisional;por_verificar;no;base;"Respaldo convertido desde el precio base USD; no es precio local confirmado."
MT-CIELO-METAL;Lámina metálica lineal o en bandeja para cielo raso, prelacada.;materiales;m2;PE;PEN;47.18;;;"Precio base USD convertido; respaldo provisional, revisar con proveedor";2026-08-19;provisional;por_verificar;no;base;"Respaldo convertido desde el precio base USD; no es precio local confirmado."
MT-CIELO-METAL;Lámina metálica lineal o en bandeja para cielo raso, prelacada.;materiales;m2;MX;MXN;238.84;;;"Precio base USD convertido; respaldo provisional, revisar con proveedor";2026-08-19;provisional;por_verificar;no;base;"Respaldo convertido desde el precio base USD; no es precio local confirmado."
MT-CIELO-METAL;Lámina metálica lineal o en bandeja para cielo raso, prelacada.;materiales;m2;EC;USD;14;;;"Precio base USD convertido; respaldo provisional, revisar con proveedor";2026-08-19;provisional;por_verificar;no;base;"Respaldo convertido desde el precio base USD; no es precio local confirmado."
MT-REGISTRO;Tapa de registro practicable para cielo raso, con su marco.;materiales;ud;CO;COP;37543.8;;;"Precio base USD convertido; respaldo provisional, revisar con proveedor";2026-08-19;provisional;por_verificar;no;base;"Respaldo convertido desde el precio base USD; no es precio local confirmado."
MT-REGISTRO;Tapa de registro practicable para cielo raso, con su marco.;materiales;ud;PE;PEN;40.44;;;"Precio base USD convertido; respaldo provisional, revisar con proveedor";2026-08-19;provisional;por_verificar;no;base;"Respaldo convertido desde el precio base USD; no es precio local confirmado."
MT-REGISTRO;Tapa de registro practicable para cielo raso, con su marco.;materiales;ud;MX;MXN;204.72;;;"Precio base USD convertido; respaldo provisional, revisar con proveedor";2026-08-19;provisional;por_verificar;no;base;"Respaldo convertido desde el precio base USD; no es precio local confirmado."
MT-REGISTRO;Tapa de registro practicable para cielo raso, con su marco.;materiales;ud;EC;USD;12;;;"Precio base USD convertido; respaldo provisional, revisar con proveedor";2026-08-19;provisional;por_verificar;no;base;"Respaldo convertido desde el precio base USD; no es precio local confirmado."
MT-CORNISA;Perfil de cornisa para iluminación indirecta en cielo raso.;materiales;m;CO;COP;14078.925;;;"Precio base USD convertido; respaldo provisional, revisar con proveedor";2026-08-19;provisional;por_verificar;no;base;"Respaldo convertido desde el precio base USD; no es precio local confirmado."
MT-CORNISA;Perfil de cornisa para iluminación indirecta en cielo raso.;materiales;m;PE;PEN;15.165;;;"Precio base USD convertido; respaldo provisional, revisar con proveedor";2026-08-19;provisional;por_verificar;no;base;"Respaldo convertido desde el precio base USD; no es precio local confirmado."
MT-CORNISA;Perfil de cornisa para iluminación indirecta en cielo raso.;materiales;m;MX;MXN;76.77;;;"Precio base USD convertido; respaldo provisional, revisar con proveedor";2026-08-19;provisional;por_verificar;no;base;"Respaldo convertido desde el precio base USD; no es precio local confirmado."
MT-CORNISA;Perfil de cornisa para iluminación indirecta en cielo raso.;materiales;m;EC;USD;4.5;;;"Precio base USD convertido; respaldo provisional, revisar con proveedor";2026-08-19;provisional;por_verificar;no;base;"Respaldo convertido desde el precio base USD; no es precio local confirmado."
MT-MANTO-ASF;Manto asfáltico prefabricado con armadura de poliéster, para impermeabilización de cubierta.;materiales;m2;CO;COP;5.6;;;docs/INVESTIGACION_PRECIOS_RONDA_1.md;2026-08-19;referencia;por_verificar;no_confirmado;nacional;"Referencia central; validar presentación y proveedor."
MT-MANTO-ASF;Manto asfáltico prefabricado con armadura de poliéster, para impermeabilización de cubierta.;materiales;m2;PE;PEN;22;;;docs/INVESTIGACION_PRECIOS_RONDA_1.md;2026-08-19;referencia;por_verificar;no_confirmado;nacional;"Referencia central; validar presentación y proveedor."
MT-MANTO-ASF;Manto asfáltico prefabricado con armadura de poliéster, para impermeabilización de cubierta.;materiales;m2;MX;MXN;180;;;docs/INVESTIGACION_PRECIOS_RONDA_1.md;2026-08-19;referencia;por_verificar;no_confirmado;nacional;"Referencia central; validar presentación y proveedor."
MT-MANTO-ASF;Manto asfáltico prefabricado con armadura de poliéster, para impermeabilización de cubierta.;materiales;m2;EC;USD;8.5;;;docs/INVESTIGACION_PRECIOS_RONDA_1.md;2026-08-19;referencia;por_verificar;no_confirmado;nacional;"Referencia central; validar presentación y proveedor."
MT-IMPRIM-ASF;Imprimación asfáltica de base solvente, como puente de adherencia del manto.;materiales;l;CO;COP;13140.33;;;"Precio base USD convertido; respaldo provisional, revisar con proveedor";2026-08-19;provisional;por_verificar;no;base;"Respaldo convertido desde el precio base USD; no es precio local confirmado."
MT-IMPRIM-ASF;Imprimación asfáltica de base solvente, como puente de adherencia del manto.;materiales;l;PE;PEN;14.154;;;"Precio base USD convertido; respaldo provisional, revisar con proveedor";2026-08-19;provisional;por_verificar;no;base;"Respaldo convertido desde el precio base USD; no es precio local confirmado."
MT-IMPRIM-ASF;Imprimación asfáltica de base solvente, como puente de adherencia del manto.;materiales;l;MX;MXN;71.652;;;"Precio base USD convertido; respaldo provisional, revisar con proveedor";2026-08-19;provisional;por_verificar;no;base;"Respaldo convertido desde el precio base USD; no es precio local confirmado."
MT-IMPRIM-ASF;Imprimación asfáltica de base solvente, como puente de adherencia del manto.;materiales;l;EC;USD;4.2;;;"Precio base USD convertido; respaldo provisional, revisar con proveedor";2026-08-19;provisional;por_verificar;no;base;"Respaldo convertido desde el precio base USD; no es precio local confirmado."
MT-ACRIL-IMPER;Impermeabilizante acrílico elastomérico de aplicación líquida, con su malla de refuerzo.;materiales;l;CO;COP;3684.2105263157896;;;docs/INVESTIGACION_PRECIOS_RONDA_1.md;2026-08-19;referencia;por_verificar;no_confirmado;nacional;"Referencia central; validar presentación y proveedor."
MT-ACRIL-IMPER;Impermeabilizante acrílico elastomérico de aplicación líquida, con su malla de refuerzo.;materiales;l;PE;PEN;12;;;docs/INVESTIGACION_PRECIOS_RONDA_1.md;2026-08-19;referencia;por_verificar;no_confirmado;nacional;"Referencia central; validar presentación y proveedor."
MT-ACRIL-IMPER;Impermeabilizante acrílico elastomérico de aplicación líquida, con su malla de refuerzo.;materiales;l;MX;MXN;42.05263157894737;;;docs/INVESTIGACION_PRECIOS_RONDA_1.md;2026-08-19;referencia;por_verificar;no_confirmado;nacional;"Referencia central; validar presentación y proveedor."
MT-ACRIL-IMPER;Impermeabilizante acrílico elastomérico de aplicación líquida, con su malla de refuerzo.;materiales;l;EC;USD;4.4;;;docs/INVESTIGACION_PRECIOS_RONDA_1.md;2026-08-19;referencia;por_verificar;no_confirmado;nacional;"Referencia central; validar presentación y proveedor."
MT-POLIUR-LIQ;Membrana líquida de poliuretano de alta elasticidad y resistencia a la intemperie.;materiales;kg;CO;COP;32850.825;;;"Precio base USD convertido; respaldo provisional, revisar con proveedor";2026-08-19;provisional;por_verificar;no;base;"Respaldo convertido desde el precio base USD; no es precio local confirmado."
MT-POLIUR-LIQ;Membrana líquida de poliuretano de alta elasticidad y resistencia a la intemperie.;materiales;kg;PE;PEN;35.385;;;"Precio base USD convertido; respaldo provisional, revisar con proveedor";2026-08-19;provisional;por_verificar;no;base;"Respaldo convertido desde el precio base USD; no es precio local confirmado."
MT-POLIUR-LIQ;Membrana líquida de poliuretano de alta elasticidad y resistencia a la intemperie.;materiales;kg;MX;MXN;179.13;;;"Precio base USD convertido; respaldo provisional, revisar con proveedor";2026-08-19;provisional;por_verificar;no;base;"Respaldo convertido desde el precio base USD; no es precio local confirmado."
MT-POLIUR-LIQ;Membrana líquida de poliuretano de alta elasticidad y resistencia a la intemperie.;materiales;kg;EC;USD;10.5;;;"Precio base USD convertido; respaldo provisional, revisar con proveedor";2026-08-19;provisional;por_verificar;no;base;"Respaldo convertido desde el precio base USD; no es precio local confirmado."
MT-GRAVILLA;Gravilla lavada de protección para cubiertas impermeabilizadas.;materiales;m3;CO;COP;75087.6;;;"Precio base USD convertido; respaldo provisional, revisar con proveedor";2026-08-19;provisional;por_verificar;no;base;"Respaldo convertido desde el precio base USD; no es precio local confirmado."
MT-GRAVILLA;Gravilla lavada de protección para cubiertas impermeabilizadas.;materiales;m3;PE;PEN;80.88;;;"Precio base USD convertido; respaldo provisional, revisar con proveedor";2026-08-19;provisional;por_verificar;no;base;"Respaldo convertido desde el precio base USD; no es precio local confirmado."
MT-GRAVILLA;Gravilla lavada de protección para cubiertas impermeabilizadas.;materiales;m3;MX;MXN;409.44;;;"Precio base USD convertido; respaldo provisional, revisar con proveedor";2026-08-19;provisional;por_verificar;no;base;"Respaldo convertido desde el precio base USD; no es precio local confirmado."
MT-GRAVILLA;Gravilla lavada de protección para cubiertas impermeabilizadas.;materiales;m3;EC;USD;24;;;"Precio base USD convertido; respaldo provisional, revisar con proveedor";2026-08-19;provisional;por_verificar;no;base;"Respaldo convertido desde el precio base USD; no es precio local confirmado."
MT-AISL-TERM;Panel de aislamiento térmico de poliestireno o lana mineral para cubiertas y cielos.;materiales;m2;CO;COP;15017.52;;;"Precio base USD convertido; respaldo provisional, revisar con proveedor";2026-08-19;provisional;por_verificar;no;base;"Respaldo convertido desde el precio base USD; no es precio local confirmado."
MT-AISL-TERM;Panel de aislamiento térmico de poliestireno o lana mineral para cubiertas y cielos.;materiales;m2;PE;PEN;16.176;;;"Precio base USD convertido; respaldo provisional, revisar con proveedor";2026-08-19;provisional;por_verificar;no;base;"Respaldo convertido desde el precio base USD; no es precio local confirmado."
MT-AISL-TERM;Panel de aislamiento térmico de poliestireno o lana mineral para cubiertas y cielos.;materiales;m2;MX;MXN;81.888;;;"Precio base USD convertido; respaldo provisional, revisar con proveedor";2026-08-19;provisional;por_verificar;no;base;"Respaldo convertido desde el precio base USD; no es precio local confirmado."
MT-AISL-TERM;Panel de aislamiento térmico de poliestireno o lana mineral para cubiertas y cielos.;materiales;m2;EC;USD;4.8;;;"Precio base USD convertido; respaldo provisional, revisar con proveedor";2026-08-19;provisional;por_verificar;no;base;"Respaldo convertido desde el precio base USD; no es precio local confirmado."
MT-AISL-REFLECT;Manta reflectiva de doble burbuja con foil de aluminio, para aislamiento bajo techo.;materiales;m2;CO;COP;10011.68;;;"Precio base USD convertido; respaldo provisional, revisar con proveedor";2026-08-19;provisional;por_verificar;no;base;"Respaldo convertido desde el precio base USD; no es precio local confirmado."
MT-AISL-REFLECT;Manta reflectiva de doble burbuja con foil de aluminio, para aislamiento bajo techo.;materiales;m2;PE;PEN;10.784;;;"Precio base USD convertido; respaldo provisional, revisar con proveedor";2026-08-19;provisional;por_verificar;no;base;"Respaldo convertido desde el precio base USD; no es precio local confirmado."
MT-AISL-REFLECT;Manta reflectiva de doble burbuja con foil de aluminio, para aislamiento bajo techo.;materiales;m2;MX;MXN;54.592;;;"Precio base USD convertido; respaldo provisional, revisar con proveedor";2026-08-19;provisional;por_verificar;no;base;"Respaldo convertido desde el precio base USD; no es precio local confirmado."
MT-AISL-REFLECT;Manta reflectiva de doble burbuja con foil de aluminio, para aislamiento bajo techo.;materiales;m2;EC;USD;3.2;;;"Precio base USD convertido; respaldo provisional, revisar con proveedor";2026-08-19;provisional;por_verificar;no;base;"Respaldo convertido desde el precio base USD; no es precio local confirmado."
MT-BANDA-REF;Banda elástica de refuerzo para encuentros, esquinas y juntas en impermeabilizaciones.;materiales;m;CO;COP;8760.22;;;"Precio base USD convertido; respaldo provisional, revisar con proveedor";2026-08-19;provisional;por_verificar;no;base;"Respaldo convertido desde el precio base USD; no es precio local confirmado."
MT-BANDA-REF;Banda elástica de refuerzo para encuentros, esquinas y juntas en impermeabilizaciones.;materiales;m;PE;PEN;9.436;;;"Precio base USD convertido; respaldo provisional, revisar con proveedor";2026-08-19;provisional;por_verificar;no;base;"Respaldo convertido desde el precio base USD; no es precio local confirmado."
MT-BANDA-REF;Banda elástica de refuerzo para encuentros, esquinas y juntas en impermeabilizaciones.;materiales;m;MX;MXN;47.768;;;"Precio base USD convertido; respaldo provisional, revisar con proveedor";2026-08-19;provisional;por_verificar;no;base;"Respaldo convertido desde el precio base USD; no es precio local confirmado."
MT-BANDA-REF;Banda elástica de refuerzo para encuentros, esquinas y juntas en impermeabilizaciones.;materiales;m;EC;USD;2.8;;;"Precio base USD convertido; respaldo provisional, revisar con proveedor";2026-08-19;provisional;por_verificar;no;base;"Respaldo convertido desde el precio base USD; no es precio local confirmado."
MT-SELLA-PASE;Kit de sellado de pase de tubería en impermeabilización, con collarín y masilla.;materiales;ud;CO;COP;14391.79;;;"Precio base USD convertido; respaldo provisional, revisar con proveedor";2026-08-19;provisional;por_verificar;no;base;"Respaldo convertido desde el precio base USD; no es precio local confirmado."
MT-SELLA-PASE;Kit de sellado de pase de tubería en impermeabilización, con collarín y masilla.;materiales;ud;PE;PEN;15.502;;;"Precio base USD convertido; respaldo provisional, revisar con proveedor";2026-08-19;provisional;por_verificar;no;base;"Respaldo convertido desde el precio base USD; no es precio local confirmado."
MT-SELLA-PASE;Kit de sellado de pase de tubería en impermeabilización, con collarín y masilla.;materiales;ud;MX;MXN;78.476;;;"Precio base USD convertido; respaldo provisional, revisar con proveedor";2026-08-19;provisional;por_verificar;no;base;"Respaldo convertido desde el precio base USD; no es precio local confirmado."
MT-SELLA-PASE;Kit de sellado de pase de tubería en impermeabilización, con collarín y masilla.;materiales;ud;EC;USD;4.6;;;"Precio base USD convertido; respaldo provisional, revisar con proveedor";2026-08-19;provisional;por_verificar;no;base;"Respaldo convertido desde el precio base USD; no es precio local confirmado."
MT-TEJA-CRIOLLA;Teja criolla de arcilla cocida, tipo canal.;materiales;ud;CO;COP;2127.482;;;"Precio base USD convertido; respaldo provisional, revisar con proveedor";2026-08-19;provisional;por_verificar;no;base;"Respaldo convertido desde el precio base USD; no es precio local confirmado."
MT-TEJA-CRIOLLA;Teja criolla de arcilla cocida, tipo canal.;materiales;ud;PE;PEN;2.2916;;;"Precio base USD convertido; respaldo provisional, revisar con proveedor";2026-08-19;provisional;por_verificar;no;base;"Respaldo convertido desde el precio base USD; no es precio local confirmado."
MT-TEJA-CRIOLLA;Teja criolla de arcilla cocida, tipo canal.;materiales;ud;MX;MXN;11.6008;;;"Precio base USD convertido; respaldo provisional, revisar con proveedor";2026-08-19;provisional;por_verificar;no;base;"Respaldo convertido desde el precio base USD; no es precio local confirmado."
MT-TEJA-CRIOLLA;Teja criolla de arcilla cocida, tipo canal.;materiales;ud;EC;USD;0.68;;;"Precio base USD convertido; respaldo provisional, revisar con proveedor";2026-08-19;provisional;por_verificar;no;base;"Respaldo convertido desde el precio base USD; no es precio local confirmado."
MT-TEJA-ASF;Teja asfáltica en shingle con su fieltro base y clavos de fijación.;materiales;m2;CO;COP;32850.825;;;"Precio base USD convertido; respaldo provisional, revisar con proveedor";2026-08-19;provisional;por_verificar;no;base;"Respaldo convertido desde el precio base USD; no es precio local confirmado."
MT-TEJA-ASF;Teja asfáltica en shingle con su fieltro base y clavos de fijación.;materiales;m2;PE;PEN;35.385;;;"Precio base USD convertido; respaldo provisional, revisar con proveedor";2026-08-19;provisional;por_verificar;no;base;"Respaldo convertido desde el precio base USD; no es precio local confirmado."
MT-TEJA-ASF;Teja asfáltica en shingle con su fieltro base y clavos de fijación.;materiales;m2;MX;MXN;179.13;;;"Precio base USD convertido; respaldo provisional, revisar con proveedor";2026-08-19;provisional;por_verificar;no;base;"Respaldo convertido desde el precio base USD; no es precio local confirmado."
MT-TEJA-ASF;Teja asfáltica en shingle con su fieltro base y clavos de fijación.;materiales;m2;EC;USD;10.5;;;"Precio base USD convertido; respaldo provisional, revisar con proveedor";2026-08-19;provisional;por_verificar;no;base;"Respaldo convertido desde el precio base USD; no es precio local confirmado."
MT-LAMINA-ZINC;Lámina metálica acanalada galvanizada o prepintada para cubierta.;materiales;m2;CO;COP;29722.175;;;"Precio base USD convertido; respaldo provisional, revisar con proveedor";2026-08-19;provisional;por_verificar;no;base;"Respaldo convertido desde el precio base USD; no es precio local confirmado."
MT-LAMINA-ZINC;Lámina metálica acanalada galvanizada o prepintada para cubierta.;materiales;m2;PE;PEN;32.015;;;"Precio base USD convertido; respaldo provisional, revisar con proveedor";2026-08-19;provisional;por_verificar;no;base;"Respaldo convertido desde el precio base USD; no es precio local confirmado."
MT-LAMINA-ZINC;Lámina metálica acanalada galvanizada o prepintada para cubierta.;materiales;m2;MX;MXN;162.07;;;"Precio base USD convertido; respaldo provisional, revisar con proveedor";2026-08-19;provisional;por_verificar;no;base;"Respaldo convertido desde el precio base USD; no es precio local confirmado."
MT-LAMINA-ZINC;Lámina metálica acanalada galvanizada o prepintada para cubierta.;materiales;m2;EC;USD;9.5;;;"Precio base USD convertido; respaldo provisional, revisar con proveedor";2026-08-19;provisional;por_verificar;no;base;"Respaldo convertido desde el precio base USD; no es precio local confirmado."
MT-PANEL-SAND;Panel sándwich aislado con núcleo de poliuretano para cubierta.;materiales;m2;CO;COP;68830.3;;;"Precio base USD convertido; respaldo provisional, revisar con proveedor";2026-08-19;provisional;por_verificar;no;base;"Respaldo convertido desde el precio base USD; no es precio local confirmado."
MT-PANEL-SAND;Panel sándwich aislado con núcleo de poliuretano para cubierta.;materiales;m2;PE;PEN;74.14;;;"Precio base USD convertido; respaldo provisional, revisar con proveedor";2026-08-19;provisional;por_verificar;no;base;"Respaldo convertido desde el precio base USD; no es precio local confirmado."
MT-PANEL-SAND;Panel sándwich aislado con núcleo de poliuretano para cubierta.;materiales;m2;MX;MXN;375.32;;;"Precio base USD convertido; respaldo provisional, revisar con proveedor";2026-08-19;provisional;por_verificar;no;base;"Respaldo convertido desde el precio base USD; no es precio local confirmado."
MT-PANEL-SAND;Panel sándwich aislado con núcleo de poliuretano para cubierta.;materiales;m2;EC;USD;22;;;"Precio base USD convertido; respaldo provisional, revisar con proveedor";2026-08-19;provisional;por_verificar;no;base;"Respaldo convertido desde el precio base USD; no es precio local confirmado."
MT-POLICARB;Lámina de policarbonato alveolar translúcida, con sus perfiles de unión.;materiales;m2;CO;COP;57880.025;;;"Precio base USD convertido; respaldo provisional, revisar con proveedor";2026-08-19;provisional;por_verificar;no;base;"Respaldo convertido desde el precio base USD; no es precio local confirmado."
MT-POLICARB;Lámina de policarbonato alveolar translúcida, con sus perfiles de unión.;materiales;m2;PE;PEN;62.345;;;"Precio base USD convertido; respaldo provisional, revisar con proveedor";2026-08-19;provisional;por_verificar;no;base;"Respaldo convertido desde el precio base USD; no es precio local confirmado."
MT-POLICARB;Lámina de policarbonato alveolar translúcida, con sus perfiles de unión.;materiales;m2;MX;MXN;315.61;;;"Precio base USD convertido; respaldo provisional, revisar con proveedor";2026-08-19;provisional;por_verificar;no;base;"Respaldo convertido desde el precio base USD; no es precio local confirmado."
MT-POLICARB;Lámina de policarbonato alveolar translúcida, con sus perfiles de unión.;materiales;m2;EC;USD;18.5;;;"Precio base USD convertido; respaldo provisional, revisar con proveedor";2026-08-19;provisional;por_verificar;no;base;"Respaldo convertido desde el precio base USD; no es precio local confirmado."
MT-CUMBRERA;Pieza de cumbrera y remate para cubierta, del material de la cubierta.;materiales;m;CO;COP;20023.36;;;"Precio base USD convertido; respaldo provisional, revisar con proveedor";2026-08-19;provisional;por_verificar;no;base;"Respaldo convertido desde el precio base USD; no es precio local confirmado."
MT-CUMBRERA;Pieza de cumbrera y remate para cubierta, del material de la cubierta.;materiales;m;PE;PEN;21.568;;;"Precio base USD convertido; respaldo provisional, revisar con proveedor";2026-08-19;provisional;por_verificar;no;base;"Respaldo convertido desde el precio base USD; no es precio local confirmado."
MT-CUMBRERA;Pieza de cumbrera y remate para cubierta, del material de la cubierta.;materiales;m;MX;MXN;109.184;;;"Precio base USD convertido; respaldo provisional, revisar con proveedor";2026-08-19;provisional;por_verificar;no;base;"Respaldo convertido desde el precio base USD; no es precio local confirmado."
MT-CUMBRERA;Pieza de cumbrera y remate para cubierta, del material de la cubierta.;materiales;m;EC;USD;6.4;;;"Precio base USD convertido; respaldo provisional, revisar con proveedor";2026-08-19;provisional;por_verificar;no;base;"Respaldo convertido desde el precio base USD; no es precio local confirmado."
MT-CANAL-PVC;Canal de PVC o lámina galvanizada para recogida de aguas lluvias, con sus soportes.;materiales;m;CO;COP;24403.47;;;"Precio base USD convertido; respaldo provisional, revisar con proveedor";2026-08-19;provisional;por_verificar;no;base;"Respaldo convertido desde el precio base USD; no es precio local confirmado."
MT-CANAL-PVC;Canal de PVC o lámina galvanizada para recogida de aguas lluvias, con sus soportes.;materiales;m;PE;PEN;26.286;;;"Precio base USD convertido; respaldo provisional, revisar con proveedor";2026-08-19;provisional;por_verificar;no;base;"Respaldo convertido desde el precio base USD; no es precio local confirmado."
MT-CANAL-PVC;Canal de PVC o lámina galvanizada para recogida de aguas lluvias, con sus soportes.;materiales;m;MX;MXN;133.068;;;"Precio base USD convertido; respaldo provisional, revisar con proveedor";2026-08-19;provisional;por_verificar;no;base;"Respaldo convertido desde el precio base USD; no es precio local confirmado."
MT-CANAL-PVC;Canal de PVC o lámina galvanizada para recogida de aguas lluvias, con sus soportes.;materiales;m;EC;USD;7.8;;;"Precio base USD convertido; respaldo provisional, revisar con proveedor";2026-08-19;provisional;por_verificar;no;base;"Respaldo convertido desde el precio base USD; no es precio local confirmado."
MT-BAJANTE-PVC;Bajante de PVC para aguas lluvias, con sus abrazaderas y codos.;materiales;m;CO;COP;16268.98;;;"Precio base USD convertido; respaldo provisional, revisar con proveedor";2026-08-19;provisional;por_verificar;no;base;"Respaldo convertido desde el precio base USD; no es precio local confirmado."
MT-BAJANTE-PVC;Bajante de PVC para aguas lluvias, con sus abrazaderas y codos.;materiales;m;PE;PEN;17.524;;;"Precio base USD convertido; respaldo provisional, revisar con proveedor";2026-08-19;provisional;por_verificar;no;base;"Respaldo convertido desde el precio base USD; no es precio local confirmado."
MT-BAJANTE-PVC;Bajante de PVC para aguas lluvias, con sus abrazaderas y codos.;materiales;m;MX;MXN;88.712;;;"Precio base USD convertido; respaldo provisional, revisar con proveedor";2026-08-19;provisional;por_verificar;no;base;"Respaldo convertido desde el precio base USD; no es precio local confirmado."
MT-BAJANTE-PVC;Bajante de PVC para aguas lluvias, con sus abrazaderas y codos.;materiales;m;EC;USD;5.2;;;"Precio base USD convertido; respaldo provisional, revisar con proveedor";2026-08-19;provisional;por_verificar;no;base;"Respaldo convertido desde el precio base USD; no es precio local confirmado."
MT-TRAGANTE;Tragante, boquilla o sumidero de cubierta con su rejilla y guardahojas.;materiales;ud;CO;COP;43801.1;;;"Precio base USD convertido; respaldo provisional, revisar con proveedor";2026-08-19;provisional;por_verificar;no;base;"Respaldo convertido desde el precio base USD; no es precio local confirmado."
MT-TRAGANTE;Tragante, boquilla o sumidero de cubierta con su rejilla y guardahojas.;materiales;ud;PE;PEN;47.18;;;"Precio base USD convertido; respaldo provisional, revisar con proveedor";2026-08-19;provisional;por_verificar;no;base;"Respaldo convertido desde el precio base USD; no es precio local confirmado."
MT-TRAGANTE;Tragante, boquilla o sumidero de cubierta con su rejilla y guardahojas.;materiales;ud;MX;MXN;238.84;;;"Precio base USD convertido; respaldo provisional, revisar con proveedor";2026-08-19;provisional;por_verificar;no;base;"Respaldo convertido desde el precio base USD; no es precio local confirmado."
MT-TRAGANTE;Tragante, boquilla o sumidero de cubierta con su rejilla y guardahojas.;materiales;ud;EC;USD;14;;;"Precio base USD convertido; respaldo provisional, revisar con proveedor";2026-08-19;provisional;por_verificar;no;base;"Respaldo convertido desde el precio base USD; no es precio local confirmado."
MT-TORN-TECHO;Tornillo autoperforante con arandela de neopreno para fijación de láminas de cubierta.;materiales;ud;CO;COP;563.157;;;"Precio base USD convertido; respaldo provisional, revisar con proveedor";2026-08-19;provisional;por_verificar;no;base;"Respaldo convertido desde el precio base USD; no es precio local confirmado."
MT-TORN-TECHO;Tornillo autoperforante con arandela de neopreno para fijación de láminas de cubierta.;materiales;ud;PE;PEN;0.6066;;;"Precio base USD convertido; respaldo provisional, revisar con proveedor";2026-08-19;provisional;por_verificar;no;base;"Respaldo convertido desde el precio base USD; no es precio local confirmado."
MT-TORN-TECHO;Tornillo autoperforante con arandela de neopreno para fijación de láminas de cubierta.;materiales;ud;MX;MXN;3.0708;;;"Precio base USD convertido; respaldo provisional, revisar con proveedor";2026-08-19;provisional;por_verificar;no;base;"Respaldo convertido desde el precio base USD; no es precio local confirmado."
MT-TORN-TECHO;Tornillo autoperforante con arandela de neopreno para fijación de láminas de cubierta.;materiales;ud;EC;USD;0.18;;;"Precio base USD convertido; respaldo provisional, revisar con proveedor";2026-08-19;provisional;por_verificar;no;base;"Respaldo convertido desde el precio base USD; no es precio local confirmado."
MT-PLOT-REG;Pedestal regulable de polipropileno para piso flotante sobre cubierta.;materiales;ud;CO;COP;10637.41;;;"Precio base USD convertido; respaldo provisional, revisar con proveedor";2026-08-19;provisional;por_verificar;no;base;"Respaldo convertido desde el precio base USD; no es precio local confirmado."
MT-PLOT-REG;Pedestal regulable de polipropileno para piso flotante sobre cubierta.;materiales;ud;PE;PEN;11.458;;;"Precio base USD convertido; respaldo provisional, revisar con proveedor";2026-08-19;provisional;por_verificar;no;base;"Respaldo convertido desde el precio base USD; no es precio local confirmado."
MT-PLOT-REG;Pedestal regulable de polipropileno para piso flotante sobre cubierta.;materiales;ud;MX;MXN;58.004;;;"Precio base USD convertido; respaldo provisional, revisar con proveedor";2026-08-19;provisional;por_verificar;no;base;"Respaldo convertido desde el precio base USD; no es precio local confirmado."
MT-PLOT-REG;Pedestal regulable de polipropileno para piso flotante sobre cubierta.;materiales;ud;EC;USD;3.4;;;"Precio base USD convertido; respaldo provisional, revisar con proveedor";2026-08-19;provisional;por_verificar;no;base;"Respaldo convertido desde el precio base USD; no es precio local confirmado."
MT-VALV-CHECK;Válvula de retención y válvula de compuerta para instalación de bombeo.;materiales;ud;CO;COP;43801.1;;;"Precio base USD convertido; respaldo provisional, revisar con proveedor";2026-08-19;provisional;por_verificar;no;base;"Respaldo convertido desde el precio base USD; no es precio local confirmado."
MT-VALV-CHECK;Válvula de retención y válvula de compuerta para instalación de bombeo.;materiales;ud;PE;PEN;47.18;;;"Precio base USD convertido; respaldo provisional, revisar con proveedor";2026-08-19;provisional;por_verificar;no;base;"Respaldo convertido desde el precio base USD; no es precio local confirmado."
MT-VALV-CHECK;Válvula de retención y válvula de compuerta para instalación de bombeo.;materiales;ud;MX;MXN;238.84;;;"Precio base USD convertido; respaldo provisional, revisar con proveedor";2026-08-19;provisional;por_verificar;no;base;"Respaldo convertido desde el precio base USD; no es precio local confirmado."
MT-VALV-CHECK;Válvula de retención y válvula de compuerta para instalación de bombeo.;materiales;ud;EC;USD;14;;;"Precio base USD convertido; respaldo provisional, revisar con proveedor";2026-08-19;provisional;por_verificar;no;base;"Respaldo convertido desde el precio base USD; no es precio local confirmado."
MT-ACC-BOMBA;Accesorios de conexión de bomba: uniones universales, manómetro, niples y soportes.;materiales;ud;CO;COP;87602.2;;;"Precio base USD convertido; respaldo provisional, revisar con proveedor";2026-08-19;provisional;por_verificar;no;base;"Respaldo convertido desde el precio base USD; no es precio local confirmado."
MT-ACC-BOMBA;Accesorios de conexión de bomba: uniones universales, manómetro, niples y soportes.;materiales;ud;PE;PEN;94.36;;;"Precio base USD convertido; respaldo provisional, revisar con proveedor";2026-08-19;provisional;por_verificar;no;base;"Respaldo convertido desde el precio base USD; no es precio local confirmado."
MT-ACC-BOMBA;Accesorios de conexión de bomba: uniones universales, manómetro, niples y soportes.;materiales;ud;MX;MXN;477.68;;;"Precio base USD convertido; respaldo provisional, revisar con proveedor";2026-08-19;provisional;por_verificar;no;base;"Respaldo convertido desde el precio base USD; no es precio local confirmado."
MT-ACC-BOMBA;Accesorios de conexión de bomba: uniones universales, manómetro, niples y soportes.;materiales;ud;EC;USD;28;;;"Precio base USD convertido; respaldo provisional, revisar con proveedor";2026-08-19;provisional;por_verificar;no;base;"Respaldo convertido desde el precio base USD; no es precio local confirmado."
MT-TUB-PPR25;Tubería de polipropileno PPR de 25 mm para montantes y alimentación principal.;materiales;m;CO;COP;8760.22;;;"Precio base USD convertido; respaldo provisional, revisar con proveedor";2026-08-19;provisional;por_verificar;no;base;"Respaldo convertido desde el precio base USD; no es precio local confirmado."
MT-TUB-PPR25;Tubería de polipropileno PPR de 25 mm para montantes y alimentación principal.;materiales;m;PE;PEN;9.436;;;"Precio base USD convertido; respaldo provisional, revisar con proveedor";2026-08-19;provisional;por_verificar;no;base;"Respaldo convertido desde el precio base USD; no es precio local confirmado."
MT-TUB-PPR25;Tubería de polipropileno PPR de 25 mm para montantes y alimentación principal.;materiales;m;MX;MXN;47.768;;;"Precio base USD convertido; respaldo provisional, revisar con proveedor";2026-08-19;provisional;por_verificar;no;base;"Respaldo convertido desde el precio base USD; no es precio local confirmado."
MT-TUB-PPR25;Tubería de polipropileno PPR de 25 mm para montantes y alimentación principal.;materiales;m;EC;USD;2.8;;;"Precio base USD convertido; respaldo provisional, revisar con proveedor";2026-08-19;provisional;por_verificar;no;base;"Respaldo convertido desde el precio base USD; no es precio local confirmado."
MT-FLOTANTE;Válvula de flotante y accesorios de control de nivel para tanque de agua.;materiales;ud;CO;COP;29722.175;;;"Precio base USD convertido; respaldo provisional, revisar con proveedor";2026-08-19;provisional;por_verificar;no;base;"Respaldo convertido desde el precio base USD; no es precio local confirmado."
MT-FLOTANTE;Válvula de flotante y accesorios de control de nivel para tanque de agua.;materiales;ud;PE;PEN;32.015;;;"Precio base USD convertido; respaldo provisional, revisar con proveedor";2026-08-19;provisional;por_verificar;no;base;"Respaldo convertido desde el precio base USD; no es precio local confirmado."
MT-FLOTANTE;Válvula de flotante y accesorios de control de nivel para tanque de agua.;materiales;ud;MX;MXN;162.07;;;"Precio base USD convertido; respaldo provisional, revisar con proveedor";2026-08-19;provisional;por_verificar;no;base;"Respaldo convertido desde el precio base USD; no es precio local confirmado."
MT-FLOTANTE;Válvula de flotante y accesorios de control de nivel para tanque de agua.;materiales;ud;EC;USD;9.5;;;"Precio base USD convertido; respaldo provisional, revisar con proveedor";2026-08-19;provisional;por_verificar;no;base;"Respaldo convertido desde el precio base USD; no es precio local confirmado."
MT-TABLERO-DIST;Tablero de distribución empotrable con barraje, para el número de circuitos de proyecto.;materiales;ud;CO;COP;150175.2;;;"Precio base USD convertido; respaldo provisional, revisar con proveedor";2026-08-19;provisional;por_verificar;no;base;"Respaldo convertido desde el precio base USD; no es precio local confirmado."
MT-TABLERO-DIST;Tablero de distribución empotrable con barraje, para el número de circuitos de proyecto.;materiales;ud;PE;PEN;161.76;;;"Precio base USD convertido; respaldo provisional, revisar con proveedor";2026-08-19;provisional;por_verificar;no;base;"Respaldo convertido desde el precio base USD; no es precio local confirmado."
MT-TABLERO-DIST;Tablero de distribución empotrable con barraje, para el número de circuitos de proyecto.;materiales;ud;MX;MXN;818.88;;;"Precio base USD convertido; respaldo provisional, revisar con proveedor";2026-08-19;provisional;por_verificar;no;base;"Respaldo convertido desde el precio base USD; no es precio local confirmado."
MT-TABLERO-DIST;Tablero de distribución empotrable con barraje, para el número de circuitos de proyecto.;materiales;ud;EC;USD;48;;;"Precio base USD convertido; respaldo provisional, revisar con proveedor";2026-08-19;provisional;por_verificar;no;base;"Respaldo convertido desde el precio base USD; no es precio local confirmado."
MT-BREAKER;Interruptor termomagnético monopolar o bipolar para protección de circuito.;materiales;ud;CO;COP;23464.875;;;"Precio base USD convertido; respaldo provisional, revisar con proveedor";2026-08-19;provisional;por_verificar;no;base;"Respaldo convertido desde el precio base USD; no es precio local confirmado."
MT-BREAKER;Interruptor termomagnético monopolar o bipolar para protección de circuito.;materiales;ud;PE;PEN;25.275;;;"Precio base USD convertido; respaldo provisional, revisar con proveedor";2026-08-19;provisional;por_verificar;no;base;"Respaldo convertido desde el precio base USD; no es precio local confirmado."
MT-BREAKER;Interruptor termomagnético monopolar o bipolar para protección de circuito.;materiales;ud;MX;MXN;127.95;;;"Precio base USD convertido; respaldo provisional, revisar con proveedor";2026-08-19;provisional;por_verificar;no;base;"Respaldo convertido desde el precio base USD; no es precio local confirmado."
MT-BREAKER;Interruptor termomagnético monopolar o bipolar para protección de circuito.;materiales;ud;EC;USD;7.5;;;"Precio base USD convertido; respaldo provisional, revisar con proveedor";2026-08-19;provisional;por_verificar;no;base;"Respaldo convertido desde el precio base USD; no es precio local confirmado."
MT-DIFERENCIAL;Interruptor diferencial de alta sensibilidad para protección de personas.;materiales;ud;CO;COP;87602.2;;;"Precio base USD convertido; respaldo provisional, revisar con proveedor";2026-08-19;provisional;por_verificar;no;base;"Respaldo convertido desde el precio base USD; no es precio local confirmado."
MT-DIFERENCIAL;Interruptor diferencial de alta sensibilidad para protección de personas.;materiales;ud;PE;PEN;94.36;;;"Precio base USD convertido; respaldo provisional, revisar con proveedor";2026-08-19;provisional;por_verificar;no;base;"Respaldo convertido desde el precio base USD; no es precio local confirmado."
MT-DIFERENCIAL;Interruptor diferencial de alta sensibilidad para protección de personas.;materiales;ud;MX;MXN;477.68;;;"Precio base USD convertido; respaldo provisional, revisar con proveedor";2026-08-19;provisional;por_verificar;no;base;"Respaldo convertido desde el precio base USD; no es precio local confirmado."
MT-DIFERENCIAL;Interruptor diferencial de alta sensibilidad para protección de personas.;materiales;ud;EC;USD;28;;;"Precio base USD convertido; respaldo provisional, revisar con proveedor";2026-08-19;provisional;por_verificar;no;base;"Respaldo convertido desde el precio base USD; no es precio local confirmado."
MT-CINTA-LED;Cinta LED con su fuente de alimentación y perfil de aluminio disipador.;materiales;m;CO;COP;19397.63;;;"Precio base USD convertido; respaldo provisional, revisar con proveedor";2026-08-19;provisional;por_verificar;no;base;"Respaldo convertido desde el precio base USD; no es precio local confirmado."
MT-CINTA-LED;Cinta LED con su fuente de alimentación y perfil de aluminio disipador.;materiales;m;PE;PEN;20.894;;;"Precio base USD convertido; respaldo provisional, revisar con proveedor";2026-08-19;provisional;por_verificar;no;base;"Respaldo convertido desde el precio base USD; no es precio local confirmado."
MT-CINTA-LED;Cinta LED con su fuente de alimentación y perfil de aluminio disipador.;materiales;m;MX;MXN;105.772;;;"Precio base USD convertido; respaldo provisional, revisar con proveedor";2026-08-19;provisional;por_verificar;no;base;"Respaldo convertido desde el precio base USD; no es precio local confirmado."
MT-CINTA-LED;Cinta LED con su fuente de alimentación y perfil de aluminio disipador.;materiales;m;EC;USD;6.2;;;"Precio base USD convertido; respaldo provisional, revisar con proveedor";2026-08-19;provisional;por_verificar;no;base;"Respaldo convertido desde el precio base USD; no es precio local confirmado."
MT-CABLE-8;Conductor de cobre THW calibre 8 AWG para acometidas y circuitos de fuerza.;materiales;m;CO;COP;4536.5425;;;"Precio base USD convertido; respaldo provisional, revisar con proveedor";2026-08-19;provisional;por_verificar;no;base;"Respaldo convertido desde el precio base USD; no es precio local confirmado."
MT-CABLE-8;Conductor de cobre THW calibre 8 AWG para acometidas y circuitos de fuerza.;materiales;m;PE;PEN;4.8865;;;"Precio base USD convertido; respaldo provisional, revisar con proveedor";2026-08-19;provisional;por_verificar;no;base;"Respaldo convertido desde el precio base USD; no es precio local confirmado."
MT-CABLE-8;Conductor de cobre THW calibre 8 AWG para acometidas y circuitos de fuerza.;materiales;m;MX;MXN;24.737;;;"Precio base USD convertido; respaldo provisional, revisar con proveedor";2026-08-19;provisional;por_verificar;no;base;"Respaldo convertido desde el precio base USD; no es precio local confirmado."
MT-CABLE-8;Conductor de cobre THW calibre 8 AWG para acometidas y circuitos de fuerza.;materiales;m;EC;USD;1.45;;;"Precio base USD convertido; respaldo provisional, revisar con proveedor";2026-08-19;provisional;por_verificar;no;base;"Respaldo convertido desde el precio base USD; no es precio local confirmado."
MT-BARRA-TIERRA;Electrodo de puesta a tierra de cobre con su conector y caja de inspección.;materiales;ud;CO;COP;56315.7;;;"Precio base USD convertido; respaldo provisional, revisar con proveedor";2026-08-19;provisional;por_verificar;no;base;"Respaldo convertido desde el precio base USD; no es precio local confirmado."
MT-BARRA-TIERRA;Electrodo de puesta a tierra de cobre con su conector y caja de inspección.;materiales;ud;PE;PEN;60.66;;;"Precio base USD convertido; respaldo provisional, revisar con proveedor";2026-08-19;provisional;por_verificar;no;base;"Respaldo convertido desde el precio base USD; no es precio local confirmado."
MT-BARRA-TIERRA;Electrodo de puesta a tierra de cobre con su conector y caja de inspección.;materiales;ud;MX;MXN;307.08;;;"Precio base USD convertido; respaldo provisional, revisar con proveedor";2026-08-19;provisional;por_verificar;no;base;"Respaldo convertido desde el precio base USD; no es precio local confirmado."
MT-BARRA-TIERRA;Electrodo de puesta a tierra de cobre con su conector y caja de inspección.;materiales;ud;EC;USD;18;;;"Precio base USD convertido; respaldo provisional, revisar con proveedor";2026-08-19;provisional;por_verificar;no;base;"Respaldo convertido desde el precio base USD; no es precio local confirmado."
MT-CABLE-DATOS;Cable de datos categoría 6 para redes y telecomunicaciones.;materiales;m;CO;COP;938.595;;;"Precio base USD convertido; respaldo provisional, revisar con proveedor";2026-08-19;provisional;por_verificar;no;base;"Respaldo convertido desde el precio base USD; no es precio local confirmado."
MT-CABLE-DATOS;Cable de datos categoría 6 para redes y telecomunicaciones.;materiales;m;PE;PEN;1.011;;;"Precio base USD convertido; respaldo provisional, revisar con proveedor";2026-08-19;provisional;por_verificar;no;base;"Respaldo convertido desde el precio base USD; no es precio local confirmado."
MT-CABLE-DATOS;Cable de datos categoría 6 para redes y telecomunicaciones.;materiales;m;MX;MXN;5.118;;;"Precio base USD convertido; respaldo provisional, revisar con proveedor";2026-08-19;provisional;por_verificar;no;base;"Respaldo convertido desde el precio base USD; no es precio local confirmado."
MT-CABLE-DATOS;Cable de datos categoría 6 para redes y telecomunicaciones.;materiales;m;EC;USD;0.3;;;"Precio base USD convertido; respaldo provisional, revisar con proveedor";2026-08-19;provisional;por_verificar;no;base;"Respaldo convertido desde el precio base USD; no es precio local confirmado."
MT-TOMA-DATOS;Toma de datos o televisión con su placa y conector.;materiales;ud;CO;COP;20336.225;;;"Precio base USD convertido; respaldo provisional, revisar con proveedor";2026-08-19;provisional;por_verificar;no;base;"Respaldo convertido desde el precio base USD; no es precio local confirmado."
MT-TOMA-DATOS;Toma de datos o televisión con su placa y conector.;materiales;ud;PE;PEN;21.905;;;"Precio base USD convertido; respaldo provisional, revisar con proveedor";2026-08-19;provisional;por_verificar;no;base;"Respaldo convertido desde el precio base USD; no es precio local confirmado."
MT-TOMA-DATOS;Toma de datos o televisión con su placa y conector.;materiales;ud;MX;MXN;110.89;;;"Precio base USD convertido; respaldo provisional, revisar con proveedor";2026-08-19;provisional;por_verificar;no;base;"Respaldo convertido desde el precio base USD; no es precio local confirmado."
MT-TOMA-DATOS;Toma de datos o televisión con su placa y conector.;materiales;ud;EC;USD;6.5;;;"Precio base USD convertido; respaldo provisional, revisar con proveedor";2026-08-19;provisional;por_verificar;no;base;"Respaldo convertido desde el precio base USD; no es precio local confirmado."
MT-CABLE-ALARMA;Cable multipar apantallado para sistemas de alarma y control.;materiales;m;CO;COP;1564.325;;;"Precio base USD convertido; respaldo provisional, revisar con proveedor";2026-08-19;provisional;por_verificar;no;base;"Respaldo convertido desde el precio base USD; no es precio local confirmado."
MT-CABLE-ALARMA;Cable multipar apantallado para sistemas de alarma y control.;materiales;m;PE;PEN;1.685;;;"Precio base USD convertido; respaldo provisional, revisar con proveedor";2026-08-19;provisional;por_verificar;no;base;"Respaldo convertido desde el precio base USD; no es precio local confirmado."
MT-CABLE-ALARMA;Cable multipar apantallado para sistemas de alarma y control.;materiales;m;MX;MXN;8.53;;;"Precio base USD convertido; respaldo provisional, revisar con proveedor";2026-08-19;provisional;por_verificar;no;base;"Respaldo convertido desde el precio base USD; no es precio local confirmado."
MT-CABLE-ALARMA;Cable multipar apantallado para sistemas de alarma y control.;materiales;m;EC;USD;0.5;;;"Precio base USD convertido; respaldo provisional, revisar con proveedor";2026-08-19;provisional;por_verificar;no;base;"Respaldo convertido desde el precio base USD; no es precio local confirmado."
MT-TUB-FRIGO;Par de tuberías frigoríficas de cobre aisladas, con cable de interconexión.;materiales;m;CO;COP;34415.15;;;"Precio base USD convertido; respaldo provisional, revisar con proveedor";2026-08-19;provisional;por_verificar;no;base;"Respaldo convertido desde el precio base USD; no es precio local confirmado."
MT-TUB-FRIGO;Par de tuberías frigoríficas de cobre aisladas, con cable de interconexión.;materiales;m;PE;PEN;37.07;;;"Precio base USD convertido; respaldo provisional, revisar con proveedor";2026-08-19;provisional;por_verificar;no;base;"Respaldo convertido desde el precio base USD; no es precio local confirmado."
MT-TUB-FRIGO;Par de tuberías frigoríficas de cobre aisladas, con cable de interconexión.;materiales;m;MX;MXN;187.66;;;"Precio base USD convertido; respaldo provisional, revisar con proveedor";2026-08-19;provisional;por_verificar;no;base;"Respaldo convertido desde el precio base USD; no es precio local confirmado."
MT-TUB-FRIGO;Par de tuberías frigoríficas de cobre aisladas, con cable de interconexión.;materiales;m;EC;USD;11;;;"Precio base USD convertido; respaldo provisional, revisar con proveedor";2026-08-19;provisional;por_verificar;no;base;"Respaldo convertido desde el precio base USD; no es precio local confirmado."
MT-SOPORTE-AC;Soporte metálico galvanizado para unidad condensadora, con sus anclajes.;materiales;ud;CO;COP;50058.4;;;"Precio base USD convertido; respaldo provisional, revisar con proveedor";2026-08-19;provisional;por_verificar;no;base;"Respaldo convertido desde el precio base USD; no es precio local confirmado."
MT-SOPORTE-AC;Soporte metálico galvanizado para unidad condensadora, con sus anclajes.;materiales;ud;PE;PEN;53.92;;;"Precio base USD convertido; respaldo provisional, revisar con proveedor";2026-08-19;provisional;por_verificar;no;base;"Respaldo convertido desde el precio base USD; no es precio local confirmado."
MT-SOPORTE-AC;Soporte metálico galvanizado para unidad condensadora, con sus anclajes.;materiales;ud;MX;MXN;272.96;;;"Precio base USD convertido; respaldo provisional, revisar con proveedor";2026-08-19;provisional;por_verificar;no;base;"Respaldo convertido desde el precio base USD; no es precio local confirmado."
MT-SOPORTE-AC;Soporte metálico galvanizado para unidad condensadora, con sus anclajes.;materiales;ud;EC;USD;16;;;"Precio base USD convertido; respaldo provisional, revisar con proveedor";2026-08-19;provisional;por_verificar;no;base;"Respaldo convertido desde el precio base USD; no es precio local confirmado."
MT-DUCTO-VENT;Ducto de ventilación flexible o de lámina galvanizada, con sus accesorios.;materiales;m;CO;COP;20336.225;;;"Precio base USD convertido; respaldo provisional, revisar con proveedor";2026-08-19;provisional;por_verificar;no;base;"Respaldo convertido desde el precio base USD; no es precio local confirmado."
MT-DUCTO-VENT;Ducto de ventilación flexible o de lámina galvanizada, con sus accesorios.;materiales;m;PE;PEN;21.905;;;"Precio base USD convertido; respaldo provisional, revisar con proveedor";2026-08-19;provisional;por_verificar;no;base;"Respaldo convertido desde el precio base USD; no es precio local confirmado."
MT-DUCTO-VENT;Ducto de ventilación flexible o de lámina galvanizada, con sus accesorios.;materiales;m;MX;MXN;110.89;;;"Precio base USD convertido; respaldo provisional, revisar con proveedor";2026-08-19;provisional;por_verificar;no;base;"Respaldo convertido desde el precio base USD; no es precio local confirmado."
MT-DUCTO-VENT;Ducto de ventilación flexible o de lámina galvanizada, con sus accesorios.;materiales;m;EC;USD;6.5;;;"Precio base USD convertido; respaldo provisional, revisar con proveedor";2026-08-19;provisional;por_verificar;no;base;"Respaldo convertido desde el precio base USD; no es precio local confirmado."
MT-TUB-GAS;Tubería de cobre o acero para instalación de gas doméstico, con sus accesorios.;materiales;m;CO;COP;20023.36;;;"Precio base USD convertido; respaldo provisional, revisar con proveedor";2026-08-19;provisional;por_verificar;no;base;"Respaldo convertido desde el precio base USD; no es precio local confirmado."
MT-TUB-GAS;Tubería de cobre o acero para instalación de gas doméstico, con sus accesorios.;materiales;m;PE;PEN;21.568;;;"Precio base USD convertido; respaldo provisional, revisar con proveedor";2026-08-19;provisional;por_verificar;no;base;"Respaldo convertido desde el precio base USD; no es precio local confirmado."
MT-TUB-GAS;Tubería de cobre o acero para instalación de gas doméstico, con sus accesorios.;materiales;m;MX;MXN;109.184;;;"Precio base USD convertido; respaldo provisional, revisar con proveedor";2026-08-19;provisional;por_verificar;no;base;"Respaldo convertido desde el precio base USD; no es precio local confirmado."
MT-TUB-GAS;Tubería de cobre o acero para instalación de gas doméstico, con sus accesorios.;materiales;m;EC;USD;6.4;;;"Precio base USD convertido; respaldo provisional, revisar con proveedor";2026-08-19;provisional;por_verificar;no;base;"Respaldo convertido desde el precio base USD; no es precio local confirmado."
MT-REGUL-GAS;Regulador de presión, llave de corte y accesorios para instalación de gas.;materiales;ud;CO;COP;75087.6;;;"Precio base USD convertido; respaldo provisional, revisar con proveedor";2026-08-19;provisional;por_verificar;no;base;"Respaldo convertido desde el precio base USD; no es precio local confirmado."
MT-REGUL-GAS;Regulador de presión, llave de corte y accesorios para instalación de gas.;materiales;ud;PE;PEN;80.88;;;"Precio base USD convertido; respaldo provisional, revisar con proveedor";2026-08-19;provisional;por_verificar;no;base;"Respaldo convertido desde el precio base USD; no es precio local confirmado."
MT-REGUL-GAS;Regulador de presión, llave de corte y accesorios para instalación de gas.;materiales;ud;MX;MXN;409.44;;;"Precio base USD convertido; respaldo provisional, revisar con proveedor";2026-08-19;provisional;por_verificar;no;base;"Respaldo convertido desde el precio base USD; no es precio local confirmado."
MT-REGUL-GAS;Regulador de presión, llave de corte y accesorios para instalación de gas.;materiales;ud;EC;USD;24;;;"Precio base USD convertido; respaldo provisional, revisar con proveedor";2026-08-19;provisional;por_verificar;no;base;"Respaldo convertido desde el precio base USD; no es precio local confirmado."
MT-EXTINTOR;Extintor portátil de polvo químico seco con su soporte y señalización.;materiales;ud;CO;COP;106374.1;;;"Precio base USD convertido; respaldo provisional, revisar con proveedor";2026-08-19;provisional;por_verificar;no;base;"Respaldo convertido desde el precio base USD; no es precio local confirmado."
MT-EXTINTOR;Extintor portátil de polvo químico seco con su soporte y señalización.;materiales;ud;PE;PEN;114.58;;;"Precio base USD convertido; respaldo provisional, revisar con proveedor";2026-08-19;provisional;por_verificar;no;base;"Respaldo convertido desde el precio base USD; no es precio local confirmado."
MT-EXTINTOR;Extintor portátil de polvo químico seco con su soporte y señalización.;materiales;ud;MX;MXN;580.04;;;"Precio base USD convertido; respaldo provisional, revisar con proveedor";2026-08-19;provisional;por_verificar;no;base;"Respaldo convertido desde el precio base USD; no es precio local confirmado."
MT-EXTINTOR;Extintor portátil de polvo químico seco con su soporte y señalización.;materiales;ud;EC;USD;34;;;"Precio base USD convertido; respaldo provisional, revisar con proveedor";2026-08-19;provisional;por_verificar;no;base;"Respaldo convertido desde el precio base USD; no es precio local confirmado."
MT-DETECT-HUMO;Detector de humo autónomo o direccionable, con su base.;materiales;ud;CO;COP;68830.3;;;"Precio base USD convertido; respaldo provisional, revisar con proveedor";2026-08-19;provisional;por_verificar;no;base;"Respaldo convertido desde el precio base USD; no es precio local confirmado."
MT-DETECT-HUMO;Detector de humo autónomo o direccionable, con su base.;materiales;ud;PE;PEN;74.14;;;"Precio base USD convertido; respaldo provisional, revisar con proveedor";2026-08-19;provisional;por_verificar;no;base;"Respaldo convertido desde el precio base USD; no es precio local confirmado."
MT-DETECT-HUMO;Detector de humo autónomo o direccionable, con su base.;materiales;ud;MX;MXN;375.32;;;"Precio base USD convertido; respaldo provisional, revisar con proveedor";2026-08-19;provisional;por_verificar;no;base;"Respaldo convertido desde el precio base USD; no es precio local confirmado."
MT-DETECT-HUMO;Detector de humo autónomo o direccionable, con su base.;materiales;ud;EC;USD;22;;;"Precio base USD convertido; respaldo provisional, revisar con proveedor";2026-08-19;provisional;por_verificar;no;base;"Respaldo convertido desde el precio base USD; no es precio local confirmado."
MT-GABINETE-MANG;Gabinete contra incendios con manguera, válvula y boquilla.;materiales;ud;CO;COP;625730;;;"Precio base USD convertido; respaldo provisional, revisar con proveedor";2026-08-19;provisional;por_verificar;no;base;"Respaldo convertido desde el precio base USD; no es precio local confirmado."
MT-GABINETE-MANG;Gabinete contra incendios con manguera, válvula y boquilla.;materiales;ud;PE;PEN;674;;;"Precio base USD convertido; respaldo provisional, revisar con proveedor";2026-08-19;provisional;por_verificar;no;base;"Respaldo convertido desde el precio base USD; no es precio local confirmado."
MT-GABINETE-MANG;Gabinete contra incendios con manguera, válvula y boquilla.;materiales;ud;MX;MXN;3412;;;"Precio base USD convertido; respaldo provisional, revisar con proveedor";2026-08-19;provisional;por_verificar;no;base;"Respaldo convertido desde el precio base USD; no es precio local confirmado."
MT-GABINETE-MANG;Gabinete contra incendios con manguera, válvula y boquilla.;materiales;ud;EC;USD;200;;;"Precio base USD convertido; respaldo provisional, revisar con proveedor";2026-08-19;provisional;por_verificar;no;base;"Respaldo convertido desde el precio base USD; no es precio local confirmado."
MT-GAS-REFRIG;Gas refrigerante para carga de equipos de climatización.;materiales;kg;CO;COP;56315.7;;;"Precio base USD convertido; respaldo provisional, revisar con proveedor";2026-08-19;provisional;por_verificar;no;base;"Respaldo convertido desde el precio base USD; no es precio local confirmado."
MT-GAS-REFRIG;Gas refrigerante para carga de equipos de climatización.;materiales;kg;PE;PEN;60.66;;;"Precio base USD convertido; respaldo provisional, revisar con proveedor";2026-08-19;provisional;por_verificar;no;base;"Respaldo convertido desde el precio base USD; no es precio local confirmado."
MT-GAS-REFRIG;Gas refrigerante para carga de equipos de climatización.;materiales;kg;MX;MXN;307.08;;;"Precio base USD convertido; respaldo provisional, revisar con proveedor";2026-08-19;provisional;por_verificar;no;base;"Respaldo convertido desde el precio base USD; no es precio local confirmado."
MT-GAS-REFRIG;Gas refrigerante para carga de equipos de climatización.;materiales;kg;EC;USD;18;;;"Precio base USD convertido; respaldo provisional, revisar con proveedor";2026-08-19;provisional;por_verificar;no;base;"Respaldo convertido desde el precio base USD; no es precio local confirmado."
MT-MARCO-PUERTA;Marco de puerta de madera o metálico, con sus topes y anclajes.;materiales;m;CO;COP;21900.55;;;"Precio base USD convertido; respaldo provisional, revisar con proveedor";2026-08-19;provisional;por_verificar;no;base;"Respaldo convertido desde el precio base USD; no es precio local confirmado."
MT-MARCO-PUERTA;Marco de puerta de madera o metálico, con sus topes y anclajes.;materiales;m;PE;PEN;23.59;;;"Precio base USD convertido; respaldo provisional, revisar con proveedor";2026-08-19;provisional;por_verificar;no;base;"Respaldo convertido desde el precio base USD; no es precio local confirmado."
MT-MARCO-PUERTA;Marco de puerta de madera o metálico, con sus topes y anclajes.;materiales;m;MX;MXN;119.42;;;"Precio base USD convertido; respaldo provisional, revisar con proveedor";2026-08-19;provisional;por_verificar;no;base;"Respaldo convertido desde el precio base USD; no es precio local confirmado."
MT-MARCO-PUERTA;Marco de puerta de madera o metálico, con sus topes y anclajes.;materiales;m;EC;USD;7;;;"Precio base USD convertido; respaldo provisional, revisar con proveedor";2026-08-19;provisional;por_verificar;no;base;"Respaldo convertido desde el precio base USD; no es precio local confirmado."
MT-HERRAJE-PUERTA;Juego de bisagras, topes y herrajes de colgar para puerta.;materiales;ud;CO;COP;40672.45;;;"Precio base USD convertido; respaldo provisional, revisar con proveedor";2026-08-19;provisional;por_verificar;no;base;"Respaldo convertido desde el precio base USD; no es precio local confirmado."
MT-HERRAJE-PUERTA;Juego de bisagras, topes y herrajes de colgar para puerta.;materiales;ud;PE;PEN;43.81;;;"Precio base USD convertido; respaldo provisional, revisar con proveedor";2026-08-19;provisional;por_verificar;no;base;"Respaldo convertido desde el precio base USD; no es precio local confirmado."
MT-HERRAJE-PUERTA;Juego de bisagras, topes y herrajes de colgar para puerta.;materiales;ud;MX;MXN;221.78;;;"Precio base USD convertido; respaldo provisional, revisar con proveedor";2026-08-19;provisional;por_verificar;no;base;"Respaldo convertido desde el precio base USD; no es precio local confirmado."
MT-HERRAJE-PUERTA;Juego de bisagras, topes y herrajes de colgar para puerta.;materiales;ud;EC;USD;13;;;"Precio base USD convertido; respaldo provisional, revisar con proveedor";2026-08-19;provisional;por_verificar;no;base;"Respaldo convertido desde el precio base USD; no es precio local confirmado."
MT-CERRADURA;Cerradura de embutir con manija y cilindro.;materiales;ud;CO;COP;100116.8;;;"Precio base USD convertido; respaldo provisional, revisar con proveedor";2026-08-19;provisional;por_verificar;no;base;"Respaldo convertido desde el precio base USD; no es precio local confirmado."
MT-CERRADURA;Cerradura de embutir con manija y cilindro.;materiales;ud;PE;PEN;107.84;;;"Precio base USD convertido; respaldo provisional, revisar con proveedor";2026-08-19;provisional;por_verificar;no;base;"Respaldo convertido desde el precio base USD; no es precio local confirmado."
MT-CERRADURA;Cerradura de embutir con manija y cilindro.;materiales;ud;MX;MXN;545.92;;;"Precio base USD convertido; respaldo provisional, revisar con proveedor";2026-08-19;provisional;por_verificar;no;base;"Respaldo convertido desde el precio base USD; no es precio local confirmado."
MT-CERRADURA;Cerradura de embutir con manija y cilindro.;materiales;ud;EC;USD;32;;;"Precio base USD convertido; respaldo provisional, revisar con proveedor";2026-08-19;provisional;por_verificar;no;base;"Respaldo convertido desde el precio base USD; no es precio local confirmado."
MT-PERFIL-ALUM;Perfil de aluminio para carpintería de ventanas y puertas, con sus accesorios.;materiales;kg;CO;COP;29722.175;;;"Precio base USD convertido; respaldo provisional, revisar con proveedor";2026-08-19;provisional;por_verificar;no;base;"Respaldo convertido desde el precio base USD; no es precio local confirmado."
MT-PERFIL-ALUM;Perfil de aluminio para carpintería de ventanas y puertas, con sus accesorios.;materiales;kg;PE;PEN;32.015;;;"Precio base USD convertido; respaldo provisional, revisar con proveedor";2026-08-19;provisional;por_verificar;no;base;"Respaldo convertido desde el precio base USD; no es precio local confirmado."
MT-PERFIL-ALUM;Perfil de aluminio para carpintería de ventanas y puertas, con sus accesorios.;materiales;kg;MX;MXN;162.07;;;"Precio base USD convertido; respaldo provisional, revisar con proveedor";2026-08-19;provisional;por_verificar;no;base;"Respaldo convertido desde el precio base USD; no es precio local confirmado."
MT-PERFIL-ALUM;Perfil de aluminio para carpintería de ventanas y puertas, con sus accesorios.;materiales;kg;EC;USD;9.5;;;"Precio base USD convertido; respaldo provisional, revisar con proveedor";2026-08-19;provisional;por_verificar;no;base;"Respaldo convertido desde el precio base USD; no es precio local confirmado."
MT-VIDRIO-6;Vidrio flotado incoloro de 6 mm.;materiales;m2;CO;COP;62573;;;"Precio base USD convertido; respaldo provisional, revisar con proveedor";2026-08-19;provisional;por_verificar;no;base;"Respaldo convertido desde el precio base USD; no es precio local confirmado."
MT-VIDRIO-6;Vidrio flotado incoloro de 6 mm.;materiales;m2;PE;PEN;67.4;;;"Precio base USD convertido; respaldo provisional, revisar con proveedor";2026-08-19;provisional;por_verificar;no;base;"Respaldo convertido desde el precio base USD; no es precio local confirmado."
MT-VIDRIO-6;Vidrio flotado incoloro de 6 mm.;materiales;m2;MX;MXN;341.2;;;"Precio base USD convertido; respaldo provisional, revisar con proveedor";2026-08-19;provisional;por_verificar;no;base;"Respaldo convertido desde el precio base USD; no es precio local confirmado."
MT-VIDRIO-6;Vidrio flotado incoloro de 6 mm.;materiales;m2;EC;USD;20;;;"Precio base USD convertido; respaldo provisional, revisar con proveedor";2026-08-19;provisional;por_verificar;no;base;"Respaldo convertido desde el precio base USD; no es precio local confirmado."
MT-VIDRIO-TEMP;Vidrio templado de seguridad de 10 mm, con cantos pulidos y perforaciones.;materiales;m2;CO;COP;212748.2;;;"Precio base USD convertido; respaldo provisional, revisar con proveedor";2026-08-19;provisional;por_verificar;no;base;"Respaldo convertido desde el precio base USD; no es precio local confirmado."
MT-VIDRIO-TEMP;Vidrio templado de seguridad de 10 mm, con cantos pulidos y perforaciones.;materiales;m2;PE;PEN;229.16;;;"Precio base USD convertido; respaldo provisional, revisar con proveedor";2026-08-19;provisional;por_verificar;no;base;"Respaldo convertido desde el precio base USD; no es precio local confirmado."
MT-VIDRIO-TEMP;Vidrio templado de seguridad de 10 mm, con cantos pulidos y perforaciones.;materiales;m2;MX;MXN;1160.08;;;"Precio base USD convertido; respaldo provisional, revisar con proveedor";2026-08-19;provisional;por_verificar;no;base;"Respaldo convertido desde el precio base USD; no es precio local confirmado."
MT-VIDRIO-TEMP;Vidrio templado de seguridad de 10 mm, con cantos pulidos y perforaciones.;materiales;m2;EC;USD;68;;;"Precio base USD convertido; respaldo provisional, revisar con proveedor";2026-08-19;provisional;por_verificar;no;base;"Respaldo convertido desde el precio base USD; no es precio local confirmado."
MT-ESPEJO;Espejo de 4 mm con canto pulido y respaldo protegido.;materiales;m2;CO;COP;100116.8;;;"Precio base USD convertido; respaldo provisional, revisar con proveedor";2026-08-19;provisional;por_verificar;no;base;"Respaldo convertido desde el precio base USD; no es precio local confirmado."
MT-ESPEJO;Espejo de 4 mm con canto pulido y respaldo protegido.;materiales;m2;PE;PEN;107.84;;;"Precio base USD convertido; respaldo provisional, revisar con proveedor";2026-08-19;provisional;por_verificar;no;base;"Respaldo convertido desde el precio base USD; no es precio local confirmado."
MT-ESPEJO;Espejo de 4 mm con canto pulido y respaldo protegido.;materiales;m2;MX;MXN;545.92;;;"Precio base USD convertido; respaldo provisional, revisar con proveedor";2026-08-19;provisional;por_verificar;no;base;"Respaldo convertido desde el precio base USD; no es precio local confirmado."
MT-ESPEJO;Espejo de 4 mm con canto pulido y respaldo protegido.;materiales;m2;EC;USD;32;;;"Precio base USD convertido; respaldo provisional, revisar con proveedor";2026-08-19;provisional;por_verificar;no;base;"Respaldo convertido desde el precio base USD; no es precio local confirmado."
MT-SILICONA-EST;Silicona estructural o neutra para acristalamiento y sellado de carpintería.;materiales;l;CO;COP;150175.2;;;"Precio base USD convertido; respaldo provisional, revisar con proveedor";2026-08-19;provisional;por_verificar;no;base;"Respaldo convertido desde el precio base USD; no es precio local confirmado."
MT-SILICONA-EST;Silicona estructural o neutra para acristalamiento y sellado de carpintería.;materiales;l;PE;PEN;161.76;;;"Precio base USD convertido; respaldo provisional, revisar con proveedor";2026-08-19;provisional;por_verificar;no;base;"Respaldo convertido desde el precio base USD; no es precio local confirmado."
MT-SILICONA-EST;Silicona estructural o neutra para acristalamiento y sellado de carpintería.;materiales;l;MX;MXN;818.88;;;"Precio base USD convertido; respaldo provisional, revisar con proveedor";2026-08-19;provisional;por_verificar;no;base;"Respaldo convertido desde el precio base USD; no es precio local confirmado."
MT-SILICONA-EST;Silicona estructural o neutra para acristalamiento y sellado de carpintería.;materiales;l;EC;USD;48;;;"Precio base USD convertido; respaldo provisional, revisar con proveedor";2026-08-19;provisional;por_verificar;no;base;"Respaldo convertido desde el precio base USD; no es precio local confirmado."
MT-TUBO-ACERO;Tubo estructural de acero para herrería de rejas, portones y barandas.;materiales;kg;CO;COP;6100.8675;;;"Precio base USD convertido; respaldo provisional, revisar con proveedor";2026-08-19;provisional;por_verificar;no;base;"Respaldo convertido desde el precio base USD; no es precio local confirmado."
MT-TUBO-ACERO;Tubo estructural de acero para herrería de rejas, portones y barandas.;materiales;kg;PE;PEN;6.5715;;;"Precio base USD convertido; respaldo provisional, revisar con proveedor";2026-08-19;provisional;por_verificar;no;base;"Respaldo convertido desde el precio base USD; no es precio local confirmado."
MT-TUBO-ACERO;Tubo estructural de acero para herrería de rejas, portones y barandas.;materiales;kg;MX;MXN;33.267;;;"Precio base USD convertido; respaldo provisional, revisar con proveedor";2026-08-19;provisional;por_verificar;no;base;"Respaldo convertido desde el precio base USD; no es precio local confirmado."
MT-TUBO-ACERO;Tubo estructural de acero para herrería de rejas, portones y barandas.;materiales;kg;EC;USD;1.95;;;"Precio base USD convertido; respaldo provisional, revisar con proveedor";2026-08-19;provisional;por_verificar;no;base;"Respaldo convertido desde el precio base USD; no es precio local confirmado."
MT-ACERO-INOX;Tubo y accesorios de acero inoxidable para barandas y pasamanos.;materiales;kg;CO;COP;43801.1;;;"Precio base USD convertido; respaldo provisional, revisar con proveedor";2026-08-19;provisional;por_verificar;no;base;"Respaldo convertido desde el precio base USD; no es precio local confirmado."
MT-ACERO-INOX;Tubo y accesorios de acero inoxidable para barandas y pasamanos.;materiales;kg;PE;PEN;47.18;;;"Precio base USD convertido; respaldo provisional, revisar con proveedor";2026-08-19;provisional;por_verificar;no;base;"Respaldo convertido desde el precio base USD; no es precio local confirmado."
MT-ACERO-INOX;Tubo y accesorios de acero inoxidable para barandas y pasamanos.;materiales;kg;MX;MXN;238.84;;;"Precio base USD convertido; respaldo provisional, revisar con proveedor";2026-08-19;provisional;por_verificar;no;base;"Respaldo convertido desde el precio base USD; no es precio local confirmado."
MT-ACERO-INOX;Tubo y accesorios de acero inoxidable para barandas y pasamanos.;materiales;kg;EC;USD;14;;;"Precio base USD convertido; respaldo provisional, revisar con proveedor";2026-08-19;provisional;por_verificar;no;base;"Respaldo convertido desde el precio base USD; no es precio local confirmado."
MT-MOSQUITERO;Malla mosquitera con su bastidor de aluminio.;materiales;m2;CO;COP;23464.875;;;"Precio base USD convertido; respaldo provisional, revisar con proveedor";2026-08-19;provisional;por_verificar;no;base;"Respaldo convertido desde el precio base USD; no es precio local confirmado."
MT-MOSQUITERO;Malla mosquitera con su bastidor de aluminio.;materiales;m2;PE;PEN;25.275;;;"Precio base USD convertido; respaldo provisional, revisar con proveedor";2026-08-19;provisional;por_verificar;no;base;"Respaldo convertido desde el precio base USD; no es precio local confirmado."
MT-MOSQUITERO;Malla mosquitera con su bastidor de aluminio.;materiales;m2;MX;MXN;127.95;;;"Precio base USD convertido; respaldo provisional, revisar con proveedor";2026-08-19;provisional;por_verificar;no;base;"Respaldo convertido desde el precio base USD; no es precio local confirmado."
MT-MOSQUITERO;Malla mosquitera con su bastidor de aluminio.;materiales;m2;EC;USD;7.5;;;"Precio base USD convertido; respaldo provisional, revisar con proveedor";2026-08-19;provisional;por_verificar;no;base;"Respaldo convertido desde el precio base USD; no es precio local confirmado."
MT-MELAMINA;Tablero de melamina de 18 mm con cantos aplicados, para closets y muebles.;materiales;m2;CO;COP;59444.35;;;"Precio base USD convertido; respaldo provisional, revisar con proveedor";2026-08-19;provisional;por_verificar;no;base;"Respaldo convertido desde el precio base USD; no es precio local confirmado."
MT-MELAMINA;Tablero de melamina de 18 mm con cantos aplicados, para closets y muebles.;materiales;m2;PE;PEN;64.03;;;"Precio base USD convertido; respaldo provisional, revisar con proveedor";2026-08-19;provisional;por_verificar;no;base;"Respaldo convertido desde el precio base USD; no es precio local confirmado."
MT-MELAMINA;Tablero de melamina de 18 mm con cantos aplicados, para closets y muebles.;materiales;m2;MX;MXN;324.14;;;"Precio base USD convertido; respaldo provisional, revisar con proveedor";2026-08-19;provisional;por_verificar;no;base;"Respaldo convertido desde el precio base USD; no es precio local confirmado."
MT-MELAMINA;Tablero de melamina de 18 mm con cantos aplicados, para closets y muebles.;materiales;m2;EC;USD;19;;;"Precio base USD convertido; respaldo provisional, revisar con proveedor";2026-08-19;provisional;por_verificar;no;base;"Respaldo convertido desde el precio base USD; no es precio local confirmado."
MT-HERRAJE-CLOSET;Herraje de closet: bisagra, tirador, soporte de entrepaño y tornillería.;materiales;ud;CO;COP;14078.925;;;"Precio base USD convertido; respaldo provisional, revisar con proveedor";2026-08-19;provisional;por_verificar;no;base;"Respaldo convertido desde el precio base USD; no es precio local confirmado."
MT-HERRAJE-CLOSET;Herraje de closet: bisagra, tirador, soporte de entrepaño y tornillería.;materiales;ud;PE;PEN;15.165;;;"Precio base USD convertido; respaldo provisional, revisar con proveedor";2026-08-19;provisional;por_verificar;no;base;"Respaldo convertido desde el precio base USD; no es precio local confirmado."
MT-HERRAJE-CLOSET;Herraje de closet: bisagra, tirador, soporte de entrepaño y tornillería.;materiales;ud;MX;MXN;76.77;;;"Precio base USD convertido; respaldo provisional, revisar con proveedor";2026-08-19;provisional;por_verificar;no;base;"Respaldo convertido desde el precio base USD; no es precio local confirmado."
MT-HERRAJE-CLOSET;Herraje de closet: bisagra, tirador, soporte de entrepaño y tornillería.;materiales;ud;EC;USD;4.5;;;"Precio base USD convertido; respaldo provisional, revisar con proveedor";2026-08-19;provisional;por_verificar;no;base;"Respaldo convertido desde el precio base USD; no es precio local confirmado."
MT-RIEL-CORRED;Riel superior e inferior con carros para puerta corrediza.;materiales;m;CO;COP;43801.1;;;"Precio base USD convertido; respaldo provisional, revisar con proveedor";2026-08-19;provisional;por_verificar;no;base;"Respaldo convertido desde el precio base USD; no es precio local confirmado."
MT-RIEL-CORRED;Riel superior e inferior con carros para puerta corrediza.;materiales;m;PE;PEN;47.18;;;"Precio base USD convertido; respaldo provisional, revisar con proveedor";2026-08-19;provisional;por_verificar;no;base;"Respaldo convertido desde el precio base USD; no es precio local confirmado."
MT-RIEL-CORRED;Riel superior e inferior con carros para puerta corrediza.;materiales;m;MX;MXN;238.84;;;"Precio base USD convertido; respaldo provisional, revisar con proveedor";2026-08-19;provisional;por_verificar;no;base;"Respaldo convertido desde el precio base USD; no es precio local confirmado."
MT-RIEL-CORRED;Riel superior e inferior con carros para puerta corrediza.;materiales;m;EC;USD;14;;;"Precio base USD convertido; respaldo provisional, revisar con proveedor";2026-08-19;provisional;por_verificar;no;base;"Respaldo convertido desde el precio base USD; no es precio local confirmado."
MT-ESTRUCT-MESON;Estructura de soporte de mesón en perfil metálico o mampostería, con su base.;materiales;m;CO;COP;37543.8;;;"Precio base USD convertido; respaldo provisional, revisar con proveedor";2026-08-19;provisional;por_verificar;no;base;"Respaldo convertido desde el precio base USD; no es precio local confirmado."
MT-ESTRUCT-MESON;Estructura de soporte de mesón en perfil metálico o mampostería, con su base.;materiales;m;PE;PEN;40.44;;;"Precio base USD convertido; respaldo provisional, revisar con proveedor";2026-08-19;provisional;por_verificar;no;base;"Respaldo convertido desde el precio base USD; no es precio local confirmado."
MT-ESTRUCT-MESON;Estructura de soporte de mesón en perfil metálico o mampostería, con su base.;materiales;m;MX;MXN;204.72;;;"Precio base USD convertido; respaldo provisional, revisar con proveedor";2026-08-19;provisional;por_verificar;no;base;"Respaldo convertido desde el precio base USD; no es precio local confirmado."
MT-ESTRUCT-MESON;Estructura de soporte de mesón en perfil metálico o mampostería, con su base.;materiales;m;EC;USD;12;;;"Precio base USD convertido; respaldo provisional, revisar con proveedor";2026-08-19;provisional;por_verificar;no;base;"Respaldo convertido desde el precio base USD; no es precio local confirmado."
MT-BARRA-APOYO;Barra de apoyo de acero inoxidable para accesibilidad en baño.;materiales;ud;CO;COP;87602.2;;;"Precio base USD convertido; respaldo provisional, revisar con proveedor";2026-08-19;provisional;por_verificar;no;base;"Respaldo convertido desde el precio base USD; no es precio local confirmado."
MT-BARRA-APOYO;Barra de apoyo de acero inoxidable para accesibilidad en baño.;materiales;ud;PE;PEN;94.36;;;"Precio base USD convertido; respaldo provisional, revisar con proveedor";2026-08-19;provisional;por_verificar;no;base;"Respaldo convertido desde el precio base USD; no es precio local confirmado."
MT-BARRA-APOYO;Barra de apoyo de acero inoxidable para accesibilidad en baño.;materiales;ud;MX;MXN;477.68;;;"Precio base USD convertido; respaldo provisional, revisar con proveedor";2026-08-19;provisional;por_verificar;no;base;"Respaldo convertido desde el precio base USD; no es precio local confirmado."
MT-BARRA-APOYO;Barra de apoyo de acero inoxidable para accesibilidad en baño.;materiales;ud;EC;USD;28;;;"Precio base USD convertido; respaldo provisional, revisar con proveedor";2026-08-19;provisional;por_verificar;no;base;"Respaldo convertido desde el precio base USD; no es precio local confirmado."
MT-ADOQUIN;Adoquín de concreto para pavimento exterior, con su cama de arena.;materiales;m2;CO;COP;48494.075;;;"Precio base USD convertido; respaldo provisional, revisar con proveedor";2026-08-19;provisional;por_verificar;no;base;"Respaldo convertido desde el precio base USD; no es precio local confirmado."
MT-ADOQUIN;Adoquín de concreto para pavimento exterior, con su cama de arena.;materiales;m2;PE;PEN;52.235;;;"Precio base USD convertido; respaldo provisional, revisar con proveedor";2026-08-19;provisional;por_verificar;no;base;"Respaldo convertido desde el precio base USD; no es precio local confirmado."
MT-ADOQUIN;Adoquín de concreto para pavimento exterior, con su cama de arena.;materiales;m2;MX;MXN;264.43;;;"Precio base USD convertido; respaldo provisional, revisar con proveedor";2026-08-19;provisional;por_verificar;no;base;"Respaldo convertido desde el precio base USD; no es precio local confirmado."
MT-ADOQUIN;Adoquín de concreto para pavimento exterior, con su cama de arena.;materiales;m2;EC;USD;15.5;;;"Precio base USD convertido; respaldo provisional, revisar con proveedor";2026-08-19;provisional;por_verificar;no;base;"Respaldo convertido desde el precio base USD; no es precio local confirmado."
MT-GRAMA;Grama en panes o alfombra, puesta en obra.;materiales;m2;CO;COP;10011.68;;;"Precio base USD convertido; respaldo provisional, revisar con proveedor";2026-08-19;provisional;por_verificar;no;base;"Respaldo convertido desde el precio base USD; no es precio local confirmado."
MT-GRAMA;Grama en panes o alfombra, puesta en obra.;materiales;m2;PE;PEN;10.784;;;"Precio base USD convertido; respaldo provisional, revisar con proveedor";2026-08-19;provisional;por_verificar;no;base;"Respaldo convertido desde el precio base USD; no es precio local confirmado."
MT-GRAMA;Grama en panes o alfombra, puesta en obra.;materiales;m2;MX;MXN;54.592;;;"Precio base USD convertido; respaldo provisional, revisar con proveedor";2026-08-19;provisional;por_verificar;no;base;"Respaldo convertido desde el precio base USD; no es precio local confirmado."
MT-GRAMA;Grama en panes o alfombra, puesta en obra.;materiales;m2;EC;USD;3.2;;;"Precio base USD convertido; respaldo provisional, revisar con proveedor";2026-08-19;provisional;por_verificar;no;base;"Respaldo convertido desde el precio base USD; no es precio local confirmado."
MT-TIERRA-ABON;Tierra abonada y sustrato para jardinería.;materiales;m3;CO;COP;87602.2;;;"Precio base USD convertido; respaldo provisional, revisar con proveedor";2026-08-19;provisional;por_verificar;no;base;"Respaldo convertido desde el precio base USD; no es precio local confirmado."
MT-TIERRA-ABON;Tierra abonada y sustrato para jardinería.;materiales;m3;PE;PEN;94.36;;;"Precio base USD convertido; respaldo provisional, revisar con proveedor";2026-08-19;provisional;por_verificar;no;base;"Respaldo convertido desde el precio base USD; no es precio local confirmado."
MT-TIERRA-ABON;Tierra abonada y sustrato para jardinería.;materiales;m3;MX;MXN;477.68;;;"Precio base USD convertido; respaldo provisional, revisar con proveedor";2026-08-19;provisional;por_verificar;no;base;"Respaldo convertido desde el precio base USD; no es precio local confirmado."
MT-TIERRA-ABON;Tierra abonada y sustrato para jardinería.;materiales;m3;EC;USD;28;;;"Precio base USD convertido; respaldo provisional, revisar con proveedor";2026-08-19;provisional;por_verificar;no;base;"Respaldo convertido desde el precio base USD; no es precio local confirmado."
MT-TUB-RIEGO;Tubería de polietileno y accesorios para red de riego.;materiales;m;CO;COP;5005.84;;;"Precio base USD convertido; respaldo provisional, revisar con proveedor";2026-08-19;provisional;por_verificar;no;base;"Respaldo convertido desde el precio base USD; no es precio local confirmado."
MT-TUB-RIEGO;Tubería de polietileno y accesorios para red de riego.;materiales;m;PE;PEN;5.392;;;"Precio base USD convertido; respaldo provisional, revisar con proveedor";2026-08-19;provisional;por_verificar;no;base;"Respaldo convertido desde el precio base USD; no es precio local confirmado."
MT-TUB-RIEGO;Tubería de polietileno y accesorios para red de riego.;materiales;m;MX;MXN;27.296;;;"Precio base USD convertido; respaldo provisional, revisar con proveedor";2026-08-19;provisional;por_verificar;no;base;"Respaldo convertido desde el precio base USD; no es precio local confirmado."
MT-TUB-RIEGO;Tubería de polietileno y accesorios para red de riego.;materiales;m;EC;USD;1.6;;;"Precio base USD convertido; respaldo provisional, revisar con proveedor";2026-08-19;provisional;por_verificar;no;base;"Respaldo convertido desde el precio base USD; no es precio local confirmado."
MT-ASPERSOR;Aspersor o gotero con su conexión a la red de riego.;materiales;ud;CO;COP;26593.525;;;"Precio base USD convertido; respaldo provisional, revisar con proveedor";2026-08-19;provisional;por_verificar;no;base;"Respaldo convertido desde el precio base USD; no es precio local confirmado."
MT-ASPERSOR;Aspersor o gotero con su conexión a la red de riego.;materiales;ud;PE;PEN;28.645;;;"Precio base USD convertido; respaldo provisional, revisar con proveedor";2026-08-19;provisional;por_verificar;no;base;"Respaldo convertido desde el precio base USD; no es precio local confirmado."
MT-ASPERSOR;Aspersor o gotero con su conexión a la red de riego.;materiales;ud;MX;MXN;145.01;;;"Precio base USD convertido; respaldo provisional, revisar con proveedor";2026-08-19;provisional;por_verificar;no;base;"Respaldo convertido desde el precio base USD; no es precio local confirmado."
MT-ASPERSOR;Aspersor o gotero con su conexión a la red de riego.;materiales;ud;EC;USD;8.5;;;"Precio base USD convertido; respaldo provisional, revisar con proveedor";2026-08-19;provisional;por_verificar;no;base;"Respaldo convertido desde el precio base USD; no es precio local confirmado."
MT-CANAL-DREN;Canal de drenaje lineal prefabricado con su rejilla.;materiales;m;CO;COP;68830.3;;;"Precio base USD convertido; respaldo provisional, revisar con proveedor";2026-08-19;provisional;por_verificar;no;base;"Respaldo convertido desde el precio base USD; no es precio local confirmado."
MT-CANAL-DREN;Canal de drenaje lineal prefabricado con su rejilla.;materiales;m;PE;PEN;74.14;;;"Precio base USD convertido; respaldo provisional, revisar con proveedor";2026-08-19;provisional;por_verificar;no;base;"Respaldo convertido desde el precio base USD; no es precio local confirmado."
MT-CANAL-DREN;Canal de drenaje lineal prefabricado con su rejilla.;materiales;m;MX;MXN;375.32;;;"Precio base USD convertido; respaldo provisional, revisar con proveedor";2026-08-19;provisional;por_verificar;no;base;"Respaldo convertido desde el precio base USD; no es precio local confirmado."
MT-CANAL-DREN;Canal de drenaje lineal prefabricado con su rejilla.;materiales;m;EC;USD;22;;;"Precio base USD convertido; respaldo provisional, revisar con proveedor";2026-08-19;provisional;por_verificar;no;base;"Respaldo convertido desde el precio base USD; no es precio local confirmado."
MT-CONTENEDOR;Alquiler mensual de contenedor de escombro, incluido su retiro y vaciado.;materiales;ud;CO;COP;203362.25;;;"Precio base USD convertido; respaldo provisional, revisar con proveedor";2026-08-19;provisional;por_verificar;no;base;"Respaldo convertido desde el precio base USD; no es precio local confirmado."
MT-CONTENEDOR;Alquiler mensual de contenedor de escombro, incluido su retiro y vaciado.;materiales;ud;PE;PEN;219.05;;;"Precio base USD convertido; respaldo provisional, revisar con proveedor";2026-08-19;provisional;por_verificar;no;base;"Respaldo convertido desde el precio base USD; no es precio local confirmado."
MT-CONTENEDOR;Alquiler mensual de contenedor de escombro, incluido su retiro y vaciado.;materiales;ud;MX;MXN;1108.9;;;"Precio base USD convertido; respaldo provisional, revisar con proveedor";2026-08-19;provisional;por_verificar;no;base;"Respaldo convertido desde el precio base USD; no es precio local confirmado."
MT-CONTENEDOR;Alquiler mensual de contenedor de escombro, incluido su retiro y vaciado.;materiales;ud;EC;USD;65;;;"Precio base USD convertido; respaldo provisional, revisar con proveedor";2026-08-19;provisional;por_verificar;no;base;"Respaldo convertido desde el precio base USD; no es precio local confirmado."
MT-CONS-LIMP;Consumibles de limpieza final: detergentes, desincrustantes, paños y bolsas.;materiales;m2;CO;COP;1095.0275;;;"Precio base USD convertido; respaldo provisional, revisar con proveedor";2026-08-19;provisional;por_verificar;no;base;"Respaldo convertido desde el precio base USD; no es precio local confirmado."
MT-CONS-LIMP;Consumibles de limpieza final: detergentes, desincrustantes, paños y bolsas.;materiales;m2;PE;PEN;1.1795;;;"Precio base USD convertido; respaldo provisional, revisar con proveedor";2026-08-19;provisional;por_verificar;no;base;"Respaldo convertido desde el precio base USD; no es precio local confirmado."
MT-CONS-LIMP;Consumibles de limpieza final: detergentes, desincrustantes, paños y bolsas.;materiales;m2;MX;MXN;5.971;;;"Precio base USD convertido; respaldo provisional, revisar con proveedor";2026-08-19;provisional;por_verificar;no;base;"Respaldo convertido desde el precio base USD; no es precio local confirmado."
MT-CONS-LIMP;Consumibles de limpieza final: detergentes, desincrustantes, paños y bolsas.;materiales;m2;EC;USD;0.35;;;"Precio base USD convertido; respaldo provisional, revisar con proveedor";2026-08-19;provisional;por_verificar;no;base;"Respaldo convertido desde el precio base USD; no es precio local confirmado."
MT-BARANDA-PROV;Baranda provisional de borde con guardacuerpos, pasamanos y rodapié, amortizada por usos.;materiales;m;CO;COP;14078.925;;;"Precio base USD convertido; respaldo provisional, revisar con proveedor";2026-08-19;provisional;por_verificar;no;base;"Respaldo convertido desde el precio base USD; no es precio local confirmado."
MT-BARANDA-PROV;Baranda provisional de borde con guardacuerpos, pasamanos y rodapié, amortizada por usos.;materiales;m;PE;PEN;15.165;;;"Precio base USD convertido; respaldo provisional, revisar con proveedor";2026-08-19;provisional;por_verificar;no;base;"Respaldo convertido desde el precio base USD; no es precio local confirmado."
MT-BARANDA-PROV;Baranda provisional de borde con guardacuerpos, pasamanos y rodapié, amortizada por usos.;materiales;m;MX;MXN;76.77;;;"Precio base USD convertido; respaldo provisional, revisar con proveedor";2026-08-19;provisional;por_verificar;no;base;"Respaldo convertido desde el precio base USD; no es precio local confirmado."
MT-BARANDA-PROV;Baranda provisional de borde con guardacuerpos, pasamanos y rodapié, amortizada por usos.;materiales;m;EC;USD;4.5;;;"Precio base USD convertido; respaldo provisional, revisar con proveedor";2026-08-19;provisional;por_verificar;no;base;"Respaldo convertido desde el precio base USD; no es precio local confirmado."
MT-RED-SEG;Red de seguridad de poliamida con sus cuerdas de atado, amortizada por usos.;materiales;m2;CO;COP;8760.22;;;"Precio base USD convertido; respaldo provisional, revisar con proveedor";2026-08-19;provisional;por_verificar;no;base;"Respaldo convertido desde el precio base USD; no es precio local confirmado."
MT-RED-SEG;Red de seguridad de poliamida con sus cuerdas de atado, amortizada por usos.;materiales;m2;PE;PEN;9.436;;;"Precio base USD convertido; respaldo provisional, revisar con proveedor";2026-08-19;provisional;por_verificar;no;base;"Respaldo convertido desde el precio base USD; no es precio local confirmado."
MT-RED-SEG;Red de seguridad de poliamida con sus cuerdas de atado, amortizada por usos.;materiales;m2;MX;MXN;47.768;;;"Precio base USD convertido; respaldo provisional, revisar con proveedor";2026-08-19;provisional;por_verificar;no;base;"Respaldo convertido desde el precio base USD; no es precio local confirmado."
MT-RED-SEG;Red de seguridad de poliamida con sus cuerdas de atado, amortizada por usos.;materiales;m2;EC;USD;2.8;;;"Precio base USD convertido; respaldo provisional, revisar con proveedor";2026-08-19;provisional;por_verificar;no;base;"Respaldo convertido desde el precio base USD; no es precio local confirmado."
MT-LINEA-VIDA;Línea de vida horizontal con sus anclajes y absorbedor de energía.;materiales;m;CO;COP;19397.63;;;"Precio base USD convertido; respaldo provisional, revisar con proveedor";2026-08-19;provisional;por_verificar;no;base;"Respaldo convertido desde el precio base USD; no es precio local confirmado."
MT-LINEA-VIDA;Línea de vida horizontal con sus anclajes y absorbedor de energía.;materiales;m;PE;PEN;20.894;;;"Precio base USD convertido; respaldo provisional, revisar con proveedor";2026-08-19;provisional;por_verificar;no;base;"Respaldo convertido desde el precio base USD; no es precio local confirmado."
MT-LINEA-VIDA;Línea de vida horizontal con sus anclajes y absorbedor de energía.;materiales;m;MX;MXN;105.772;;;"Precio base USD convertido; respaldo provisional, revisar con proveedor";2026-08-19;provisional;por_verificar;no;base;"Respaldo convertido desde el precio base USD; no es precio local confirmado."
MT-LINEA-VIDA;Línea de vida horizontal con sus anclajes y absorbedor de energía.;materiales;m;EC;USD;6.2;;;"Precio base USD convertido; respaldo provisional, revisar con proveedor";2026-08-19;provisional;por_verificar;no;base;"Respaldo convertido desde el precio base USD; no es precio local confirmado."
MT-EPP;Dotación de equipo de protección individual por trabajador: casco, botas, guantes, lentes y chaleco.;materiales;ud;CO;COP;131403.3;;;"Precio base USD convertido; respaldo provisional, revisar con proveedor";2026-08-19;provisional;por_verificar;no;base;"Respaldo convertido desde el precio base USD; no es precio local confirmado."
MT-EPP;Dotación de equipo de protección individual por trabajador: casco, botas, guantes, lentes y chaleco.;materiales;ud;PE;PEN;141.54;;;"Precio base USD convertido; respaldo provisional, revisar con proveedor";2026-08-19;provisional;por_verificar;no;base;"Respaldo convertido desde el precio base USD; no es precio local confirmado."
MT-EPP;Dotación de equipo de protección individual por trabajador: casco, botas, guantes, lentes y chaleco.;materiales;ud;MX;MXN;716.52;;;"Precio base USD convertido; respaldo provisional, revisar con proveedor";2026-08-19;provisional;por_verificar;no;base;"Respaldo convertido desde el precio base USD; no es precio local confirmado."
MT-EPP;Dotación de equipo de protección individual por trabajador: casco, botas, guantes, lentes y chaleco.;materiales;ud;EC;USD;42;;;"Precio base USD convertido; respaldo provisional, revisar con proveedor";2026-08-19;provisional;por_verificar;no;base;"Respaldo convertido desde el precio base USD; no es precio local confirmado."
MT-ARNES;Arnés de cuerpo completo con eslinga y absorbedor, para trabajo en altura.;materiales;ud;CO;COP;172075.75;;;"Precio base USD convertido; respaldo provisional, revisar con proveedor";2026-08-19;provisional;por_verificar;no;base;"Respaldo convertido desde el precio base USD; no es precio local confirmado."
MT-ARNES;Arnés de cuerpo completo con eslinga y absorbedor, para trabajo en altura.;materiales;ud;PE;PEN;185.35;;;"Precio base USD convertido; respaldo provisional, revisar con proveedor";2026-08-19;provisional;por_verificar;no;base;"Respaldo convertido desde el precio base USD; no es precio local confirmado."
MT-ARNES;Arnés de cuerpo completo con eslinga y absorbedor, para trabajo en altura.;materiales;ud;MX;MXN;938.3;;;"Precio base USD convertido; respaldo provisional, revisar con proveedor";2026-08-19;provisional;por_verificar;no;base;"Respaldo convertido desde el precio base USD; no es precio local confirmado."
MT-ARNES;Arnés de cuerpo completo con eslinga y absorbedor, para trabajo en altura.;materiales;ud;EC;USD;55;;;"Precio base USD convertido; respaldo provisional, revisar con proveedor";2026-08-19;provisional;por_verificar;no;base;"Respaldo convertido desde el precio base USD; no es precio local confirmado."
MT-BOTIQUIN;Botiquín de primeros auxilios de obra, dotado y con reposición.;materiales;ud;CO;COP;109502.75;;;"Precio base USD convertido; respaldo provisional, revisar con proveedor";2026-08-19;provisional;por_verificar;no;base;"Respaldo convertido desde el precio base USD; no es precio local confirmado."
MT-BOTIQUIN;Botiquín de primeros auxilios de obra, dotado y con reposición.;materiales;ud;PE;PEN;117.95;;;"Precio base USD convertido; respaldo provisional, revisar con proveedor";2026-08-19;provisional;por_verificar;no;base;"Respaldo convertido desde el precio base USD; no es precio local confirmado."
MT-BOTIQUIN;Botiquín de primeros auxilios de obra, dotado y con reposición.;materiales;ud;MX;MXN;597.1;;;"Precio base USD convertido; respaldo provisional, revisar con proveedor";2026-08-19;provisional;por_verificar;no;base;"Respaldo convertido desde el precio base USD; no es precio local confirmado."
MT-BOTIQUIN;Botiquín de primeros auxilios de obra, dotado y con reposición.;materiales;ud;EC;USD;35;;;"Precio base USD convertido; respaldo provisional, revisar con proveedor";2026-08-19;provisional;por_verificar;no;base;"Respaldo convertido desde el precio base USD; no es precio local confirmado."
MT-CASETA-BIEN;Adecuación de zona de vestuario y comedor de obra, con mobiliario básico.;materiales;ud;CO;COP;375438;;;"Precio base USD convertido; respaldo provisional, revisar con proveedor";2026-08-19;provisional;por_verificar;no;base;"Respaldo convertido desde el precio base USD; no es precio local confirmado."
MT-CASETA-BIEN;Adecuación de zona de vestuario y comedor de obra, con mobiliario básico.;materiales;ud;PE;PEN;404.4;;;"Precio base USD convertido; respaldo provisional, revisar con proveedor";2026-08-19;provisional;por_verificar;no;base;"Respaldo convertido desde el precio base USD; no es precio local confirmado."
MT-CASETA-BIEN;Adecuación de zona de vestuario y comedor de obra, con mobiliario básico.;materiales;ud;MX;MXN;2047.2;;;"Precio base USD convertido; respaldo provisional, revisar con proveedor";2026-08-19;provisional;por_verificar;no;base;"Respaldo convertido desde el precio base USD; no es precio local confirmado."
MT-CASETA-BIEN;Adecuación de zona de vestuario y comedor de obra, con mobiliario básico.;materiales;ud;EC;USD;120;;;"Precio base USD convertido; respaldo provisional, revisar con proveedor";2026-08-19;provisional;por_verificar;no;base;"Respaldo convertido desde el precio base USD; no es precio local confirmado."
MT-BLQ-EST-15;Bloque de concreto estructural de 15x20x40 cm, de resistencia certificada.;materiales;ud;CO;COP;2753.212;;;"Precio base USD convertido; respaldo provisional, revisar con proveedor";2026-08-19;provisional;por_verificar;no;base;"Respaldo convertido desde el precio base USD; no es precio local confirmado."
MT-BLQ-EST-15;Bloque de concreto estructural de 15x20x40 cm, de resistencia certificada.;materiales;ud;PE;PEN;2.9656;;;"Precio base USD convertido; respaldo provisional, revisar con proveedor";2026-08-19;provisional;por_verificar;no;base;"Respaldo convertido desde el precio base USD; no es precio local confirmado."
MT-BLQ-EST-15;Bloque de concreto estructural de 15x20x40 cm, de resistencia certificada.;materiales;ud;MX;MXN;15.0128;;;"Precio base USD convertido; respaldo provisional, revisar con proveedor";2026-08-19;provisional;por_verificar;no;base;"Respaldo convertido desde el precio base USD; no es precio local confirmado."
MT-BLQ-EST-15;Bloque de concreto estructural de 15x20x40 cm, de resistencia certificada.;materiales;ud;EC;USD;0.88;;;"Precio base USD convertido; respaldo provisional, revisar con proveedor";2026-08-19;provisional;por_verificar;no;base;"Respaldo convertido desde el precio base USD; no es precio local confirmado."
MT-BLQ-EST-20;Bloque de concreto estructural de 20x20x40 cm, de resistencia certificada.;materiales;ud;CO;COP;3441.515;;;"Precio base USD convertido; respaldo provisional, revisar con proveedor";2026-08-19;provisional;por_verificar;no;base;"Respaldo convertido desde el precio base USD; no es precio local confirmado."
MT-BLQ-EST-20;Bloque de concreto estructural de 20x20x40 cm, de resistencia certificada.;materiales;ud;PE;PEN;3.707;;;"Precio base USD convertido; respaldo provisional, revisar con proveedor";2026-08-19;provisional;por_verificar;no;base;"Respaldo convertido desde el precio base USD; no es precio local confirmado."
MT-BLQ-EST-20;Bloque de concreto estructural de 20x20x40 cm, de resistencia certificada.;materiales;ud;MX;MXN;18.766;;;"Precio base USD convertido; respaldo provisional, revisar con proveedor";2026-08-19;provisional;por_verificar;no;base;"Respaldo convertido desde el precio base USD; no es precio local confirmado."
MT-BLQ-EST-20;Bloque de concreto estructural de 20x20x40 cm, de resistencia certificada.;materiales;ud;EC;USD;1.1;;;"Precio base USD convertido; respaldo provisional, revisar con proveedor";2026-08-19;provisional;por_verificar;no;base;"Respaldo convertido desde el precio base USD; no es precio local confirmado."
MT-MORT-EST;Mortero de pega de resistencia controlada para mampostería estructural, elaborado en obra, dosificación 1:3.;materiales;m3;CO;COP;386707.3973;;;"Precio base USD convertido; respaldo provisional, revisar con proveedor";2026-08-19;provisional;por_verificar;no;base;"Respaldo convertido desde el precio base USD; no es precio local confirmado."
MT-MORT-EST;Mortero de pega de resistencia controlada para mampostería estructural, elaborado en obra, dosificación 1:3.;materiales;m3;PE;PEN;416.53874;;;"Precio base USD convertido; respaldo provisional, revisar con proveedor";2026-08-19;provisional;por_verificar;no;base;"Respaldo convertido desde el precio base USD; no es precio local confirmado."
MT-MORT-EST;Mortero de pega de resistencia controlada para mampostería estructural, elaborado en obra, dosificación 1:3.;materiales;m3;MX;MXN;2108.65012;;;"Precio base USD convertido; respaldo provisional, revisar con proveedor";2026-08-19;provisional;por_verificar;no;base;"Respaldo convertido desde el precio base USD; no es precio local confirmado."
MT-MORT-EST;Mortero de pega de resistencia controlada para mampostería estructural, elaborado en obra, dosificación 1:3.;materiales;m3;EC;USD;123.602;;;"Precio base USD convertido; respaldo provisional, revisar con proveedor";2026-08-19;provisional;por_verificar;no;base;"Respaldo convertido desde el precio base USD; no es precio local confirmado."
MT-GROUT-CELDA;Concreto fluido de relleno de celdas para mampostería estructural.;materiales;m3;CO;COP;394209.9;;;"Precio base USD convertido; respaldo provisional, revisar con proveedor";2026-08-19;provisional;por_verificar;no;base;"Respaldo convertido desde el precio base USD; no es precio local confirmado."
MT-GROUT-CELDA;Concreto fluido de relleno de celdas para mampostería estructural.;materiales;m3;PE;PEN;424.62;;;"Precio base USD convertido; respaldo provisional, revisar con proveedor";2026-08-19;provisional;por_verificar;no;base;"Respaldo convertido desde el precio base USD; no es precio local confirmado."
MT-GROUT-CELDA;Concreto fluido de relleno de celdas para mampostería estructural.;materiales;m3;MX;MXN;2149.56;;;"Precio base USD convertido; respaldo provisional, revisar con proveedor";2026-08-19;provisional;por_verificar;no;base;"Respaldo convertido desde el precio base USD; no es precio local confirmado."
MT-GROUT-CELDA;Concreto fluido de relleno de celdas para mampostería estructural.;materiales;m3;EC;USD;126;;;"Precio base USD convertido; respaldo provisional, revisar con proveedor";2026-08-19;provisional;por_verificar;no;base;"Respaldo convertido desde el precio base USD; no es precio local confirmado."
MT-ESCALERILLA;Escalerilla o junta de refuerzo horizontal para mampostería.;materiales;m;CO;COP;3597.9475;;;"Precio base USD convertido; respaldo provisional, revisar con proveedor";2026-08-19;provisional;por_verificar;no;base;"Respaldo convertido desde el precio base USD; no es precio local confirmado."
MT-ESCALERILLA;Escalerilla o junta de refuerzo horizontal para mampostería.;materiales;m;PE;PEN;3.8755;;;"Precio base USD convertido; respaldo provisional, revisar con proveedor";2026-08-19;provisional;por_verificar;no;base;"Respaldo convertido desde el precio base USD; no es precio local confirmado."
MT-ESCALERILLA;Escalerilla o junta de refuerzo horizontal para mampostería.;materiales;m;MX;MXN;19.619;;;"Precio base USD convertido; respaldo provisional, revisar con proveedor";2026-08-19;provisional;por_verificar;no;base;"Respaldo convertido desde el precio base USD; no es precio local confirmado."
MT-ESCALERILLA;Escalerilla o junta de refuerzo horizontal para mampostería.;materiales;m;EC;USD;1.15;;;"Precio base USD convertido; respaldo provisional, revisar con proveedor";2026-08-19;provisional;por_verificar;no;base;"Respaldo convertido desde el precio base USD; no es precio local confirmado."
MT-CAJON-PERS;Cajón de persiana prefabricado aislado, con su tapa registrable.;materiales;m;CO;COP;56315.7;;;"Precio base USD convertido; respaldo provisional, revisar con proveedor";2026-08-19;provisional;por_verificar;no;base;"Respaldo convertido desde el precio base USD; no es precio local confirmado."
MT-CAJON-PERS;Cajón de persiana prefabricado aislado, con su tapa registrable.;materiales;m;PE;PEN;60.66;;;"Precio base USD convertido; respaldo provisional, revisar con proveedor";2026-08-19;provisional;por_verificar;no;base;"Respaldo convertido desde el precio base USD; no es precio local confirmado."
MT-CAJON-PERS;Cajón de persiana prefabricado aislado, con su tapa registrable.;materiales;m;MX;MXN;307.08;;;"Precio base USD convertido; respaldo provisional, revisar con proveedor";2026-08-19;provisional;por_verificar;no;base;"Respaldo convertido desde el precio base USD; no es precio local confirmado."
MT-CAJON-PERS;Cajón de persiana prefabricado aislado, con su tapa registrable.;materiales;m;EC;USD;18;;;"Precio base USD convertido; respaldo provisional, revisar con proveedor";2026-08-19;provisional;por_verificar;no;base;"Respaldo convertido desde el precio base USD; no es precio local confirmado."
MT-MAMPARA-OFI;Sistema de mampara divisoria de oficina, con perfilería, paneles y juntas.;materiales;m2;CO;COP;150175.2;;;"Precio base USD convertido; respaldo provisional, revisar con proveedor";2026-08-19;provisional;por_verificar;no;base;"Respaldo convertido desde el precio base USD; no es precio local confirmado."
MT-MAMPARA-OFI;Sistema de mampara divisoria de oficina, con perfilería, paneles y juntas.;materiales;m2;PE;PEN;161.76;;;"Precio base USD convertido; respaldo provisional, revisar con proveedor";2026-08-19;provisional;por_verificar;no;base;"Respaldo convertido desde el precio base USD; no es precio local confirmado."
MT-MAMPARA-OFI;Sistema de mampara divisoria de oficina, con perfilería, paneles y juntas.;materiales;m2;MX;MXN;818.88;;;"Precio base USD convertido; respaldo provisional, revisar con proveedor";2026-08-19;provisional;por_verificar;no;base;"Respaldo convertido desde el precio base USD; no es precio local confirmado."
MT-MAMPARA-OFI;Sistema de mampara divisoria de oficina, con perfilería, paneles y juntas.;materiales;m2;EC;USD;48;;;"Precio base USD convertido; respaldo provisional, revisar con proveedor";2026-08-19;provisional;por_verificar;no;base;"Respaldo convertido desde el precio base USD; no es precio local confirmado."
MT-TABIQUE-MOVIL;Sistema de tabique móvil o plegable, con paneles, riel y herrajes.;materiales;m2;CO;COP;422367.75;;;"Precio base USD convertido; respaldo provisional, revisar con proveedor";2026-08-19;provisional;por_verificar;no;base;"Respaldo convertido desde el precio base USD; no es precio local confirmado."
MT-TABIQUE-MOVIL;Sistema de tabique móvil o plegable, con paneles, riel y herrajes.;materiales;m2;PE;PEN;454.95;;;"Precio base USD convertido; respaldo provisional, revisar con proveedor";2026-08-19;provisional;por_verificar;no;base;"Respaldo convertido desde el precio base USD; no es precio local confirmado."
MT-TABIQUE-MOVIL;Sistema de tabique móvil o plegable, con paneles, riel y herrajes.;materiales;m2;MX;MXN;2303.1;;;"Precio base USD convertido; respaldo provisional, revisar con proveedor";2026-08-19;provisional;por_verificar;no;base;"Respaldo convertido desde el precio base USD; no es precio local confirmado."
MT-TABIQUE-MOVIL;Sistema de tabique móvil o plegable, con paneles, riel y herrajes.;materiales;m2;EC;USD;135;;;"Precio base USD convertido; respaldo provisional, revisar con proveedor";2026-08-19;provisional;por_verificar;no;base;"Respaldo convertido desde el precio base USD; no es precio local confirmado."
MT-HIDROFUG-FACH;Hidrofugante incoloro de impregnación para protección de fachadas.;materiales;l;CO;COP;26906.39;;;"Precio base USD convertido; respaldo provisional, revisar con proveedor";2026-08-19;provisional;por_verificar;no;base;"Respaldo convertido desde el precio base USD; no es precio local confirmado."
MT-HIDROFUG-FACH;Hidrofugante incoloro de impregnación para protección de fachadas.;materiales;l;PE;PEN;28.982;;;"Precio base USD convertido; respaldo provisional, revisar con proveedor";2026-08-19;provisional;por_verificar;no;base;"Respaldo convertido desde el precio base USD; no es precio local confirmado."
MT-HIDROFUG-FACH;Hidrofugante incoloro de impregnación para protección de fachadas.;materiales;l;MX;MXN;146.716;;;"Precio base USD convertido; respaldo provisional, revisar con proveedor";2026-08-19;provisional;por_verificar;no;base;"Respaldo convertido desde el precio base USD; no es precio local confirmado."
MT-HIDROFUG-FACH;Hidrofugante incoloro de impregnación para protección de fachadas.;materiales;l;EC;USD;8.6;;;"Precio base USD convertido; respaldo provisional, revisar con proveedor";2026-08-19;provisional;por_verificar;no;base;"Respaldo convertido desde el precio base USD; no es precio local confirmado."
MT-FUNGICIDA;Solución fungicida y algicida para tratamiento de moho y verdín en fachadas.;materiales;l;CO;COP;19397.63;;;"Precio base USD convertido; respaldo provisional, revisar con proveedor";2026-08-19;provisional;por_verificar;no;base;"Respaldo convertido desde el precio base USD; no es precio local confirmado."
MT-FUNGICIDA;Solución fungicida y algicida para tratamiento de moho y verdín en fachadas.;materiales;l;PE;PEN;20.894;;;"Precio base USD convertido; respaldo provisional, revisar con proveedor";2026-08-19;provisional;por_verificar;no;base;"Respaldo convertido desde el precio base USD; no es precio local confirmado."
MT-FUNGICIDA;Solución fungicida y algicida para tratamiento de moho y verdín en fachadas.;materiales;l;MX;MXN;105.772;;;"Precio base USD convertido; respaldo provisional, revisar con proveedor";2026-08-19;provisional;por_verificar;no;base;"Respaldo convertido desde el precio base USD; no es precio local confirmado."
MT-FUNGICIDA;Solución fungicida y algicida para tratamiento de moho y verdín en fachadas.;materiales;l;EC;USD;6.2;;;"Precio base USD convertido; respaldo provisional, revisar con proveedor";2026-08-19;provisional;por_verificar;no;base;"Respaldo convertido desde el precio base USD; no es precio local confirmado."
MT-LIMP-QUIM;Limpiador químico específico para fachadas, según el tipo de soporte y de mancha.;materiales;l;CO;COP;29409.31;;;"Precio base USD convertido; respaldo provisional, revisar con proveedor";2026-08-19;provisional;por_verificar;no;base;"Respaldo convertido desde el precio base USD; no es precio local confirmado."
MT-LIMP-QUIM;Limpiador químico específico para fachadas, según el tipo de soporte y de mancha.;materiales;l;PE;PEN;31.678;;;"Precio base USD convertido; respaldo provisional, revisar con proveedor";2026-08-19;provisional;por_verificar;no;base;"Respaldo convertido desde el precio base USD; no es precio local confirmado."
MT-LIMP-QUIM;Limpiador químico específico para fachadas, según el tipo de soporte y de mancha.;materiales;l;MX;MXN;160.364;;;"Precio base USD convertido; respaldo provisional, revisar con proveedor";2026-08-19;provisional;por_verificar;no;base;"Respaldo convertido desde el precio base USD; no es precio local confirmado."
MT-LIMP-QUIM;Limpiador químico específico para fachadas, según el tipo de soporte y de mancha.;materiales;l;EC;USD;9.4;;;"Precio base USD convertido; respaldo provisional, revisar con proveedor";2026-08-19;provisional;por_verificar;no;base;"Respaldo convertido desde el precio base USD; no es precio local confirmado."
MT-BLQ-12;Bloque de concreto hueco de 12x20x40 cm.;materiales;ud;CO;COP;1626.898;;;"Precio base USD convertido; respaldo provisional, revisar con proveedor";2026-08-19;provisional;por_verificar;no;base;"Respaldo convertido desde el precio base USD; no es precio local confirmado."
MT-BLQ-12;Bloque de concreto hueco de 12x20x40 cm.;materiales;ud;PE;PEN;1.7524;;;"Precio base USD convertido; respaldo provisional, revisar con proveedor";2026-08-19;provisional;por_verificar;no;base;"Respaldo convertido desde el precio base USD; no es precio local confirmado."
MT-BLQ-12;Bloque de concreto hueco de 12x20x40 cm.;materiales;ud;MX;MXN;8.8712;;;"Precio base USD convertido; respaldo provisional, revisar con proveedor";2026-08-19;provisional;por_verificar;no;base;"Respaldo convertido desde el precio base USD; no es precio local confirmado."
MT-BLQ-12;Bloque de concreto hueco de 12x20x40 cm.;materiales;ud;EC;USD;0.52;;;"Precio base USD convertido; respaldo provisional, revisar con proveedor";2026-08-19;provisional;por_verificar;no;base;"Respaldo convertido desde el precio base USD; no es precio local confirmado."
MT-STEELDECK;Lámina colaborante de acero galvanizado tipo steel deck para losa mixta.;materiales;m2;CO;COP;59444.35;;;"Precio base USD convertido; respaldo provisional, revisar con proveedor";2026-08-19;provisional;por_verificar;no;base;"Respaldo convertido desde el precio base USD; no es precio local confirmado."
MT-STEELDECK;Lámina colaborante de acero galvanizado tipo steel deck para losa mixta.;materiales;m2;PE;PEN;64.03;;;"Precio base USD convertido; respaldo provisional, revisar con proveedor";2026-08-19;provisional;por_verificar;no;base;"Respaldo convertido desde el precio base USD; no es precio local confirmado."
MT-STEELDECK;Lámina colaborante de acero galvanizado tipo steel deck para losa mixta.;materiales;m2;MX;MXN;324.14;;;"Precio base USD convertido; respaldo provisional, revisar con proveedor";2026-08-19;provisional;por_verificar;no;base;"Respaldo convertido desde el precio base USD; no es precio local confirmado."
MT-STEELDECK;Lámina colaborante de acero galvanizado tipo steel deck para losa mixta.;materiales;m2;EC;USD;19;;;"Precio base USD convertido; respaldo provisional, revisar con proveedor";2026-08-19;provisional;por_verificar;no;base;"Respaldo convertido desde el precio base USD; no es precio local confirmado."
MT-CONECTOR-CORTE;Conector de cortante soldable para losa mixta sobre estructura metálica.;materiales;ud;CO;COP;4380.11;;;"Precio base USD convertido; respaldo provisional, revisar con proveedor";2026-08-19;provisional;por_verificar;no;base;"Respaldo convertido desde el precio base USD; no es precio local confirmado."
MT-CONECTOR-CORTE;Conector de cortante soldable para losa mixta sobre estructura metálica.;materiales;ud;PE;PEN;4.718;;;"Precio base USD convertido; respaldo provisional, revisar con proveedor";2026-08-19;provisional;por_verificar;no;base;"Respaldo convertido desde el precio base USD; no es precio local confirmado."
MT-CONECTOR-CORTE;Conector de cortante soldable para losa mixta sobre estructura metálica.;materiales;ud;MX;MXN;23.884;;;"Precio base USD convertido; respaldo provisional, revisar con proveedor";2026-08-19;provisional;por_verificar;no;base;"Respaldo convertido desde el precio base USD; no es precio local confirmado."
MT-CONECTOR-CORTE;Conector de cortante soldable para losa mixta sobre estructura metálica.;materiales;ud;EC;USD;1.4;;;"Precio base USD convertido; respaldo provisional, revisar con proveedor";2026-08-19;provisional;por_verificar;no;base;"Respaldo convertido desde el precio base USD; no es precio local confirmado."
MT-DOMO;Domo o claraboya de policarbonato o acrílico con su zócalo y herrajes.;materiales;ud;CO;COP;225262.8;;;"Precio base USD convertido; respaldo provisional, revisar con proveedor";2026-08-19;provisional;por_verificar;no;base;"Respaldo convertido desde el precio base USD; no es precio local confirmado."
MT-DOMO;Domo o claraboya de policarbonato o acrílico con su zócalo y herrajes.;materiales;ud;PE;PEN;242.64;;;"Precio base USD convertido; respaldo provisional, revisar con proveedor";2026-08-19;provisional;por_verificar;no;base;"Respaldo convertido desde el precio base USD; no es precio local confirmado."
MT-DOMO;Domo o claraboya de policarbonato o acrílico con su zócalo y herrajes.;materiales;ud;MX;MXN;1228.32;;;"Precio base USD convertido; respaldo provisional, revisar con proveedor";2026-08-19;provisional;por_verificar;no;base;"Respaldo convertido desde el precio base USD; no es precio local confirmado."
MT-DOMO;Domo o claraboya de policarbonato o acrílico con su zócalo y herrajes.;materiales;ud;EC;USD;72;;;"Precio base USD convertido; respaldo provisional, revisar con proveedor";2026-08-19;provisional;por_verificar;no;base;"Respaldo convertido desde el precio base USD; no es precio local confirmado."
MT-CELOSIA;Celosía o romanilla de aluminio para ventilación, con su marco.;materiales;m2;CO;COP;81344.9;;;"Precio base USD convertido; respaldo provisional, revisar con proveedor";2026-08-19;provisional;por_verificar;no;base;"Respaldo convertido desde el precio base USD; no es precio local confirmado."
MT-CELOSIA;Celosía o romanilla de aluminio para ventilación, con su marco.;materiales;m2;PE;PEN;87.62;;;"Precio base USD convertido; respaldo provisional, revisar con proveedor";2026-08-19;provisional;por_verificar;no;base;"Respaldo convertido desde el precio base USD; no es precio local confirmado."
MT-CELOSIA;Celosía o romanilla de aluminio para ventilación, con su marco.;materiales;m2;MX;MXN;443.56;;;"Precio base USD convertido; respaldo provisional, revisar con proveedor";2026-08-19;provisional;por_verificar;no;base;"Respaldo convertido desde el precio base USD; no es precio local confirmado."
MT-CELOSIA;Celosía o romanilla de aluminio para ventilación, con su marco.;materiales;m2;EC;USD;26;;;"Precio base USD convertido; respaldo provisional, revisar con proveedor";2026-08-19;provisional;por_verificar;no;base;"Respaldo convertido desde el precio base USD; no es precio local confirmado."
MT-PANEL-PVC-BANO;Panel de PVC o composite para revestimiento de paredes de baño, con sus perfiles.;materiales;m2;CO;COP;42236.775;;;"Precio base USD convertido; respaldo provisional, revisar con proveedor";2026-08-19;provisional;por_verificar;no;base;"Respaldo convertido desde el precio base USD; no es precio local confirmado."
MT-PANEL-PVC-BANO;Panel de PVC o composite para revestimiento de paredes de baño, con sus perfiles.;materiales;m2;PE;PEN;45.495;;;"Precio base USD convertido; respaldo provisional, revisar con proveedor";2026-08-19;provisional;por_verificar;no;base;"Respaldo convertido desde el precio base USD; no es precio local confirmado."
MT-PANEL-PVC-BANO;Panel de PVC o composite para revestimiento de paredes de baño, con sus perfiles.;materiales;m2;MX;MXN;230.31;;;"Precio base USD convertido; respaldo provisional, revisar con proveedor";2026-08-19;provisional;por_verificar;no;base;"Respaldo convertido desde el precio base USD; no es precio local confirmado."
MT-PANEL-PVC-BANO;Panel de PVC o composite para revestimiento de paredes de baño, con sus perfiles.;materiales;m2;EC;USD;13.5;;;"Precio base USD convertido; respaldo provisional, revisar con proveedor";2026-08-19;provisional;por_verificar;no;base;"Respaldo convertido desde el precio base USD; no es precio local confirmado."
MT-TRAMPA-GRASA;Trampa de grasa prefabricada con su tapa y conexiones.;materiales;ud;CO;COP;244034.7;;;"Precio base USD convertido; respaldo provisional, revisar con proveedor";2026-08-19;provisional;por_verificar;no;base;"Respaldo convertido desde el precio base USD; no es precio local confirmado."
MT-TRAMPA-GRASA;Trampa de grasa prefabricada con su tapa y conexiones.;materiales;ud;PE;PEN;262.86;;;"Precio base USD convertido; respaldo provisional, revisar con proveedor";2026-08-19;provisional;por_verificar;no;base;"Respaldo convertido desde el precio base USD; no es precio local confirmado."
MT-TRAMPA-GRASA;Trampa de grasa prefabricada con su tapa y conexiones.;materiales;ud;MX;MXN;1330.68;;;"Precio base USD convertido; respaldo provisional, revisar con proveedor";2026-08-19;provisional;por_verificar;no;base;"Respaldo convertido desde el precio base USD; no es precio local confirmado."
MT-TRAMPA-GRASA;Trampa de grasa prefabricada con su tapa y conexiones.;materiales;ud;EC;USD;78;;;"Precio base USD convertido; respaldo provisional, revisar con proveedor";2026-08-19;provisional;por_verificar;no;base;"Respaldo convertido desde el precio base USD; no es precio local confirmado."
MT-TIMBRE;Timbre con su pulsador y transformador.;materiales;ud;CO;COP;43801.1;;;"Precio base USD convertido; respaldo provisional, revisar con proveedor";2026-08-19;provisional;por_verificar;no;base;"Respaldo convertido desde el precio base USD; no es precio local confirmado."
MT-TIMBRE;Timbre con su pulsador y transformador.;materiales;ud;PE;PEN;47.18;;;"Precio base USD convertido; respaldo provisional, revisar con proveedor";2026-08-19;provisional;por_verificar;no;base;"Respaldo convertido desde el precio base USD; no es precio local confirmado."
MT-TIMBRE;Timbre con su pulsador y transformador.;materiales;ud;MX;MXN;238.84;;;"Precio base USD convertido; respaldo provisional, revisar con proveedor";2026-08-19;provisional;por_verificar;no;base;"Respaldo convertido desde el precio base USD; no es precio local confirmado."
MT-TIMBRE;Timbre con su pulsador y transformador.;materiales;ud;EC;USD;14;;;"Precio base USD convertido; respaldo provisional, revisar con proveedor";2026-08-19;provisional;por_verificar;no;base;"Respaldo convertido desde el precio base USD; no es precio local confirmado."
MT-PINT-TRAFICO;Pintura de tráfico para demarcación de pisos y estacionamientos.;materiales;l;CO;COP;28783.58;;;"Precio base USD convertido; respaldo provisional, revisar con proveedor";2026-08-19;provisional;por_verificar;no;base;"Respaldo convertido desde el precio base USD; no es precio local confirmado."
MT-PINT-TRAFICO;Pintura de tráfico para demarcación de pisos y estacionamientos.;materiales;l;PE;PEN;31.004;;;"Precio base USD convertido; respaldo provisional, revisar con proveedor";2026-08-19;provisional;por_verificar;no;base;"Respaldo convertido desde el precio base USD; no es precio local confirmado."
MT-PINT-TRAFICO;Pintura de tráfico para demarcación de pisos y estacionamientos.;materiales;l;MX;MXN;156.952;;;"Precio base USD convertido; respaldo provisional, revisar con proveedor";2026-08-19;provisional;por_verificar;no;base;"Respaldo convertido desde el precio base USD; no es precio local confirmado."
MT-PINT-TRAFICO;Pintura de tráfico para demarcación de pisos y estacionamientos.;materiales;l;EC;USD;9.2;;;"Precio base USD convertido; respaldo provisional, revisar con proveedor";2026-08-19;provisional;por_verificar;no;base;"Respaldo convertido desde el precio base USD; no es precio local confirmado."
MT-PERFIL-CORTINERO;Riel de cortinero con sus soportes y accesorios.;materiales;m;CO;COP;23152.01;;;"Precio base USD convertido; respaldo provisional, revisar con proveedor";2026-08-19;provisional;por_verificar;no;base;"Respaldo convertido desde el precio base USD; no es precio local confirmado."
MT-PERFIL-CORTINERO;Riel de cortinero con sus soportes y accesorios.;materiales;m;PE;PEN;24.938;;;"Precio base USD convertido; respaldo provisional, revisar con proveedor";2026-08-19;provisional;por_verificar;no;base;"Respaldo convertido desde el precio base USD; no es precio local confirmado."
MT-PERFIL-CORTINERO;Riel de cortinero con sus soportes y accesorios.;materiales;m;MX;MXN;126.244;;;"Precio base USD convertido; respaldo provisional, revisar con proveedor";2026-08-19;provisional;por_verificar;no;base;"Respaldo convertido desde el precio base USD; no es precio local confirmado."
MT-PERFIL-CORTINERO;Riel de cortinero con sus soportes y accesorios.;materiales;m;EC;USD;7.4;;;"Precio base USD convertido; respaldo provisional, revisar con proveedor";2026-08-19;provisional;por_verificar;no;base;"Respaldo convertido desde el precio base USD; no es precio local confirmado."
MT-SELLA-FISURA;Sellador elástico de fisuras en base a poliuretano o acrílico para exteriores.;materiales;kg;CO;COP;15017.52;;;"Precio base USD convertido; respaldo provisional, revisar con proveedor";2026-08-19;provisional;por_verificar;no;base;"Respaldo convertido desde el precio base USD; no es precio local confirmado."
MT-SELLA-FISURA;Sellador elástico de fisuras en base a poliuretano o acrílico para exteriores.;materiales;kg;PE;PEN;16.176;;;"Precio base USD convertido; respaldo provisional, revisar con proveedor";2026-08-19;provisional;por_verificar;no;base;"Respaldo convertido desde el precio base USD; no es precio local confirmado."
MT-SELLA-FISURA;Sellador elástico de fisuras en base a poliuretano o acrílico para exteriores.;materiales;kg;MX;MXN;81.888;;;"Precio base USD convertido; respaldo provisional, revisar con proveedor";2026-08-19;provisional;por_verificar;no;base;"Respaldo convertido desde el precio base USD; no es precio local confirmado."
MT-SELLA-FISURA;Sellador elástico de fisuras en base a poliuretano o acrílico para exteriores.;materiales;kg;EC;USD;4.8;;;"Precio base USD convertido; respaldo provisional, revisar con proveedor";2026-08-19;provisional;por_verificar;no;base;"Respaldo convertido desde el precio base USD; no es precio local confirmado."
MT-QUIMICO-LIMP-AC;Producto químico espumante para limpieza de serpentines de climatización.;materiales;ud;CO;COP;26593.525;;;"Precio base USD convertido; respaldo provisional, revisar con proveedor";2026-08-19;provisional;por_verificar;no;base;"Respaldo convertido desde el precio base USD; no es precio local confirmado."
MT-QUIMICO-LIMP-AC;Producto químico espumante para limpieza de serpentines de climatización.;materiales;ud;PE;PEN;28.645;;;"Precio base USD convertido; respaldo provisional, revisar con proveedor";2026-08-19;provisional;por_verificar;no;base;"Respaldo convertido desde el precio base USD; no es precio local confirmado."
MT-QUIMICO-LIMP-AC;Producto químico espumante para limpieza de serpentines de climatización.;materiales;ud;MX;MXN;145.01;;;"Precio base USD convertido; respaldo provisional, revisar con proveedor";2026-08-19;provisional;por_verificar;no;base;"Respaldo convertido desde el precio base USD; no es precio local confirmado."
MT-QUIMICO-LIMP-AC;Producto químico espumante para limpieza de serpentines de climatización.;materiales;ud;EC;USD;8.5;;;"Precio base USD convertido; respaldo provisional, revisar con proveedor";2026-08-19;provisional;por_verificar;no;base;"Respaldo convertido desde el precio base USD; no es precio local confirmado."
MT-REJILLA-VENT;Rejilla de ventilación con marco y malla antiinsectos.;materiales;ud;CO;COP;28157.85;;;"Precio base USD convertido; respaldo provisional, revisar con proveedor";2026-08-19;provisional;por_verificar;no;base;"Respaldo convertido desde el precio base USD; no es precio local confirmado."
MT-REJILLA-VENT;Rejilla de ventilación con marco y malla antiinsectos.;materiales;ud;PE;PEN;30.33;;;"Precio base USD convertido; respaldo provisional, revisar con proveedor";2026-08-19;provisional;por_verificar;no;base;"Respaldo convertido desde el precio base USD; no es precio local confirmado."
MT-REJILLA-VENT;Rejilla de ventilación con marco y malla antiinsectos.;materiales;ud;MX;MXN;153.54;;;"Precio base USD convertido; respaldo provisional, revisar con proveedor";2026-08-19;provisional;por_verificar;no;base;"Respaldo convertido desde el precio base USD; no es precio local confirmado."
MT-REJILLA-VENT;Rejilla de ventilación con marco y malla antiinsectos.;materiales;ud;EC;USD;9;;;"Precio base USD convertido; respaldo provisional, revisar con proveedor";2026-08-19;provisional;por_verificar;no;base;"Respaldo convertido desde el precio base USD; no es precio local confirmado."
MT-MADERA-PERGOLA;Viga y listón de madera tratada para pérgola exterior.;materiales;m;CO;COP;21274.82;;;"Precio base USD convertido; respaldo provisional, revisar con proveedor";2026-08-19;provisional;por_verificar;no;base;"Respaldo convertido desde el precio base USD; no es precio local confirmado."
MT-MADERA-PERGOLA;Viga y listón de madera tratada para pérgola exterior.;materiales;m;PE;PEN;22.916;;;"Precio base USD convertido; respaldo provisional, revisar con proveedor";2026-08-19;provisional;por_verificar;no;base;"Respaldo convertido desde el precio base USD; no es precio local confirmado."
MT-MADERA-PERGOLA;Viga y listón de madera tratada para pérgola exterior.;materiales;m;MX;MXN;116.008;;;"Precio base USD convertido; respaldo provisional, revisar con proveedor";2026-08-19;provisional;por_verificar;no;base;"Respaldo convertido desde el precio base USD; no es precio local confirmado."
MT-MADERA-PERGOLA;Viga y listón de madera tratada para pérgola exterior.;materiales;m;EC;USD;6.8;;;"Precio base USD convertido; respaldo provisional, revisar con proveedor";2026-08-19;provisional;por_verificar;no;base;"Respaldo convertido desde el precio base USD; no es precio local confirmado."
MT-PARARRAYOS-PDA;Pararrayos con dispositivo de cebado (PDA), con su cabeza captadora, mástil de acero galvanizado y piezas de fijación y conexión. El precio no incluye el mástil de gran altura ni la estructura de soporte sobre cubierta.;materiales;ud;CO;COP;1188887;;;"Precio base USD convertido; respaldo provisional, revisar con proveedor";2026-08-19;provisional;por_verificar;no;base;"Respaldo convertido desde el precio base USD; no es precio local confirmado."
MT-PARARRAYOS-PDA;Pararrayos con dispositivo de cebado (PDA), con su cabeza captadora, mástil de acero galvanizado y piezas de fijación y conexión. El precio no incluye el mástil de gran altura ni la estructura de soporte sobre cubierta.;materiales;ud;PE;PEN;1280.6;;;"Precio base USD convertido; respaldo provisional, revisar con proveedor";2026-08-19;provisional;por_verificar;no;base;"Respaldo convertido desde el precio base USD; no es precio local confirmado."
MT-PARARRAYOS-PDA;Pararrayos con dispositivo de cebado (PDA), con su cabeza captadora, mástil de acero galvanizado y piezas de fijación y conexión. El precio no incluye el mástil de gran altura ni la estructura de soporte sobre cubierta.;materiales;ud;MX;MXN;6482.8;;;"Precio base USD convertido; respaldo provisional, revisar con proveedor";2026-08-19;provisional;por_verificar;no;base;"Respaldo convertido desde el precio base USD; no es precio local confirmado."
MT-PARARRAYOS-PDA;Pararrayos con dispositivo de cebado (PDA), con su cabeza captadora, mástil de acero galvanizado y piezas de fijación y conexión. El precio no incluye el mástil de gran altura ni la estructura de soporte sobre cubierta.;materiales;ud;EC;USD;380;;;"Precio base USD convertido; respaldo provisional, revisar con proveedor";2026-08-19;provisional;por_verificar;no;base;"Respaldo convertido desde el precio base USD; no es precio local confirmado."
MT-PARARRAYOS-PUNTA;Pararrayos tipo Franklin de punta simple, con su soporte corto y piezas de conexión a la bajante.;materiales;ud;CO;COP;203362.25;;;"Precio base USD convertido; respaldo provisional, revisar con proveedor";2026-08-19;provisional;por_verificar;no;base;"Respaldo convertido desde el precio base USD; no es precio local confirmado."
MT-PARARRAYOS-PUNTA;Pararrayos tipo Franklin de punta simple, con su soporte corto y piezas de conexión a la bajante.;materiales;ud;PE;PEN;219.05;;;"Precio base USD convertido; respaldo provisional, revisar con proveedor";2026-08-19;provisional;por_verificar;no;base;"Respaldo convertido desde el precio base USD; no es precio local confirmado."
MT-PARARRAYOS-PUNTA;Pararrayos tipo Franklin de punta simple, con su soporte corto y piezas de conexión a la bajante.;materiales;ud;MX;MXN;1108.9;;;"Precio base USD convertido; respaldo provisional, revisar con proveedor";2026-08-19;provisional;por_verificar;no;base;"Respaldo convertido desde el precio base USD; no es precio local confirmado."
MT-PARARRAYOS-PUNTA;Pararrayos tipo Franklin de punta simple, con su soporte corto y piezas de conexión a la bajante.;materiales;ud;EC;USD;65;;;"Precio base USD convertido; respaldo provisional, revisar con proveedor";2026-08-19;provisional;por_verificar;no;base;"Respaldo convertido desde el precio base USD; no es precio local confirmado."
MT-CABLE-COBRE-DESN;Cable de cobre desnudo de 35 mm2 para captación y bajante de protección contra rayos, con sus grapas de fijación.;materiales;m;CO;COP;14078.925;;;"Precio base USD convertido; respaldo provisional, revisar con proveedor";2026-08-19;provisional;por_verificar;no;base;"Respaldo convertido desde el precio base USD; no es precio local confirmado."
MT-CABLE-COBRE-DESN;Cable de cobre desnudo de 35 mm2 para captación y bajante de protección contra rayos, con sus grapas de fijación.;materiales;m;PE;PEN;15.165;;;"Precio base USD convertido; respaldo provisional, revisar con proveedor";2026-08-19;provisional;por_verificar;no;base;"Respaldo convertido desde el precio base USD; no es precio local confirmado."
MT-CABLE-COBRE-DESN;Cable de cobre desnudo de 35 mm2 para captación y bajante de protección contra rayos, con sus grapas de fijación.;materiales;m;MX;MXN;76.77;;;"Precio base USD convertido; respaldo provisional, revisar con proveedor";2026-08-19;provisional;por_verificar;no;base;"Respaldo convertido desde el precio base USD; no es precio local confirmado."
MT-CABLE-COBRE-DESN;Cable de cobre desnudo de 35 mm2 para captación y bajante de protección contra rayos, con sus grapas de fijación.;materiales;m;EC;USD;4.5;;;"Precio base USD convertido; respaldo provisional, revisar con proveedor";2026-08-19;provisional;por_verificar;no;base;"Respaldo convertido desde el precio base USD; no es precio local confirmado."
MT-CONT-DESCARGAS;Contador de descargas con su mando de comprobación, intercalado en la bajante del sistema de protección.;materiales;ud;CO;COP;140789.25;;;"Precio base USD convertido; respaldo provisional, revisar con proveedor";2026-08-19;provisional;por_verificar;no;base;"Respaldo convertido desde el precio base USD; no es precio local confirmado."
MT-CONT-DESCARGAS;Contador de descargas con su mando de comprobación, intercalado en la bajante del sistema de protección.;materiales;ud;PE;PEN;151.65;;;"Precio base USD convertido; respaldo provisional, revisar con proveedor";2026-08-19;provisional;por_verificar;no;base;"Respaldo convertido desde el precio base USD; no es precio local confirmado."
MT-CONT-DESCARGAS;Contador de descargas con su mando de comprobación, intercalado en la bajante del sistema de protección.;materiales;ud;MX;MXN;767.7;;;"Precio base USD convertido; respaldo provisional, revisar con proveedor";2026-08-19;provisional;por_verificar;no;base;"Respaldo convertido desde el precio base USD; no es precio local confirmado."
MT-CONT-DESCARGAS;Contador de descargas con su mando de comprobación, intercalado en la bajante del sistema de protección.;materiales;ud;EC;USD;45;;;"Precio base USD convertido; respaldo provisional, revisar con proveedor";2026-08-19;provisional;por_verificar;no;base;"Respaldo convertido desde el precio base USD; no es precio local confirmado."
MT-DPS-1;Protector contra sobretensiones transitorias tipo 1 (clase I), para montaje en el tablero principal o la acometida.;materiales;ud;CO;COP;265935.25;;;"Precio base USD convertido; respaldo provisional, revisar con proveedor";2026-08-19;provisional;por_verificar;no;base;"Respaldo convertido desde el precio base USD; no es precio local confirmado."
MT-DPS-1;Protector contra sobretensiones transitorias tipo 1 (clase I), para montaje en el tablero principal o la acometida.;materiales;ud;PE;PEN;286.45;;;"Precio base USD convertido; respaldo provisional, revisar con proveedor";2026-08-19;provisional;por_verificar;no;base;"Respaldo convertido desde el precio base USD; no es precio local confirmado."
MT-DPS-1;Protector contra sobretensiones transitorias tipo 1 (clase I), para montaje en el tablero principal o la acometida.;materiales;ud;MX;MXN;1450.1;;;"Precio base USD convertido; respaldo provisional, revisar con proveedor";2026-08-19;provisional;por_verificar;no;base;"Respaldo convertido desde el precio base USD; no es precio local confirmado."
MT-DPS-1;Protector contra sobretensiones transitorias tipo 1 (clase I), para montaje en el tablero principal o la acometida.;materiales;ud;EC;USD;85;;;"Precio base USD convertido; respaldo provisional, revisar con proveedor";2026-08-19;provisional;por_verificar;no;base;"Respaldo convertido desde el precio base USD; no es precio local confirmado."
MT-DPS-2;Protector contra sobretensiones transitorias tipo 2 (clase II), para montaje en tablero secundario de distribución.;materiales;ud;CO;COP;140789.25;;;"Precio base USD convertido; respaldo provisional, revisar con proveedor";2026-08-19;provisional;por_verificar;no;base;"Respaldo convertido desde el precio base USD; no es precio local confirmado."
MT-DPS-2;Protector contra sobretensiones transitorias tipo 2 (clase II), para montaje en tablero secundario de distribución.;materiales;ud;PE;PEN;151.65;;;"Precio base USD convertido; respaldo provisional, revisar con proveedor";2026-08-19;provisional;por_verificar;no;base;"Respaldo convertido desde el precio base USD; no es precio local confirmado."
MT-DPS-2;Protector contra sobretensiones transitorias tipo 2 (clase II), para montaje en tablero secundario de distribución.;materiales;ud;MX;MXN;767.7;;;"Precio base USD convertido; respaldo provisional, revisar con proveedor";2026-08-19;provisional;por_verificar;no;base;"Respaldo convertido desde el precio base USD; no es precio local confirmado."
MT-DPS-2;Protector contra sobretensiones transitorias tipo 2 (clase II), para montaje en tablero secundario de distribución.;materiales;ud;EC;USD;45;;;"Precio base USD convertido; respaldo provisional, revisar con proveedor";2026-08-19;provisional;por_verificar;no;base;"Respaldo convertido desde el precio base USD; no es precio local confirmado."
MT-DPS-3;Protector contra sobretensiones tipo 3 (clase III), supresor para equipos electrónicos sensibles.;materiales;ud;CO;COP;78216.25;;;"Precio base USD convertido; respaldo provisional, revisar con proveedor";2026-08-19;provisional;por_verificar;no;base;"Respaldo convertido desde el precio base USD; no es precio local confirmado."
MT-DPS-3;Protector contra sobretensiones tipo 3 (clase III), supresor para equipos electrónicos sensibles.;materiales;ud;PE;PEN;84.25;;;"Precio base USD convertido; respaldo provisional, revisar con proveedor";2026-08-19;provisional;por_verificar;no;base;"Respaldo convertido desde el precio base USD; no es precio local confirmado."
MT-DPS-3;Protector contra sobretensiones tipo 3 (clase III), supresor para equipos electrónicos sensibles.;materiales;ud;MX;MXN;426.5;;;"Precio base USD convertido; respaldo provisional, revisar con proveedor";2026-08-19;provisional;por_verificar;no;base;"Respaldo convertido desde el precio base USD; no es precio local confirmado."
MT-DPS-3;Protector contra sobretensiones tipo 3 (clase III), supresor para equipos electrónicos sensibles.;materiales;ud;EC;USD;25;;;"Precio base USD convertido; respaldo provisional, revisar con proveedor";2026-08-19;provisional;por_verificar;no;base;"Respaldo convertido desde el precio base USD; no es precio local confirmado."
MT-DPS-DATOS;Protector contra sobretensiones para línea de datos y telecomunicaciones, con su conexión a tierra.;materiales;ud;CO;COP;93859.5;;;"Precio base USD convertido; respaldo provisional, revisar con proveedor";2026-08-19;provisional;por_verificar;no;base;"Respaldo convertido desde el precio base USD; no es precio local confirmado."
MT-DPS-DATOS;Protector contra sobretensiones para línea de datos y telecomunicaciones, con su conexión a tierra.;materiales;ud;PE;PEN;101.1;;;"Precio base USD convertido; respaldo provisional, revisar con proveedor";2026-08-19;provisional;por_verificar;no;base;"Respaldo convertido desde el precio base USD; no es precio local confirmado."
MT-DPS-DATOS;Protector contra sobretensiones para línea de datos y telecomunicaciones, con su conexión a tierra.;materiales;ud;MX;MXN;511.8;;;"Precio base USD convertido; respaldo provisional, revisar con proveedor";2026-08-19;provisional;por_verificar;no;base;"Respaldo convertido desde el precio base USD; no es precio local confirmado."
MT-DPS-DATOS;Protector contra sobretensiones para línea de datos y telecomunicaciones, con su conexión a tierra.;materiales;ud;EC;USD;30;;;"Precio base USD convertido; respaldo provisional, revisar con proveedor";2026-08-19;provisional;por_verificar;no;base;"Respaldo convertido desde el precio base USD; no es precio local confirmado."
MT-DOM-CENTRAL;Central domótica o controlador principal, con su fuente de alimentación y el software de configuración. El precio no incluye los módulos de actuación ni los sensores periféricos.;materiales;ud;CO;COP;563157;;;"Precio base USD convertido; respaldo provisional, revisar con proveedor";2026-08-19;provisional;por_verificar;no;base;"Respaldo convertido desde el precio base USD; no es precio local confirmado."
MT-DOM-CENTRAL;Central domótica o controlador principal, con su fuente de alimentación y el software de configuración. El precio no incluye los módulos de actuación ni los sensores periféricos.;materiales;ud;PE;PEN;606.6;;;"Precio base USD convertido; respaldo provisional, revisar con proveedor";2026-08-19;provisional;por_verificar;no;base;"Respaldo convertido desde el precio base USD; no es precio local confirmado."
MT-DOM-CENTRAL;Central domótica o controlador principal, con su fuente de alimentación y el software de configuración. El precio no incluye los módulos de actuación ni los sensores periféricos.;materiales;ud;MX;MXN;3070.8;;;"Precio base USD convertido; respaldo provisional, revisar con proveedor";2026-08-19;provisional;por_verificar;no;base;"Respaldo convertido desde el precio base USD; no es precio local confirmado."
MT-DOM-CENTRAL;Central domótica o controlador principal, con su fuente de alimentación y el software de configuración. El precio no incluye los módulos de actuación ni los sensores periféricos.;materiales;ud;EC;USD;180;;;"Precio base USD convertido; respaldo provisional, revisar con proveedor";2026-08-19;provisional;por_verificar;no;base;"Respaldo convertido desde el precio base USD; no es precio local confirmado."
MT-DOM-PASARELA;Pasarela de comunicación que integra protocolos de distintos fabricantes (Zigbee, Z-Wave, WiFi, bus cableado) con la central domótica.;materiales;ud;CO;COP;281578.5;;;"Precio base USD convertido; respaldo provisional, revisar con proveedor";2026-08-19;provisional;por_verificar;no;base;"Respaldo convertido desde el precio base USD; no es precio local confirmado."
MT-DOM-PASARELA;Pasarela de comunicación que integra protocolos de distintos fabricantes (Zigbee, Z-Wave, WiFi, bus cableado) con la central domótica.;materiales;ud;PE;PEN;303.3;;;"Precio base USD convertido; respaldo provisional, revisar con proveedor";2026-08-19;provisional;por_verificar;no;base;"Respaldo convertido desde el precio base USD; no es precio local confirmado."
MT-DOM-PASARELA;Pasarela de comunicación que integra protocolos de distintos fabricantes (Zigbee, Z-Wave, WiFi, bus cableado) con la central domótica.;materiales;ud;MX;MXN;1535.4;;;"Precio base USD convertido; respaldo provisional, revisar con proveedor";2026-08-19;provisional;por_verificar;no;base;"Respaldo convertido desde el precio base USD; no es precio local confirmado."
MT-DOM-PASARELA;Pasarela de comunicación que integra protocolos de distintos fabricantes (Zigbee, Z-Wave, WiFi, bus cableado) con la central domótica.;materiales;ud;EC;USD;90;;;"Precio base USD convertido; respaldo provisional, revisar con proveedor";2026-08-19;provisional;por_verificar;no;base;"Respaldo convertido desde el precio base USD; no es precio local confirmado."
MT-DOM-REPETIDOR;Repetidor o extensor de señal inalámbrica para ampliar la cobertura de la red domótica.;materiales;ud;CO;COP;140789.25;;;"Precio base USD convertido; respaldo provisional, revisar con proveedor";2026-08-19;provisional;por_verificar;no;base;"Respaldo convertido desde el precio base USD; no es precio local confirmado."
MT-DOM-REPETIDOR;Repetidor o extensor de señal inalámbrica para ampliar la cobertura de la red domótica.;materiales;ud;PE;PEN;151.65;;;"Precio base USD convertido; respaldo provisional, revisar con proveedor";2026-08-19;provisional;por_verificar;no;base;"Respaldo convertido desde el precio base USD; no es precio local confirmado."
MT-DOM-REPETIDOR;Repetidor o extensor de señal inalámbrica para ampliar la cobertura de la red domótica.;materiales;ud;MX;MXN;767.7;;;"Precio base USD convertido; respaldo provisional, revisar con proveedor";2026-08-19;provisional;por_verificar;no;base;"Respaldo convertido desde el precio base USD; no es precio local confirmado."
MT-DOM-REPETIDOR;Repetidor o extensor de señal inalámbrica para ampliar la cobertura de la red domótica.;materiales;ud;EC;USD;45;;;"Precio base USD convertido; respaldo provisional, revisar con proveedor";2026-08-19;provisional;por_verificar;no;base;"Respaldo convertido desde el precio base USD; no es precio local confirmado."
MT-DOM-SENSOR-MOV;Sensor de movimiento o presencia para iluminación y alarmas, con su soporte de montaje.;materiales;ud;CO;COP;78216.25;;;"Precio base USD convertido; respaldo provisional, revisar con proveedor";2026-08-19;provisional;por_verificar;no;base;"Respaldo convertido desde el precio base USD; no es precio local confirmado."
MT-DOM-SENSOR-MOV;Sensor de movimiento o presencia para iluminación y alarmas, con su soporte de montaje.;materiales;ud;PE;PEN;84.25;;;"Precio base USD convertido; respaldo provisional, revisar con proveedor";2026-08-19;provisional;por_verificar;no;base;"Respaldo convertido desde el precio base USD; no es precio local confirmado."
MT-DOM-SENSOR-MOV;Sensor de movimiento o presencia para iluminación y alarmas, con su soporte de montaje.;materiales;ud;MX;MXN;426.5;;;"Precio base USD convertido; respaldo provisional, revisar con proveedor";2026-08-19;provisional;por_verificar;no;base;"Respaldo convertido desde el precio base USD; no es precio local confirmado."
MT-DOM-SENSOR-MOV;Sensor de movimiento o presencia para iluminación y alarmas, con su soporte de montaje.;materiales;ud;EC;USD;25;;;"Precio base USD convertido; respaldo provisional, revisar con proveedor";2026-08-19;provisional;por_verificar;no;base;"Respaldo convertido desde el precio base USD; no es precio local confirmado."
MT-DOM-SENSOR-PUERTA;Sensor magnético de apertura para puertas y ventanas, con su emisor y su soporte de montaje.;materiales;ud;CO;COP;56315.7;;;"Precio base USD convertido; respaldo provisional, revisar con proveedor";2026-08-19;provisional;por_verificar;no;base;"Respaldo convertido desde el precio base USD; no es precio local confirmado."
MT-DOM-SENSOR-PUERTA;Sensor magnético de apertura para puertas y ventanas, con su emisor y su soporte de montaje.;materiales;ud;PE;PEN;60.66;;;"Precio base USD convertido; respaldo provisional, revisar con proveedor";2026-08-19;provisional;por_verificar;no;base;"Respaldo convertido desde el precio base USD; no es precio local confirmado."
MT-DOM-SENSOR-PUERTA;Sensor magnético de apertura para puertas y ventanas, con su emisor y su soporte de montaje.;materiales;ud;MX;MXN;307.08;;;"Precio base USD convertido; respaldo provisional, revisar con proveedor";2026-08-19;provisional;por_verificar;no;base;"Respaldo convertido desde el precio base USD; no es precio local confirmado."
MT-DOM-SENSOR-PUERTA;Sensor magnético de apertura para puertas y ventanas, con su emisor y su soporte de montaje.;materiales;ud;EC;USD;18;;;"Precio base USD convertido; respaldo provisional, revisar con proveedor";2026-08-19;provisional;por_verificar;no;base;"Respaldo convertido desde el precio base USD; no es precio local confirmado."
MT-DOM-SENSOR-TEMP;Sensor de temperatura y humedad ambiente con comunicación a la central domótica.;materiales;ud;CO;COP;68830.3;;;"Precio base USD convertido; respaldo provisional, revisar con proveedor";2026-08-19;provisional;por_verificar;no;base;"Respaldo convertido desde el precio base USD; no es precio local confirmado."
MT-DOM-SENSOR-TEMP;Sensor de temperatura y humedad ambiente con comunicación a la central domótica.;materiales;ud;PE;PEN;74.14;;;"Precio base USD convertido; respaldo provisional, revisar con proveedor";2026-08-19;provisional;por_verificar;no;base;"Respaldo convertido desde el precio base USD; no es precio local confirmado."
MT-DOM-SENSOR-TEMP;Sensor de temperatura y humedad ambiente con comunicación a la central domótica.;materiales;ud;MX;MXN;375.32;;;"Precio base USD convertido; respaldo provisional, revisar con proveedor";2026-08-19;provisional;por_verificar;no;base;"Respaldo convertido desde el precio base USD; no es precio local confirmado."
MT-DOM-SENSOR-TEMP;Sensor de temperatura y humedad ambiente con comunicación a la central domótica.;materiales;ud;EC;USD;22;;;"Precio base USD convertido; respaldo provisional, revisar con proveedor";2026-08-19;provisional;por_verificar;no;base;"Respaldo convertido desde el precio base USD; no es precio local confirmado."
MT-DOM-SENSOR-INUND;Detector de inundación o fuga de agua por contacto, con aviso a la central domótica.;materiales;ud;CO;COP;62573;;;"Precio base USD convertido; respaldo provisional, revisar con proveedor";2026-08-19;provisional;por_verificar;no;base;"Respaldo convertido desde el precio base USD; no es precio local confirmado."
MT-DOM-SENSOR-INUND;Detector de inundación o fuga de agua por contacto, con aviso a la central domótica.;materiales;ud;PE;PEN;67.4;;;"Precio base USD convertido; respaldo provisional, revisar con proveedor";2026-08-19;provisional;por_verificar;no;base;"Respaldo convertido desde el precio base USD; no es precio local confirmado."
MT-DOM-SENSOR-INUND;Detector de inundación o fuga de agua por contacto, con aviso a la central domótica.;materiales;ud;MX;MXN;341.2;;;"Precio base USD convertido; respaldo provisional, revisar con proveedor";2026-08-19;provisional;por_verificar;no;base;"Respaldo convertido desde el precio base USD; no es precio local confirmado."
MT-DOM-SENSOR-INUND;Detector de inundación o fuga de agua por contacto, con aviso a la central domótica.;materiales;ud;EC;USD;20;;;"Precio base USD convertido; respaldo provisional, revisar con proveedor";2026-08-19;provisional;por_verificar;no;base;"Respaldo convertido desde el precio base USD; no es precio local confirmado."
MT-DOM-SENSOR-GAS;Detector de gas doméstico con alarma local y comunicación a la central domótica.;materiales;ud;CO;COP;93859.5;;;"Precio base USD convertido; respaldo provisional, revisar con proveedor";2026-08-19;provisional;por_verificar;no;base;"Respaldo convertido desde el precio base USD; no es precio local confirmado."
MT-DOM-SENSOR-GAS;Detector de gas doméstico con alarma local y comunicación a la central domótica.;materiales;ud;PE;PEN;101.1;;;"Precio base USD convertido; respaldo provisional, revisar con proveedor";2026-08-19;provisional;por_verificar;no;base;"Respaldo convertido desde el precio base USD; no es precio local confirmado."
MT-DOM-SENSOR-GAS;Detector de gas doméstico con alarma local y comunicación a la central domótica.;materiales;ud;MX;MXN;511.8;;;"Precio base USD convertido; respaldo provisional, revisar con proveedor";2026-08-19;provisional;por_verificar;no;base;"Respaldo convertido desde el precio base USD; no es precio local confirmado."
MT-DOM-SENSOR-GAS;Detector de gas doméstico con alarma local y comunicación a la central domótica.;materiales;ud;EC;USD;30;;;"Precio base USD convertido; respaldo provisional, revisar con proveedor";2026-08-19;provisional;por_verificar;no;base;"Respaldo convertido desde el precio base USD; no es precio local confirmado."
MT-DOM-SENSOR-LUZ;Sensor de nivel de luz para automatización de iluminación y persianas.;materiales;ud;CO;COP;68830.3;;;"Precio base USD convertido; respaldo provisional, revisar con proveedor";2026-08-19;provisional;por_verificar;no;base;"Respaldo convertido desde el precio base USD; no es precio local confirmado."
MT-DOM-SENSOR-LUZ;Sensor de nivel de luz para automatización de iluminación y persianas.;materiales;ud;PE;PEN;74.14;;;"Precio base USD convertido; respaldo provisional, revisar con proveedor";2026-08-19;provisional;por_verificar;no;base;"Respaldo convertido desde el precio base USD; no es precio local confirmado."
MT-DOM-SENSOR-LUZ;Sensor de nivel de luz para automatización de iluminación y persianas.;materiales;ud;MX;MXN;375.32;;;"Precio base USD convertido; respaldo provisional, revisar con proveedor";2026-08-19;provisional;por_verificar;no;base;"Respaldo convertido desde el precio base USD; no es precio local confirmado."
MT-DOM-SENSOR-LUZ;Sensor de nivel de luz para automatización de iluminación y persianas.;materiales;ud;EC;USD;22;;;"Precio base USD convertido; respaldo provisional, revisar con proveedor";2026-08-19;provisional;por_verificar;no;base;"Respaldo convertido desde el precio base USD; no es precio local confirmado."
MT-DOM-ACTUADOR;Módulo de actuación on/off (relé) para control de circuitos de iluminación y cargas, montaje en carril o empotrado.;materiales;ud;CO;COP;125146;;;"Precio base USD convertido; respaldo provisional, revisar con proveedor";2026-08-19;provisional;por_verificar;no;base;"Respaldo convertido desde el precio base USD; no es precio local confirmado."
MT-DOM-ACTUADOR;Módulo de actuación on/off (relé) para control de circuitos de iluminación y cargas, montaje en carril o empotrado.;materiales;ud;PE;PEN;134.8;;;"Precio base USD convertido; respaldo provisional, revisar con proveedor";2026-08-19;provisional;por_verificar;no;base;"Respaldo convertido desde el precio base USD; no es precio local confirmado."
MT-DOM-ACTUADOR;Módulo de actuación on/off (relé) para control de circuitos de iluminación y cargas, montaje en carril o empotrado.;materiales;ud;MX;MXN;682.4;;;"Precio base USD convertido; respaldo provisional, revisar con proveedor";2026-08-19;provisional;por_verificar;no;base;"Respaldo convertido desde el precio base USD; no es precio local confirmado."
MT-DOM-ACTUADOR;Módulo de actuación on/off (relé) para control de circuitos de iluminación y cargas, montaje en carril o empotrado.;materiales;ud;EC;USD;40;;;"Precio base USD convertido; respaldo provisional, revisar con proveedor";2026-08-19;provisional;por_verificar;no;base;"Respaldo convertido desde el precio base USD; no es precio local confirmado."
MT-DOM-DIMMER;Módulo regulador (dimmer) para atenuación de iluminación, compatible con la central domótica.;materiales;ud;CO;COP;140789.25;;;"Precio base USD convertido; respaldo provisional, revisar con proveedor";2026-08-19;provisional;por_verificar;no;base;"Respaldo convertido desde el precio base USD; no es precio local confirmado."
MT-DOM-DIMMER;Módulo regulador (dimmer) para atenuación de iluminación, compatible con la central domótica.;materiales;ud;PE;PEN;151.65;;;"Precio base USD convertido; respaldo provisional, revisar con proveedor";2026-08-19;provisional;por_verificar;no;base;"Respaldo convertido desde el precio base USD; no es precio local confirmado."
MT-DOM-DIMMER;Módulo regulador (dimmer) para atenuación de iluminación, compatible con la central domótica.;materiales;ud;MX;MXN;767.7;;;"Precio base USD convertido; respaldo provisional, revisar con proveedor";2026-08-19;provisional;por_verificar;no;base;"Respaldo convertido desde el precio base USD; no es precio local confirmado."
MT-DOM-DIMMER;Módulo regulador (dimmer) para atenuación de iluminación, compatible con la central domótica.;materiales;ud;EC;USD;45;;;"Precio base USD convertido; respaldo provisional, revisar con proveedor";2026-08-19;provisional;por_verificar;no;base;"Respaldo convertido desde el precio base USD; no es precio local confirmado."
MT-DOM-PERSIANA;Módulo de control de persiana, cortina o toldo motorizado, con detección de final de carrera.;materiales;ud;CO;COP;150175.2;;;"Precio base USD convertido; respaldo provisional, revisar con proveedor";2026-08-19;provisional;por_verificar;no;base;"Respaldo convertido desde el precio base USD; no es precio local confirmado."
MT-DOM-PERSIANA;Módulo de control de persiana, cortina o toldo motorizado, con detección de final de carrera.;materiales;ud;PE;PEN;161.76;;;"Precio base USD convertido; respaldo provisional, revisar con proveedor";2026-08-19;provisional;por_verificar;no;base;"Respaldo convertido desde el precio base USD; no es precio local confirmado."
MT-DOM-PERSIANA;Módulo de control de persiana, cortina o toldo motorizado, con detección de final de carrera.;materiales;ud;MX;MXN;818.88;;;"Precio base USD convertido; respaldo provisional, revisar con proveedor";2026-08-19;provisional;por_verificar;no;base;"Respaldo convertido desde el precio base USD; no es precio local confirmado."
MT-DOM-PERSIANA;Módulo de control de persiana, cortina o toldo motorizado, con detección de final de carrera.;materiales;ud;EC;USD;48;;;"Precio base USD convertido; respaldo provisional, revisar con proveedor";2026-08-19;provisional;por_verificar;no;base;"Respaldo convertido desde el precio base USD; no es precio local confirmado."
MT-DOM-ENCHUFE;Módulo de enchufe inteligente para medición y control on/off de cargas enchufables.;materiales;ud;CO;COP;87602.2;;;"Precio base USD convertido; respaldo provisional, revisar con proveedor";2026-08-19;provisional;por_verificar;no;base;"Respaldo convertido desde el precio base USD; no es precio local confirmado."
MT-DOM-ENCHUFE;Módulo de enchufe inteligente para medición y control on/off de cargas enchufables.;materiales;ud;PE;PEN;94.36;;;"Precio base USD convertido; respaldo provisional, revisar con proveedor";2026-08-19;provisional;por_verificar;no;base;"Respaldo convertido desde el precio base USD; no es precio local confirmado."
MT-DOM-ENCHUFE;Módulo de enchufe inteligente para medición y control on/off de cargas enchufables.;materiales;ud;MX;MXN;477.68;;;"Precio base USD convertido; respaldo provisional, revisar con proveedor";2026-08-19;provisional;por_verificar;no;base;"Respaldo convertido desde el precio base USD; no es precio local confirmado."
MT-DOM-ENCHUFE;Módulo de enchufe inteligente para medición y control on/off de cargas enchufables.;materiales;ud;EC;USD;28;;;"Precio base USD convertido; respaldo provisional, revisar con proveedor";2026-08-19;provisional;por_verificar;no;base;"Respaldo convertido desde el precio base USD; no es precio local confirmado."
MT-DOM-TERMOSTATO;Termostato inteligente para control de climatización, con programación horaria y comunicación a la central domótica.;materiales;ud;CO;COP;172075.75;;;"Precio base USD convertido; respaldo provisional, revisar con proveedor";2026-08-19;provisional;por_verificar;no;base;"Respaldo convertido desde el precio base USD; no es precio local confirmado."
MT-DOM-TERMOSTATO;Termostato inteligente para control de climatización, con programación horaria y comunicación a la central domótica.;materiales;ud;PE;PEN;185.35;;;"Precio base USD convertido; respaldo provisional, revisar con proveedor";2026-08-19;provisional;por_verificar;no;base;"Respaldo convertido desde el precio base USD; no es precio local confirmado."
MT-DOM-TERMOSTATO;Termostato inteligente para control de climatización, con programación horaria y comunicación a la central domótica.;materiales;ud;MX;MXN;938.3;;;"Precio base USD convertido; respaldo provisional, revisar con proveedor";2026-08-19;provisional;por_verificar;no;base;"Respaldo convertido desde el precio base USD; no es precio local confirmado."
MT-DOM-TERMOSTATO;Termostato inteligente para control de climatización, con programación horaria y comunicación a la central domótica.;materiales;ud;EC;USD;55;;;"Precio base USD convertido; respaldo provisional, revisar con proveedor";2026-08-19;provisional;por_verificar;no;base;"Respaldo convertido desde el precio base USD; no es precio local confirmado."
MT-DOM-PANEL;Panel táctil de pared para control y visualización del sistema domótico, con su caja de empotrar.;materiales;ud;CO;COP;281578.5;;;"Precio base USD convertido; respaldo provisional, revisar con proveedor";2026-08-19;provisional;por_verificar;no;base;"Respaldo convertido desde el precio base USD; no es precio local confirmado."
MT-DOM-PANEL;Panel táctil de pared para control y visualización del sistema domótico, con su caja de empotrar.;materiales;ud;PE;PEN;303.3;;;"Precio base USD convertido; respaldo provisional, revisar con proveedor";2026-08-19;provisional;por_verificar;no;base;"Respaldo convertido desde el precio base USD; no es precio local confirmado."
MT-DOM-PANEL;Panel táctil de pared para control y visualización del sistema domótico, con su caja de empotrar.;materiales;ud;MX;MXN;1535.4;;;"Precio base USD convertido; respaldo provisional, revisar con proveedor";2026-08-19;provisional;por_verificar;no;base;"Respaldo convertido desde el precio base USD; no es precio local confirmado."
MT-DOM-PANEL;Panel táctil de pared para control y visualización del sistema domótico, con su caja de empotrar.;materiales;ud;EC;USD;90;;;"Precio base USD convertido; respaldo provisional, revisar con proveedor";2026-08-19;provisional;por_verificar;no;base;"Respaldo convertido desde el precio base USD; no es precio local confirmado."
MT-DOM-TECLADO;Teclado o pulsador de escenas para activación directa de ambientes preconfigurados.;materiales;ud;CO;COP;109502.75;;;"Precio base USD convertido; respaldo provisional, revisar con proveedor";2026-08-19;provisional;por_verificar;no;base;"Respaldo convertido desde el precio base USD; no es precio local confirmado."
MT-DOM-TECLADO;Teclado o pulsador de escenas para activación directa de ambientes preconfigurados.;materiales;ud;PE;PEN;117.95;;;"Precio base USD convertido; respaldo provisional, revisar con proveedor";2026-08-19;provisional;por_verificar;no;base;"Respaldo convertido desde el precio base USD; no es precio local confirmado."
MT-DOM-TECLADO;Teclado o pulsador de escenas para activación directa de ambientes preconfigurados.;materiales;ud;MX;MXN;597.1;;;"Precio base USD convertido; respaldo provisional, revisar con proveedor";2026-08-19;provisional;por_verificar;no;base;"Respaldo convertido desde el precio base USD; no es precio local confirmado."
MT-DOM-TECLADO;Teclado o pulsador de escenas para activación directa de ambientes preconfigurados.;materiales;ud;EC;USD;35;;;"Precio base USD convertido; respaldo provisional, revisar con proveedor";2026-08-19;provisional;por_verificar;no;base;"Respaldo convertido desde el precio base USD; no es precio local confirmado."
MT-PYL-PLACA-HD;Placa de yeso laminado de alta dureza, de 12,5 mm, para paramentos interiores sometidos a impacto y zonas de tránsito.;materiales;m2;CO;COP;30660.77;;;"Precio base USD convertido; respaldo provisional, revisar con proveedor";2026-08-19;provisional;por_verificar;no;base;"Respaldo convertido desde el precio base USD; no es precio local confirmado."
MT-PYL-PLACA-HD;Placa de yeso laminado de alta dureza, de 12,5 mm, para paramentos interiores sometidos a impacto y zonas de tránsito.;materiales;m2;PE;PEN;33.026;;;"Precio base USD convertido; respaldo provisional, revisar con proveedor";2026-08-19;provisional;por_verificar;no;base;"Respaldo convertido desde el precio base USD; no es precio local confirmado."
MT-PYL-PLACA-HD;Placa de yeso laminado de alta dureza, de 12,5 mm, para paramentos interiores sometidos a impacto y zonas de tránsito.;materiales;m2;MX;MXN;167.188;;;"Precio base USD convertido; respaldo provisional, revisar con proveedor";2026-08-19;provisional;por_verificar;no;base;"Respaldo convertido desde el precio base USD; no es precio local confirmado."
MT-PYL-PLACA-HD;Placa de yeso laminado de alta dureza, de 12,5 mm, para paramentos interiores sometidos a impacto y zonas de tránsito.;materiales;m2;EC;USD;9.8;;;"Precio base USD convertido; respaldo provisional, revisar con proveedor";2026-08-19;provisional;por_verificar;no;base;"Respaldo convertido desde el precio base USD; no es precio local confirmado."
MT-PYL-PLACA-IG;Placa de yeso laminado resistente al fuego (tipo F), de 15 mm, para protección de instalaciones y estructura.;materiales;m2;CO;COP;32850.825;;;"Precio base USD convertido; respaldo provisional, revisar con proveedor";2026-08-19;provisional;por_verificar;no;base;"Respaldo convertido desde el precio base USD; no es precio local confirmado."
MT-PYL-PLACA-IG;Placa de yeso laminado resistente al fuego (tipo F), de 15 mm, para protección de instalaciones y estructura.;materiales;m2;PE;PEN;35.385;;;"Precio base USD convertido; respaldo provisional, revisar con proveedor";2026-08-19;provisional;por_verificar;no;base;"Respaldo convertido desde el precio base USD; no es precio local confirmado."
MT-PYL-PLACA-IG;Placa de yeso laminado resistente al fuego (tipo F), de 15 mm, para protección de instalaciones y estructura.;materiales;m2;MX;MXN;179.13;;;"Precio base USD convertido; respaldo provisional, revisar con proveedor";2026-08-19;provisional;por_verificar;no;base;"Respaldo convertido desde el precio base USD; no es precio local confirmado."
MT-PYL-PLACA-IG;Placa de yeso laminado resistente al fuego (tipo F), de 15 mm, para protección de instalaciones y estructura.;materiales;m2;EC;USD;10.5;;;"Precio base USD convertido; respaldo provisional, revisar con proveedor";2026-08-19;provisional;por_verificar;no;base;"Respaldo convertido desde el precio base USD; no es precio local confirmado."
MT-PYL-PASTA-AGARRE;Pasta de agarre de base yeso para fijación de placa de yeso laminado directamente al paramento en trasdosado directo.;materiales;kg;CO;COP;1251.46;;;"Precio base USD convertido; respaldo provisional, revisar con proveedor";2026-08-19;provisional;por_verificar;no;base;"Respaldo convertido desde el precio base USD; no es precio local confirmado."
MT-PYL-PASTA-AGARRE;Pasta de agarre de base yeso para fijación de placa de yeso laminado directamente al paramento en trasdosado directo.;materiales;kg;PE;PEN;1.348;;;"Precio base USD convertido; respaldo provisional, revisar con proveedor";2026-08-19;provisional;por_verificar;no;base;"Respaldo convertido desde el precio base USD; no es precio local confirmado."
MT-PYL-PASTA-AGARRE;Pasta de agarre de base yeso para fijación de placa de yeso laminado directamente al paramento en trasdosado directo.;materiales;kg;MX;MXN;6.824;;;"Precio base USD convertido; respaldo provisional, revisar con proveedor";2026-08-19;provisional;por_verificar;no;base;"Respaldo convertido desde el precio base USD; no es precio local confirmado."
MT-PYL-PASTA-AGARRE;Pasta de agarre de base yeso para fijación de placa de yeso laminado directamente al paramento en trasdosado directo.;materiales;kg;EC;USD;0.4;;;"Precio base USD convertido; respaldo provisional, revisar con proveedor";2026-08-19;provisional;por_verificar;no;base;"Respaldo convertido desde el precio base USD; no es precio local confirmado."
MT-PIN-ANTIMOHO;Pintura acrílica antihongos y antimoho para interiores de cocinas, baños y locales con condensación.;materiales;l;CO;COP;17207.575;;;"Precio base USD convertido; respaldo provisional, revisar con proveedor";2026-08-19;provisional;por_verificar;no;base;"Respaldo convertido desde el precio base USD; no es precio local confirmado."
MT-PIN-ANTIMOHO;Pintura acrílica antihongos y antimoho para interiores de cocinas, baños y locales con condensación.;materiales;l;PE;PEN;18.535;;;"Precio base USD convertido; respaldo provisional, revisar con proveedor";2026-08-19;provisional;por_verificar;no;base;"Respaldo convertido desde el precio base USD; no es precio local confirmado."
MT-PIN-ANTIMOHO;Pintura acrílica antihongos y antimoho para interiores de cocinas, baños y locales con condensación.;materiales;l;MX;MXN;93.83;;;"Precio base USD convertido; respaldo provisional, revisar con proveedor";2026-08-19;provisional;por_verificar;no;base;"Respaldo convertido desde el precio base USD; no es precio local confirmado."
MT-PIN-ANTIMOHO;Pintura acrílica antihongos y antimoho para interiores de cocinas, baños y locales con condensación.;materiales;l;EC;USD;5.5;;;"Precio base USD convertido; respaldo provisional, revisar con proveedor";2026-08-19;provisional;por_verificar;no;base;"Respaldo convertido desde el precio base USD; no es precio local confirmado."
MT-PIN-TIZA;Pintura de pizarra efecto tiza, lavable, para paredes de uso escolar, infantil o de oficina.;materiales;l;CO;COP;28157.85;;;"Precio base USD convertido; respaldo provisional, revisar con proveedor";2026-08-19;provisional;por_verificar;no;base;"Respaldo convertido desde el precio base USD; no es precio local confirmado."
MT-PIN-TIZA;Pintura de pizarra efecto tiza, lavable, para paredes de uso escolar, infantil o de oficina.;materiales;l;PE;PEN;30.33;;;"Precio base USD convertido; respaldo provisional, revisar con proveedor";2026-08-19;provisional;por_verificar;no;base;"Respaldo convertido desde el precio base USD; no es precio local confirmado."
MT-PIN-TIZA;Pintura de pizarra efecto tiza, lavable, para paredes de uso escolar, infantil o de oficina.;materiales;l;MX;MXN;153.54;;;"Precio base USD convertido; respaldo provisional, revisar con proveedor";2026-08-19;provisional;por_verificar;no;base;"Respaldo convertido desde el precio base USD; no es precio local confirmado."
MT-PIN-TIZA;Pintura de pizarra efecto tiza, lavable, para paredes de uso escolar, infantil o de oficina.;materiales;l;EC;USD;9;;;"Precio base USD convertido; respaldo provisional, revisar con proveedor";2026-08-19;provisional;por_verificar;no;base;"Respaldo convertido desde el precio base USD; no es precio local confirmado."
MT-PIN-MAGNETICA;Pintura magnética de base para paredes sobre las que se quiere fijar imanes.;materiales;l;CO;COP;43801.1;;;"Precio base USD convertido; respaldo provisional, revisar con proveedor";2026-08-19;provisional;por_verificar;no;base;"Respaldo convertido desde el precio base USD; no es precio local confirmado."
MT-PIN-MAGNETICA;Pintura magnética de base para paredes sobre las que se quiere fijar imanes.;materiales;l;PE;PEN;47.18;;;"Precio base USD convertido; respaldo provisional, revisar con proveedor";2026-08-19;provisional;por_verificar;no;base;"Respaldo convertido desde el precio base USD; no es precio local confirmado."
MT-PIN-MAGNETICA;Pintura magnética de base para paredes sobre las que se quiere fijar imanes.;materiales;l;MX;MXN;238.84;;;"Precio base USD convertido; respaldo provisional, revisar con proveedor";2026-08-19;provisional;por_verificar;no;base;"Respaldo convertido desde el precio base USD; no es precio local confirmado."
MT-PIN-MAGNETICA;Pintura magnética de base para paredes sobre las que se quiere fijar imanes.;materiales;l;EC;USD;14;;;"Precio base USD convertido; respaldo provisional, revisar con proveedor";2026-08-19;provisional;por_verificar;no;base;"Respaldo convertido desde el precio base USD; no es precio local confirmado."
MT-PIN-CAL;Cal hidratada para pintura mineral interior de sótanos, depósitos y paramentos transpirables.;materiales;kg;CO;COP;5631.57;;;"Precio base USD convertido; respaldo provisional, revisar con proveedor";2026-08-19;provisional;por_verificar;no;base;"Respaldo convertido desde el precio base USD; no es precio local confirmado."
MT-PIN-CAL;Cal hidratada para pintura mineral interior de sótanos, depósitos y paramentos transpirables.;materiales;kg;PE;PEN;6.066;;;"Precio base USD convertido; respaldo provisional, revisar con proveedor";2026-08-19;provisional;por_verificar;no;base;"Respaldo convertido desde el precio base USD; no es precio local confirmado."
MT-PIN-CAL;Cal hidratada para pintura mineral interior de sótanos, depósitos y paramentos transpirables.;materiales;kg;MX;MXN;30.708;;;"Precio base USD convertido; respaldo provisional, revisar con proveedor";2026-08-19;provisional;por_verificar;no;base;"Respaldo convertido desde el precio base USD; no es precio local confirmado."
MT-PIN-CAL;Cal hidratada para pintura mineral interior de sótanos, depósitos y paramentos transpirables.;materiales;kg;EC;USD;1.8;;;"Precio base USD convertido; respaldo provisional, revisar con proveedor";2026-08-19;provisional;por_verificar;no;base;"Respaldo convertido desde el precio base USD; no es precio local confirmado."
MT-PIN-SEMIBRILLO;Pintura de caucho semibrillo lavable para interiores de alto tránsito y escuelas.;materiales;l;CO;COP;14391.79;;;"Precio base USD convertido; respaldo provisional, revisar con proveedor";2026-08-19;provisional;por_verificar;no;base;"Respaldo convertido desde el precio base USD; no es precio local confirmado."
MT-PIN-SEMIBRILLO;Pintura de caucho semibrillo lavable para interiores de alto tránsito y escuelas.;materiales;l;PE;PEN;15.502;;;"Precio base USD convertido; respaldo provisional, revisar con proveedor";2026-08-19;provisional;por_verificar;no;base;"Respaldo convertido desde el precio base USD; no es precio local confirmado."
MT-PIN-SEMIBRILLO;Pintura de caucho semibrillo lavable para interiores de alto tránsito y escuelas.;materiales;l;MX;MXN;78.476;;;"Precio base USD convertido; respaldo provisional, revisar con proveedor";2026-08-19;provisional;por_verificar;no;base;"Respaldo convertido desde el precio base USD; no es precio local confirmado."
MT-PIN-SEMIBRILLO;Pintura de caucho semibrillo lavable para interiores de alto tránsito y escuelas.;materiales;l;EC;USD;4.6;;;"Precio base USD convertido; respaldo provisional, revisar con proveedor";2026-08-19;provisional;por_verificar;no;base;"Respaldo convertido desde el precio base USD; no es precio local confirmado."
MT-LACA-MADERA;Laca nitrocelulósica o al agua para acabado de carpintería interior de madera.;materiales;l;CO;COP;25029.2;;;"Precio base USD convertido; respaldo provisional, revisar con proveedor";2026-08-19;provisional;por_verificar;no;base;"Respaldo convertido desde el precio base USD; no es precio local confirmado."
MT-LACA-MADERA;Laca nitrocelulósica o al agua para acabado de carpintería interior de madera.;materiales;l;PE;PEN;26.96;;;"Precio base USD convertido; respaldo provisional, revisar con proveedor";2026-08-19;provisional;por_verificar;no;base;"Respaldo convertido desde el precio base USD; no es precio local confirmado."
MT-LACA-MADERA;Laca nitrocelulósica o al agua para acabado de carpintería interior de madera.;materiales;l;MX;MXN;136.48;;;"Precio base USD convertido; respaldo provisional, revisar con proveedor";2026-08-19;provisional;por_verificar;no;base;"Respaldo convertido desde el precio base USD; no es precio local confirmado."
MT-LACA-MADERA;Laca nitrocelulósica o al agua para acabado de carpintería interior de madera.;materiales;l;EC;USD;8;;;"Precio base USD convertido; respaldo provisional, revisar con proveedor";2026-08-19;provisional;por_verificar;no;base;"Respaldo convertido desde el precio base USD; no es precio local confirmado."
MT-BARNIZ-MARINO;Barniz marino o de exterior de alta resistencia para madera expuesta a la intemperie.;materiales;l;CO;COP;34415.15;;;"Precio base USD convertido; respaldo provisional, revisar con proveedor";2026-08-19;provisional;por_verificar;no;base;"Respaldo convertido desde el precio base USD; no es precio local confirmado."
MT-BARNIZ-MARINO;Barniz marino o de exterior de alta resistencia para madera expuesta a la intemperie.;materiales;l;PE;PEN;37.07;;;"Precio base USD convertido; respaldo provisional, revisar con proveedor";2026-08-19;provisional;por_verificar;no;base;"Respaldo convertido desde el precio base USD; no es precio local confirmado."
MT-BARNIZ-MARINO;Barniz marino o de exterior de alta resistencia para madera expuesta a la intemperie.;materiales;l;MX;MXN;187.66;;;"Precio base USD convertido; respaldo provisional, revisar con proveedor";2026-08-19;provisional;por_verificar;no;base;"Respaldo convertido desde el precio base USD; no es precio local confirmado."
MT-BARNIZ-MARINO;Barniz marino o de exterior de alta resistencia para madera expuesta a la intemperie.;materiales;l;EC;USD;11;;;"Precio base USD convertido; respaldo provisional, revisar con proveedor";2026-08-19;provisional;por_verificar;no;base;"Respaldo convertido desde el precio base USD; no es precio local confirmado."
MT-ESMALTE-AGUA;Esmalte al agua satinado para carpintería interior de madera y metal.;materiales;l;CO;COP;20336.225;;;"Precio base USD convertido; respaldo provisional, revisar con proveedor";2026-08-19;provisional;por_verificar;no;base;"Respaldo convertido desde el precio base USD; no es precio local confirmado."
MT-ESMALTE-AGUA;Esmalte al agua satinado para carpintería interior de madera y metal.;materiales;l;PE;PEN;21.905;;;"Precio base USD convertido; respaldo provisional, revisar con proveedor";2026-08-19;provisional;por_verificar;no;base;"Respaldo convertido desde el precio base USD; no es precio local confirmado."
MT-ESMALTE-AGUA;Esmalte al agua satinado para carpintería interior de madera y metal.;materiales;l;MX;MXN;110.89;;;"Precio base USD convertido; respaldo provisional, revisar con proveedor";2026-08-19;provisional;por_verificar;no;base;"Respaldo convertido desde el precio base USD; no es precio local confirmado."
MT-ESMALTE-AGUA;Esmalte al agua satinado para carpintería interior de madera y metal.;materiales;l;EC;USD;6.5;;;"Precio base USD convertido; respaldo provisional, revisar con proveedor";2026-08-19;provisional;por_verificar;no;base;"Respaldo convertido desde el precio base USD; no es precio local confirmado."
MT-POLIURETANO-PISO;Recubrimiento de poliuretano bicomponente para piso, con resistencia a la abrasión.;materiales;kg;CO;COP;37543.8;;;"Precio base USD convertido; respaldo provisional, revisar con proveedor";2026-08-19;provisional;por_verificar;no;base;"Respaldo convertido desde el precio base USD; no es precio local confirmado."
MT-POLIURETANO-PISO;Recubrimiento de poliuretano bicomponente para piso, con resistencia a la abrasión.;materiales;kg;PE;PEN;40.44;;;"Precio base USD convertido; respaldo provisional, revisar con proveedor";2026-08-19;provisional;por_verificar;no;base;"Respaldo convertido desde el precio base USD; no es precio local confirmado."
MT-POLIURETANO-PISO;Recubrimiento de poliuretano bicomponente para piso, con resistencia a la abrasión.;materiales;kg;MX;MXN;204.72;;;"Precio base USD convertido; respaldo provisional, revisar con proveedor";2026-08-19;provisional;por_verificar;no;base;"Respaldo convertido desde el precio base USD; no es precio local confirmado."
MT-POLIURETANO-PISO;Recubrimiento de poliuretano bicomponente para piso, con resistencia a la abrasión.;materiales;kg;EC;USD;12;;;"Precio base USD convertido; respaldo provisional, revisar con proveedor";2026-08-19;provisional;por_verificar;no;base;"Respaldo convertido desde el precio base USD; no es precio local confirmado."
MT-LASUR;Lasur o protector decorativo para madera exterior que deja ver la veta.;materiales;l;CO;COP;29722.175;;;"Precio base USD convertido; respaldo provisional, revisar con proveedor";2026-08-19;provisional;por_verificar;no;base;"Respaldo convertido desde el precio base USD; no es precio local confirmado."
MT-LASUR;Lasur o protector decorativo para madera exterior que deja ver la veta.;materiales;l;PE;PEN;32.015;;;"Precio base USD convertido; respaldo provisional, revisar con proveedor";2026-08-19;provisional;por_verificar;no;base;"Respaldo convertido desde el precio base USD; no es precio local confirmado."
MT-LASUR;Lasur o protector decorativo para madera exterior que deja ver la veta.;materiales;l;MX;MXN;162.07;;;"Precio base USD convertido; respaldo provisional, revisar con proveedor";2026-08-19;provisional;por_verificar;no;base;"Respaldo convertido desde el precio base USD; no es precio local confirmado."
MT-LASUR;Lasur o protector decorativo para madera exterior que deja ver la veta.;materiales;l;EC;USD;9.5;;;"Precio base USD convertido; respaldo provisional, revisar con proveedor";2026-08-19;provisional;por_verificar;no;base;"Respaldo convertido desde el precio base USD; no es precio local confirmado."
MT-MOSAICO;Mosaico vítreo o cerámico en malla para revestimiento de paredes y superficies curvas.;materiales;m2;CO;COP;56315.7;;;"Precio base USD convertido; respaldo provisional, revisar con proveedor";2026-08-19;provisional;por_verificar;no;base;"Respaldo convertido desde el precio base USD; no es precio local confirmado."
MT-MOSAICO;Mosaico vítreo o cerámico en malla para revestimiento de paredes y superficies curvas.;materiales;m2;PE;PEN;60.66;;;"Precio base USD convertido; respaldo provisional, revisar con proveedor";2026-08-19;provisional;por_verificar;no;base;"Respaldo convertido desde el precio base USD; no es precio local confirmado."
MT-MOSAICO;Mosaico vítreo o cerámico en malla para revestimiento de paredes y superficies curvas.;materiales;m2;MX;MXN;307.08;;;"Precio base USD convertido; respaldo provisional, revisar con proveedor";2026-08-19;provisional;por_verificar;no;base;"Respaldo convertido desde el precio base USD; no es precio local confirmado."
MT-MOSAICO;Mosaico vítreo o cerámico en malla para revestimiento de paredes y superficies curvas.;materiales;m2;EC;USD;18;;;"Precio base USD convertido; respaldo provisional, revisar con proveedor";2026-08-19;provisional;por_verificar;no;base;"Respaldo convertido desde el precio base USD; no es precio local confirmado."
MT-VIDRIO-DECOR;Vidrio decorativo lacado, grabado o de color para revestimiento de pared.;materiales;m2;CO;COP;140789.25;;;"Precio base USD convertido; respaldo provisional, revisar con proveedor";2026-08-19;provisional;por_verificar;no;base;"Respaldo convertido desde el precio base USD; no es precio local confirmado."
MT-VIDRIO-DECOR;Vidrio decorativo lacado, grabado o de color para revestimiento de pared.;materiales;m2;PE;PEN;151.65;;;"Precio base USD convertido; respaldo provisional, revisar con proveedor";2026-08-19;provisional;por_verificar;no;base;"Respaldo convertido desde el precio base USD; no es precio local confirmado."
MT-VIDRIO-DECOR;Vidrio decorativo lacado, grabado o de color para revestimiento de pared.;materiales;m2;MX;MXN;767.7;;;"Precio base USD convertido; respaldo provisional, revisar con proveedor";2026-08-19;provisional;por_verificar;no;base;"Respaldo convertido desde el precio base USD; no es precio local confirmado."
MT-VIDRIO-DECOR;Vidrio decorativo lacado, grabado o de color para revestimiento de pared.;materiales;m2;EC;USD;45;;;"Precio base USD convertido; respaldo provisional, revisar con proveedor";2026-08-19;provisional;por_verificar;no;base;"Respaldo convertido desde el precio base USD; no es precio local confirmado."
MT-FIBRA-NAT;Revestimiento de fibra natural tejida (sisal, yute, bambú) para paredes decorativas.;materiales;m2;CO;COP;68830.3;;;"Precio base USD convertido; respaldo provisional, revisar con proveedor";2026-08-19;provisional;por_verificar;no;base;"Respaldo convertido desde el precio base USD; no es precio local confirmado."
MT-FIBRA-NAT;Revestimiento de fibra natural tejida (sisal, yute, bambú) para paredes decorativas.;materiales;m2;PE;PEN;74.14;;;"Precio base USD convertido; respaldo provisional, revisar con proveedor";2026-08-19;provisional;por_verificar;no;base;"Respaldo convertido desde el precio base USD; no es precio local confirmado."
MT-FIBRA-NAT;Revestimiento de fibra natural tejida (sisal, yute, bambú) para paredes decorativas.;materiales;m2;MX;MXN;375.32;;;"Precio base USD convertido; respaldo provisional, revisar con proveedor";2026-08-19;provisional;por_verificar;no;base;"Respaldo convertido desde el precio base USD; no es precio local confirmado."
MT-FIBRA-NAT;Revestimiento de fibra natural tejida (sisal, yute, bambú) para paredes decorativas.;materiales;m2;EC;USD;22;;;"Precio base USD convertido; respaldo provisional, revisar con proveedor";2026-08-19;provisional;por_verificar;no;base;"Respaldo convertido desde el precio base USD; no es precio local confirmado."
MT-PIN-IGNFUGA;Pintura intumescente ignífuga para protección de estructura metálica y madera.;materiales;l;CO;COP;37543.8;;;"Precio base USD convertido; respaldo provisional, revisar con proveedor";2026-08-19;provisional;por_verificar;no;base;"Respaldo convertido desde el precio base USD; no es precio local confirmado."
MT-PIN-IGNFUGA;Pintura intumescente ignífuga para protección de estructura metálica y madera.;materiales;l;PE;PEN;40.44;;;"Precio base USD convertido; respaldo provisional, revisar con proveedor";2026-08-19;provisional;por_verificar;no;base;"Respaldo convertido desde el precio base USD; no es precio local confirmado."
MT-PIN-IGNFUGA;Pintura intumescente ignífuga para protección de estructura metálica y madera.;materiales;l;MX;MXN;204.72;;;"Precio base USD convertido; respaldo provisional, revisar con proveedor";2026-08-19;provisional;por_verificar;no;base;"Respaldo convertido desde el precio base USD; no es precio local confirmado."
MT-PIN-IGNFUGA;Pintura intumescente ignífuga para protección de estructura metálica y madera.;materiales;l;EC;USD;12;;;"Precio base USD convertido; respaldo provisional, revisar con proveedor";2026-08-19;provisional;por_verificar;no;base;"Respaldo convertido desde el precio base USD; no es precio local confirmado."
MT-ANTI-GRAFFITI;Protector anti-graffiti para superficies pintadas, que facilita la limpieza de pintadas.;materiales;l;CO;COP;43801.1;;;"Precio base USD convertido; respaldo provisional, revisar con proveedor";2026-08-19;provisional;por_verificar;no;base;"Respaldo convertido desde el precio base USD; no es precio local confirmado."
MT-ANTI-GRAFFITI;Protector anti-graffiti para superficies pintadas, que facilita la limpieza de pintadas.;materiales;l;PE;PEN;47.18;;;"Precio base USD convertido; respaldo provisional, revisar con proveedor";2026-08-19;provisional;por_verificar;no;base;"Respaldo convertido desde el precio base USD; no es precio local confirmado."
MT-ANTI-GRAFFITI;Protector anti-graffiti para superficies pintadas, que facilita la limpieza de pintadas.;materiales;l;MX;MXN;238.84;;;"Precio base USD convertido; respaldo provisional, revisar con proveedor";2026-08-19;provisional;por_verificar;no;base;"Respaldo convertido desde el precio base USD; no es precio local confirmado."
MT-ANTI-GRAFFITI;Protector anti-graffiti para superficies pintadas, que facilita la limpieza de pintadas.;materiales;l;EC;USD;14;;;"Precio base USD convertido; respaldo provisional, revisar con proveedor";2026-08-19;provisional;por_verificar;no;base;"Respaldo convertido desde el precio base USD; no es precio local confirmado."
MT-SILOXANO;Hidrofugante a base de siloxano para fachadas, permeable al vapor de agua.;materiales;l;CO;COP;40672.45;;;"Precio base USD convertido; respaldo provisional, revisar con proveedor";2026-08-19;provisional;por_verificar;no;base;"Respaldo convertido desde el precio base USD; no es precio local confirmado."
MT-SILOXANO;Hidrofugante a base de siloxano para fachadas, permeable al vapor de agua.;materiales;l;PE;PEN;43.81;;;"Precio base USD convertido; respaldo provisional, revisar con proveedor";2026-08-19;provisional;por_verificar;no;base;"Respaldo convertido desde el precio base USD; no es precio local confirmado."
MT-SILOXANO;Hidrofugante a base de siloxano para fachadas, permeable al vapor de agua.;materiales;l;MX;MXN;221.78;;;"Precio base USD convertido; respaldo provisional, revisar con proveedor";2026-08-19;provisional;por_verificar;no;base;"Respaldo convertido desde el precio base USD; no es precio local confirmado."
MT-SILOXANO;Hidrofugante a base de siloxano para fachadas, permeable al vapor de agua.;materiales;l;EC;USD;13;;;"Precio base USD convertido; respaldo provisional, revisar con proveedor";2026-08-19;provisional;por_verificar;no;base;"Respaldo convertido desde el precio base USD; no es precio local confirmado."
MT-TINTE-MAD;Tinte o colorante para madera, de base al agua o al disolvente.;materiales;l;CO;COP;23464.875;;;"Precio base USD convertido; respaldo provisional, revisar con proveedor";2026-08-19;provisional;por_verificar;no;base;"Respaldo convertido desde el precio base USD; no es precio local confirmado."
MT-TINTE-MAD;Tinte o colorante para madera, de base al agua o al disolvente.;materiales;l;PE;PEN;25.275;;;"Precio base USD convertido; respaldo provisional, revisar con proveedor";2026-08-19;provisional;por_verificar;no;base;"Respaldo convertido desde el precio base USD; no es precio local confirmado."
MT-TINTE-MAD;Tinte o colorante para madera, de base al agua o al disolvente.;materiales;l;MX;MXN;127.95;;;"Precio base USD convertido; respaldo provisional, revisar con proveedor";2026-08-19;provisional;por_verificar;no;base;"Respaldo convertido desde el precio base USD; no es precio local confirmado."
MT-TINTE-MAD;Tinte o colorante para madera, de base al agua o al disolvente.;materiales;l;EC;USD;7.5;;;"Precio base USD convertido; respaldo provisional, revisar con proveedor";2026-08-19;provisional;por_verificar;no;base;"Respaldo convertido desde el precio base USD; no es precio local confirmado."
MT-POLIUREA;Membrana de poliurea de aplicación en caliente para impermeabilización y recubrimiento de alta resistencia.;materiales;kg;CO;COP;43801.1;;;"Precio base USD convertido; respaldo provisional, revisar con proveedor";2026-08-19;provisional;por_verificar;no;base;"Respaldo convertido desde el precio base USD; no es precio local confirmado."
MT-POLIUREA;Membrana de poliurea de aplicación en caliente para impermeabilización y recubrimiento de alta resistencia.;materiales;kg;PE;PEN;47.18;;;"Precio base USD convertido; respaldo provisional, revisar con proveedor";2026-08-19;provisional;por_verificar;no;base;"Respaldo convertido desde el precio base USD; no es precio local confirmado."
MT-POLIUREA;Membrana de poliurea de aplicación en caliente para impermeabilización y recubrimiento de alta resistencia.;materiales;kg;MX;MXN;238.84;;;"Precio base USD convertido; respaldo provisional, revisar con proveedor";2026-08-19;provisional;por_verificar;no;base;"Respaldo convertido desde el precio base USD; no es precio local confirmado."
MT-POLIUREA;Membrana de poliurea de aplicación en caliente para impermeabilización y recubrimiento de alta resistencia.;materiales;kg;EC;USD;14;;;"Precio base USD convertido; respaldo provisional, revisar con proveedor";2026-08-19;provisional;por_verificar;no;base;"Respaldo convertido desde el precio base USD; no es precio local confirmado."
MT-CUARZO-COLOR;Árido de cuarzo coloreado para recubrimientos decorativos antideslizantes.;materiales;kg;CO;COP;3754.38;;;"Precio base USD convertido; respaldo provisional, revisar con proveedor";2026-08-19;provisional;por_verificar;no;base;"Respaldo convertido desde el precio base USD; no es precio local confirmado."
MT-CUARZO-COLOR;Árido de cuarzo coloreado para recubrimientos decorativos antideslizantes.;materiales;kg;PE;PEN;4.044;;;"Precio base USD convertido; respaldo provisional, revisar con proveedor";2026-08-19;provisional;por_verificar;no;base;"Respaldo convertido desde el precio base USD; no es precio local confirmado."
MT-CUARZO-COLOR;Árido de cuarzo coloreado para recubrimientos decorativos antideslizantes.;materiales;kg;MX;MXN;20.472;;;"Precio base USD convertido; respaldo provisional, revisar con proveedor";2026-08-19;provisional;por_verificar;no;base;"Respaldo convertido desde el precio base USD; no es precio local confirmado."
MT-CUARZO-COLOR;Árido de cuarzo coloreado para recubrimientos decorativos antideslizantes.;materiales;kg;EC;USD;1.2;;;"Precio base USD convertido; respaldo provisional, revisar con proveedor";2026-08-19;provisional;por_verificar;no;base;"Respaldo convertido desde el precio base USD; no es precio local confirmado."
MT-RESINA-ACRIL;Resina acrílica decorativa para recubrimientos continuos de paredes y pisos.;materiales;kg;CO;COP;28157.85;;;"Precio base USD convertido; respaldo provisional, revisar con proveedor";2026-08-19;provisional;por_verificar;no;base;"Respaldo convertido desde el precio base USD; no es precio local confirmado."
MT-RESINA-ACRIL;Resina acrílica decorativa para recubrimientos continuos de paredes y pisos.;materiales;kg;PE;PEN;30.33;;;"Precio base USD convertido; respaldo provisional, revisar con proveedor";2026-08-19;provisional;por_verificar;no;base;"Respaldo convertido desde el precio base USD; no es precio local confirmado."
MT-RESINA-ACRIL;Resina acrílica decorativa para recubrimientos continuos de paredes y pisos.;materiales;kg;MX;MXN;153.54;;;"Precio base USD convertido; respaldo provisional, revisar con proveedor";2026-08-19;provisional;por_verificar;no;base;"Respaldo convertido desde el precio base USD; no es precio local confirmado."
MT-RESINA-ACRIL;Resina acrílica decorativa para recubrimientos continuos de paredes y pisos.;materiales;kg;EC;USD;9;;;"Precio base USD convertido; respaldo provisional, revisar con proveedor";2026-08-19;provisional;por_verificar;no;base;"Respaldo convertido desde el precio base USD; no es precio local confirmado."
MT-PERSIANA-ALU;Persiana enrollable de aluminio con su cajón y cinta o motor, para protección solar y oscurecimiento.;materiales;m2;CO;COP;172075.75;;;"Precio base USD convertido; respaldo provisional, revisar con proveedor";2026-08-19;provisional;por_verificar;no;base;"Respaldo convertido desde el precio base USD; no es precio local confirmado."
MT-PERSIANA-ALU;Persiana enrollable de aluminio con su cajón y cinta o motor, para protección solar y oscurecimiento.;materiales;m2;PE;PEN;185.35;;;"Precio base USD convertido; respaldo provisional, revisar con proveedor";2026-08-19;provisional;por_verificar;no;base;"Respaldo convertido desde el precio base USD; no es precio local confirmado."
MT-PERSIANA-ALU;Persiana enrollable de aluminio con su cajón y cinta o motor, para protección solar y oscurecimiento.;materiales;m2;MX;MXN;938.3;;;"Precio base USD convertido; respaldo provisional, revisar con proveedor";2026-08-19;provisional;por_verificar;no;base;"Respaldo convertido desde el precio base USD; no es precio local confirmado."
MT-PERSIANA-ALU;Persiana enrollable de aluminio con su cajón y cinta o motor, para protección solar y oscurecimiento.;materiales;m2;EC;USD;55;;;"Precio base USD convertido; respaldo provisional, revisar con proveedor";2026-08-19;provisional;por_verificar;no;base;"Respaldo convertido desde el precio base USD; no es precio local confirmado."
MT-TOLDO;Toldo extensible de lona con brazos y soportes, para protección solar en fachadas.;materiales;m2;CO;COP;150175.2;;;"Precio base USD convertido; respaldo provisional, revisar con proveedor";2026-08-19;provisional;por_verificar;no;base;"Respaldo convertido desde el precio base USD; no es precio local confirmado."
MT-TOLDO;Toldo extensible de lona con brazos y soportes, para protección solar en fachadas.;materiales;m2;PE;PEN;161.76;;;"Precio base USD convertido; respaldo provisional, revisar con proveedor";2026-08-19;provisional;por_verificar;no;base;"Respaldo convertido desde el precio base USD; no es precio local confirmado."
MT-TOLDO;Toldo extensible de lona con brazos y soportes, para protección solar en fachadas.;materiales;m2;MX;MXN;818.88;;;"Precio base USD convertido; respaldo provisional, revisar con proveedor";2026-08-19;provisional;por_verificar;no;base;"Respaldo convertido desde el precio base USD; no es precio local confirmado."
MT-TOLDO;Toldo extensible de lona con brazos y soportes, para protección solar en fachadas.;materiales;m2;EC;USD;48;;;"Precio base USD convertido; respaldo provisional, revisar con proveedor";2026-08-19;provisional;por_verificar;no;base;"Respaldo convertido desde el precio base USD; no es precio local confirmado."
MT-VIDRIO-LAM;Vidrio laminado de seguridad con butiral, para acristalamiento de protección.;materiales;m2;CO;COP;131403.3;;;"Precio base USD convertido; respaldo provisional, revisar con proveedor";2026-08-19;provisional;por_verificar;no;base;"Respaldo convertido desde el precio base USD; no es precio local confirmado."
MT-VIDRIO-LAM;Vidrio laminado de seguridad con butiral, para acristalamiento de protección.;materiales;m2;PE;PEN;141.54;;;"Precio base USD convertido; respaldo provisional, revisar con proveedor";2026-08-19;provisional;por_verificar;no;base;"Respaldo convertido desde el precio base USD; no es precio local confirmado."
MT-VIDRIO-LAM;Vidrio laminado de seguridad con butiral, para acristalamiento de protección.;materiales;m2;MX;MXN;716.52;;;"Precio base USD convertido; respaldo provisional, revisar con proveedor";2026-08-19;provisional;por_verificar;no;base;"Respaldo convertido desde el precio base USD; no es precio local confirmado."
MT-VIDRIO-LAM;Vidrio laminado de seguridad con butiral, para acristalamiento de protección.;materiales;m2;EC;USD;42;;;"Precio base USD convertido; respaldo provisional, revisar con proveedor";2026-08-19;provisional;por_verificar;no;base;"Respaldo convertido desde el precio base USD; no es precio local confirmado."
MT-VIDRIO-DOBLE;Doble acristalamiento con cámara de aire, para aislamiento térmico y acústico.;materiales;m2;CO;COP;172075.75;;;"Precio base USD convertido; respaldo provisional, revisar con proveedor";2026-08-19;provisional;por_verificar;no;base;"Respaldo convertido desde el precio base USD; no es precio local confirmado."
MT-VIDRIO-DOBLE;Doble acristalamiento con cámara de aire, para aislamiento térmico y acústico.;materiales;m2;PE;PEN;185.35;;;"Precio base USD convertido; respaldo provisional, revisar con proveedor";2026-08-19;provisional;por_verificar;no;base;"Respaldo convertido desde el precio base USD; no es precio local confirmado."
MT-VIDRIO-DOBLE;Doble acristalamiento con cámara de aire, para aislamiento térmico y acústico.;materiales;m2;MX;MXN;938.3;;;"Precio base USD convertido; respaldo provisional, revisar con proveedor";2026-08-19;provisional;por_verificar;no;base;"Respaldo convertido desde el precio base USD; no es precio local confirmado."
MT-VIDRIO-DOBLE;Doble acristalamiento con cámara de aire, para aislamiento térmico y acústico.;materiales;m2;EC;USD;55;;;"Precio base USD convertido; respaldo provisional, revisar con proveedor";2026-08-19;provisional;por_verificar;no;base;"Respaldo convertido desde el precio base USD; no es precio local confirmado."
MT-VIDRIO-ARENA;Vidrio arenado o esmerilado para privacidad en mamparas y divisiones.;materiales;m2;CO;COP;87602.2;;;"Precio base USD convertido; respaldo provisional, revisar con proveedor";2026-08-19;provisional;por_verificar;no;base;"Respaldo convertido desde el precio base USD; no es precio local confirmado."
MT-VIDRIO-ARENA;Vidrio arenado o esmerilado para privacidad en mamparas y divisiones.;materiales;m2;PE;PEN;94.36;;;"Precio base USD convertido; respaldo provisional, revisar con proveedor";2026-08-19;provisional;por_verificar;no;base;"Respaldo convertido desde el precio base USD; no es precio local confirmado."
MT-VIDRIO-ARENA;Vidrio arenado o esmerilado para privacidad en mamparas y divisiones.;materiales;m2;MX;MXN;477.68;;;"Precio base USD convertido; respaldo provisional, revisar con proveedor";2026-08-19;provisional;por_verificar;no;base;"Respaldo convertido desde el precio base USD; no es precio local confirmado."
MT-VIDRIO-ARENA;Vidrio arenado o esmerilado para privacidad en mamparas y divisiones.;materiales;m2;EC;USD;28;;;"Precio base USD convertido; respaldo provisional, revisar con proveedor";2026-08-19;provisional;por_verificar;no;base;"Respaldo convertido desde el precio base USD; no es precio local confirmado."
MT-AUTOM-PORTON;Motor y automatismo para portón corredizo o batiente, con mandos y finales de carrera.;materiales;ud;CO;COP;563157;;;"Precio base USD convertido; respaldo provisional, revisar con proveedor";2026-08-19;provisional;por_verificar;no;base;"Respaldo convertido desde el precio base USD; no es precio local confirmado."
MT-AUTOM-PORTON;Motor y automatismo para portón corredizo o batiente, con mandos y finales de carrera.;materiales;ud;PE;PEN;606.6;;;"Precio base USD convertido; respaldo provisional, revisar con proveedor";2026-08-19;provisional;por_verificar;no;base;"Respaldo convertido desde el precio base USD; no es precio local confirmado."
MT-AUTOM-PORTON;Motor y automatismo para portón corredizo o batiente, con mandos y finales de carrera.;materiales;ud;MX;MXN;3070.8;;;"Precio base USD convertido; respaldo provisional, revisar con proveedor";2026-08-19;provisional;por_verificar;no;base;"Respaldo convertido desde el precio base USD; no es precio local confirmado."
MT-AUTOM-PORTON;Motor y automatismo para portón corredizo o batiente, con mandos y finales de carrera.;materiales;ud;EC;USD;180;;;"Precio base USD convertido; respaldo provisional, revisar con proveedor";2026-08-19;provisional;por_verificar;no;base;"Respaldo convertido desde el precio base USD; no es precio local confirmado."
MT-CIERRA-PUERTA;Cierra-puertas hidráulico para puertas de tránsito, con brazo y regulación.;materiales;ud;CO;COP;109502.75;;;"Precio base USD convertido; respaldo provisional, revisar con proveedor";2026-08-19;provisional;por_verificar;no;base;"Respaldo convertido desde el precio base USD; no es precio local confirmado."
MT-CIERRA-PUERTA;Cierra-puertas hidráulico para puertas de tránsito, con brazo y regulación.;materiales;ud;PE;PEN;117.95;;;"Precio base USD convertido; respaldo provisional, revisar con proveedor";2026-08-19;provisional;por_verificar;no;base;"Respaldo convertido desde el precio base USD; no es precio local confirmado."
MT-CIERRA-PUERTA;Cierra-puertas hidráulico para puertas de tránsito, con brazo y regulación.;materiales;ud;MX;MXN;597.1;;;"Precio base USD convertido; respaldo provisional, revisar con proveedor";2026-08-19;provisional;por_verificar;no;base;"Respaldo convertido desde el precio base USD; no es precio local confirmado."
MT-CIERRA-PUERTA;Cierra-puertas hidráulico para puertas de tránsito, con brazo y regulación.;materiales;ud;EC;USD;35;;;"Precio base USD convertido; respaldo provisional, revisar con proveedor";2026-08-19;provisional;por_verificar;no;base;"Respaldo convertido desde el precio base USD; no es precio local confirmado."
MT-CERRADURA-MULTI;Cerradura multipunto de seguridad con cilindro y cerraderos, para puerta de acceso.;materiales;ud;CO;COP;140789.25;;;"Precio base USD convertido; respaldo provisional, revisar con proveedor";2026-08-19;provisional;por_verificar;no;base;"Respaldo convertido desde el precio base USD; no es precio local confirmado."
MT-CERRADURA-MULTI;Cerradura multipunto de seguridad con cilindro y cerraderos, para puerta de acceso.;materiales;ud;PE;PEN;151.65;;;"Precio base USD convertido; respaldo provisional, revisar con proveedor";2026-08-19;provisional;por_verificar;no;base;"Respaldo convertido desde el precio base USD; no es precio local confirmado."
MT-CERRADURA-MULTI;Cerradura multipunto de seguridad con cilindro y cerraderos, para puerta de acceso.;materiales;ud;MX;MXN;767.7;;;"Precio base USD convertido; respaldo provisional, revisar con proveedor";2026-08-19;provisional;por_verificar;no;base;"Respaldo convertido desde el precio base USD; no es precio local confirmado."
MT-CERRADURA-MULTI;Cerradura multipunto de seguridad con cilindro y cerraderos, para puerta de acceso.;materiales;ud;EC;USD;45;;;"Precio base USD convertido; respaldo provisional, revisar con proveedor";2026-08-19;provisional;por_verificar;no;base;"Respaldo convertido desde el precio base USD; no es precio local confirmado."
MT-HERRAJE-CORRED;Herrajes de puerta corredera de madera o vidrio, con carros, guías y topes.;materiales;ud;CO;COP;56315.7;;;"Precio base USD convertido; respaldo provisional, revisar con proveedor";2026-08-19;provisional;por_verificar;no;base;"Respaldo convertido desde el precio base USD; no es precio local confirmado."
MT-HERRAJE-CORRED;Herrajes de puerta corredera de madera o vidrio, con carros, guías y topes.;materiales;ud;PE;PEN;60.66;;;"Precio base USD convertido; respaldo provisional, revisar con proveedor";2026-08-19;provisional;por_verificar;no;base;"Respaldo convertido desde el precio base USD; no es precio local confirmado."
MT-HERRAJE-CORRED;Herrajes de puerta corredera de madera o vidrio, con carros, guías y topes.;materiales;ud;MX;MXN;307.08;;;"Precio base USD convertido; respaldo provisional, revisar con proveedor";2026-08-19;provisional;por_verificar;no;base;"Respaldo convertido desde el precio base USD; no es precio local confirmado."
MT-HERRAJE-CORRED;Herrajes de puerta corredera de madera o vidrio, con carros, guías y topes.;materiales;ud;EC;USD;18;;;"Precio base USD convertido; respaldo provisional, revisar con proveedor";2026-08-19;provisional;por_verificar;no;base;"Respaldo convertido desde el precio base USD; no es precio local confirmado."
MT-POLIESTIRENO-EXT;Panel de poliestireno extruido (XPS) para aislamiento térmico de cubiertas, muros y pisos.;materiales;m2;CO;COP;23464.875;;;"Precio base USD convertido; respaldo provisional, revisar con proveedor";2026-08-19;provisional;por_verificar;no;base;"Respaldo convertido desde el precio base USD; no es precio local confirmado."
MT-POLIESTIRENO-EXT;Panel de poliestireno extruido (XPS) para aislamiento térmico de cubiertas, muros y pisos.;materiales;m2;PE;PEN;25.275;;;"Precio base USD convertido; respaldo provisional, revisar con proveedor";2026-08-19;provisional;por_verificar;no;base;"Respaldo convertido desde el precio base USD; no es precio local confirmado."
MT-POLIESTIRENO-EXT;Panel de poliestireno extruido (XPS) para aislamiento térmico de cubiertas, muros y pisos.;materiales;m2;MX;MXN;127.95;;;"Precio base USD convertido; respaldo provisional, revisar con proveedor";2026-08-19;provisional;por_verificar;no;base;"Respaldo convertido desde el precio base USD; no es precio local confirmado."
MT-POLIESTIRENO-EXT;Panel de poliestireno extruido (XPS) para aislamiento térmico de cubiertas, muros y pisos.;materiales;m2;EC;USD;7.5;;;"Precio base USD convertido; respaldo provisional, revisar con proveedor";2026-08-19;provisional;por_verificar;no;base;"Respaldo convertido desde el precio base USD; no es precio local confirmado."
MT-LANA-ROCA;Panel de lana de roca para aislamiento térmico y acústico y protección contra incendios.;materiales;m2;CO;COP;17207.575;;;"Precio base USD convertido; respaldo provisional, revisar con proveedor";2026-08-19;provisional;por_verificar;no;base;"Respaldo convertido desde el precio base USD; no es precio local confirmado."
MT-LANA-ROCA;Panel de lana de roca para aislamiento térmico y acústico y protección contra incendios.;materiales;m2;PE;PEN;18.535;;;"Precio base USD convertido; respaldo provisional, revisar con proveedor";2026-08-19;provisional;por_verificar;no;base;"Respaldo convertido desde el precio base USD; no es precio local confirmado."
MT-LANA-ROCA;Panel de lana de roca para aislamiento térmico y acústico y protección contra incendios.;materiales;m2;MX;MXN;93.83;;;"Precio base USD convertido; respaldo provisional, revisar con proveedor";2026-08-19;provisional;por_verificar;no;base;"Respaldo convertido desde el precio base USD; no es precio local confirmado."
MT-LANA-ROCA;Panel de lana de roca para aislamiento térmico y acústico y protección contra incendios.;materiales;m2;EC;USD;5.5;;;"Precio base USD convertido; respaldo provisional, revisar con proveedor";2026-08-19;provisional;por_verificar;no;base;"Respaldo convertido desde el precio base USD; no es precio local confirmado."
MT-MEMBRANA-PVC;Membrana impermeabilizante de PVC armado con poliéster, para cubiertas y terrazas.;materiales;m2;CO;COP;37543.8;;;"Precio base USD convertido; respaldo provisional, revisar con proveedor";2026-08-19;provisional;por_verificar;no;base;"Respaldo convertido desde el precio base USD; no es precio local confirmado."
MT-MEMBRANA-PVC;Membrana impermeabilizante de PVC armado con poliéster, para cubiertas y terrazas.;materiales;m2;PE;PEN;40.44;;;"Precio base USD convertido; respaldo provisional, revisar con proveedor";2026-08-19;provisional;por_verificar;no;base;"Respaldo convertido desde el precio base USD; no es precio local confirmado."
MT-MEMBRANA-PVC;Membrana impermeabilizante de PVC armado con poliéster, para cubiertas y terrazas.;materiales;m2;MX;MXN;204.72;;;"Precio base USD convertido; respaldo provisional, revisar con proveedor";2026-08-19;provisional;por_verificar;no;base;"Respaldo convertido desde el precio base USD; no es precio local confirmado."
MT-MEMBRANA-PVC;Membrana impermeabilizante de PVC armado con poliéster, para cubiertas y terrazas.;materiales;m2;EC;USD;12;;;"Precio base USD convertido; respaldo provisional, revisar con proveedor";2026-08-19;provisional;por_verificar;no;base;"Respaldo convertido desde el precio base USD; no es precio local confirmado."
MT-BENTONITA;Geocompuesto de bentonita sódica para impermeabilización de muros enterrados y fundaciones.;materiales;m2;CO;COP;28157.85;;;"Precio base USD convertido; respaldo provisional, revisar con proveedor";2026-08-19;provisional;por_verificar;no;base;"Respaldo convertido desde el precio base USD; no es precio local confirmado."
MT-BENTONITA;Geocompuesto de bentonita sódica para impermeabilización de muros enterrados y fundaciones.;materiales;m2;PE;PEN;30.33;;;"Precio base USD convertido; respaldo provisional, revisar con proveedor";2026-08-19;provisional;por_verificar;no;base;"Respaldo convertido desde el precio base USD; no es precio local confirmado."
MT-BENTONITA;Geocompuesto de bentonita sódica para impermeabilización de muros enterrados y fundaciones.;materiales;m2;MX;MXN;153.54;;;"Precio base USD convertido; respaldo provisional, revisar con proveedor";2026-08-19;provisional;por_verificar;no;base;"Respaldo convertido desde el precio base USD; no es precio local confirmado."
MT-BENTONITA;Geocompuesto de bentonita sódica para impermeabilización de muros enterrados y fundaciones.;materiales;m2;EC;USD;9;;;"Precio base USD convertido; respaldo provisional, revisar con proveedor";2026-08-19;provisional;por_verificar;no;base;"Respaldo convertido desde el precio base USD; no es precio local confirmado."
MT-LAMINA-DREN;Lámina drenante nodular de polietileno para protección y drenaje de muros enterrados.;materiales;m2;CO;COP;20336.225;;;"Precio base USD convertido; respaldo provisional, revisar con proveedor";2026-08-19;provisional;por_verificar;no;base;"Respaldo convertido desde el precio base USD; no es precio local confirmado."
MT-LAMINA-DREN;Lámina drenante nodular de polietileno para protección y drenaje de muros enterrados.;materiales;m2;PE;PEN;21.905;;;"Precio base USD convertido; respaldo provisional, revisar con proveedor";2026-08-19;provisional;por_verificar;no;base;"Respaldo convertido desde el precio base USD; no es precio local confirmado."
MT-LAMINA-DREN;Lámina drenante nodular de polietileno para protección y drenaje de muros enterrados.;materiales;m2;MX;MXN;110.89;;;"Precio base USD convertido; respaldo provisional, revisar con proveedor";2026-08-19;provisional;por_verificar;no;base;"Respaldo convertido desde el precio base USD; no es precio local confirmado."
MT-LAMINA-DREN;Lámina drenante nodular de polietileno para protección y drenaje de muros enterrados.;materiales;m2;EC;USD;6.5;;;"Precio base USD convertido; respaldo provisional, revisar con proveedor";2026-08-19;provisional;por_verificar;no;base;"Respaldo convertido desde el precio base USD; no es precio local confirmado."
MT-BARRERA-ANTICAP;Barrera anticapilaridad de lámina bituminosa o de polietileno para muros.;materiales;m;CO;COP;10011.68;;;"Precio base USD convertido; respaldo provisional, revisar con proveedor";2026-08-19;provisional;por_verificar;no;base;"Respaldo convertido desde el precio base USD; no es precio local confirmado."
MT-BARRERA-ANTICAP;Barrera anticapilaridad de lámina bituminosa o de polietileno para muros.;materiales;m;PE;PEN;10.784;;;"Precio base USD convertido; respaldo provisional, revisar con proveedor";2026-08-19;provisional;por_verificar;no;base;"Respaldo convertido desde el precio base USD; no es precio local confirmado."
MT-BARRERA-ANTICAP;Barrera anticapilaridad de lámina bituminosa o de polietileno para muros.;materiales;m;MX;MXN;54.592;;;"Precio base USD convertido; respaldo provisional, revisar con proveedor";2026-08-19;provisional;por_verificar;no;base;"Respaldo convertido desde el precio base USD; no es precio local confirmado."
MT-BARRERA-ANTICAP;Barrera anticapilaridad de lámina bituminosa o de polietileno para muros.;materiales;m;EC;USD;3.2;;;"Precio base USD convertido; respaldo provisional, revisar con proveedor";2026-08-19;provisional;por_verificar;no;base;"Respaldo convertido desde el precio base USD; no es precio local confirmado."
MT-RESINA-INYEC;Resina de inyección para sellado de fisuras y filtraciones en muros y estructuras.;materiales;l;CO;COP;56315.7;;;"Precio base USD convertido; respaldo provisional, revisar con proveedor";2026-08-19;provisional;por_verificar;no;base;"Respaldo convertido desde el precio base USD; no es precio local confirmado."
MT-RESINA-INYEC;Resina de inyección para sellado de fisuras y filtraciones en muros y estructuras.;materiales;l;PE;PEN;60.66;;;"Precio base USD convertido; respaldo provisional, revisar con proveedor";2026-08-19;provisional;por_verificar;no;base;"Respaldo convertido desde el precio base USD; no es precio local confirmado."
MT-RESINA-INYEC;Resina de inyección para sellado de fisuras y filtraciones en muros y estructuras.;materiales;l;MX;MXN;307.08;;;"Precio base USD convertido; respaldo provisional, revisar con proveedor";2026-08-19;provisional;por_verificar;no;base;"Respaldo convertido desde el precio base USD; no es precio local confirmado."
MT-RESINA-INYEC;Resina de inyección para sellado de fisuras y filtraciones en muros y estructuras.;materiales;l;EC;USD;18;;;"Precio base USD convertido; respaldo provisional, revisar con proveedor";2026-08-19;provisional;por_verificar;no;base;"Respaldo convertido desde el precio base USD; no es precio local confirmado."
MT-SELLA-BENTONITA;Cordón de bentonita expansiva para sellado de juntas de hormigonado y pasos.;materiales;m;CO;COP;12514.6;;;"Precio base USD convertido; respaldo provisional, revisar con proveedor";2026-08-19;provisional;por_verificar;no;base;"Respaldo convertido desde el precio base USD; no es precio local confirmado."
MT-SELLA-BENTONITA;Cordón de bentonita expansiva para sellado de juntas de hormigonado y pasos.;materiales;m;PE;PEN;13.48;;;"Precio base USD convertido; respaldo provisional, revisar con proveedor";2026-08-19;provisional;por_verificar;no;base;"Respaldo convertido desde el precio base USD; no es precio local confirmado."
MT-SELLA-BENTONITA;Cordón de bentonita expansiva para sellado de juntas de hormigonado y pasos.;materiales;m;MX;MXN;68.24;;;"Precio base USD convertido; respaldo provisional, revisar con proveedor";2026-08-19;provisional;por_verificar;no;base;"Respaldo convertido desde el precio base USD; no es precio local confirmado."
MT-SELLA-BENTONITA;Cordón de bentonita expansiva para sellado de juntas de hormigonado y pasos.;materiales;m;EC;USD;4;;;"Precio base USD convertido; respaldo provisional, revisar con proveedor";2026-08-19;provisional;por_verificar;no;base;"Respaldo convertido desde el precio base USD; no es precio local confirmado."
MT-MALLA-DREN;Geocompuesto drenante con malla y núcleo para drenaje de cubiertas y muros.;materiales;m2;CO;COP;6883.03;;;"Precio base USD convertido; respaldo provisional, revisar con proveedor";2026-08-19;provisional;por_verificar;no;base;"Respaldo convertido desde el precio base USD; no es precio local confirmado."
MT-MALLA-DREN;Geocompuesto drenante con malla y núcleo para drenaje de cubiertas y muros.;materiales;m2;PE;PEN;7.414;;;"Precio base USD convertido; respaldo provisional, revisar con proveedor";2026-08-19;provisional;por_verificar;no;base;"Respaldo convertido desde el precio base USD; no es precio local confirmado."
MT-MALLA-DREN;Geocompuesto drenante con malla y núcleo para drenaje de cubiertas y muros.;materiales;m2;MX;MXN;37.532;;;"Precio base USD convertido; respaldo provisional, revisar con proveedor";2026-08-19;provisional;por_verificar;no;base;"Respaldo convertido desde el precio base USD; no es precio local confirmado."
MT-MALLA-DREN;Geocompuesto drenante con malla y núcleo para drenaje de cubiertas y muros.;materiales;m2;EC;USD;2.2;;;"Precio base USD convertido; respaldo provisional, revisar con proveedor";2026-08-19;provisional;por_verificar;no;base;"Respaldo convertido desde el precio base USD; no es precio local confirmado."
MT-PLACA-FACHADA;Panel de fachada ventilada (composite de aluminio, fibrocemento o cerámico extruido), con sus fijaciones ocultas.;materiales;m2;CO;COP;131403.3;;;"Precio base USD convertido; respaldo provisional, revisar con proveedor";2026-08-19;provisional;por_verificar;no;base;"Respaldo convertido desde el precio base USD; no es precio local confirmado."
MT-PLACA-FACHADA;Panel de fachada ventilada (composite de aluminio, fibrocemento o cerámico extruido), con sus fijaciones ocultas.;materiales;m2;PE;PEN;141.54;;;"Precio base USD convertido; respaldo provisional, revisar con proveedor";2026-08-19;provisional;por_verificar;no;base;"Respaldo convertido desde el precio base USD; no es precio local confirmado."
MT-PLACA-FACHADA;Panel de fachada ventilada (composite de aluminio, fibrocemento o cerámico extruido), con sus fijaciones ocultas.;materiales;m2;MX;MXN;716.52;;;"Precio base USD convertido; respaldo provisional, revisar con proveedor";2026-08-19;provisional;por_verificar;no;base;"Respaldo convertido desde el precio base USD; no es precio local confirmado."
MT-PLACA-FACHADA;Panel de fachada ventilada (composite de aluminio, fibrocemento o cerámico extruido), con sus fijaciones ocultas.;materiales;m2;EC;USD;42;;;"Precio base USD convertido; respaldo provisional, revisar con proveedor";2026-08-19;provisional;por_verificar;no;base;"Respaldo convertido desde el precio base USD; no es precio local confirmado."
MT-MALLA-FACH;Malla de fibra de vidrio antiálcalis para refuerzo de revestimiento continuo de fachada (SATE).;materiales;m2;CO;COP;5631.57;;;"Precio base USD convertido; respaldo provisional, revisar con proveedor";2026-08-19;provisional;por_verificar;no;base;"Respaldo convertido desde el precio base USD; no es precio local confirmado."
MT-MALLA-FACH;Malla de fibra de vidrio antiálcalis para refuerzo de revestimiento continuo de fachada (SATE).;materiales;m2;PE;PEN;6.066;;;"Precio base USD convertido; respaldo provisional, revisar con proveedor";2026-08-19;provisional;por_verificar;no;base;"Respaldo convertido desde el precio base USD; no es precio local confirmado."
MT-MALLA-FACH;Malla de fibra de vidrio antiálcalis para refuerzo de revestimiento continuo de fachada (SATE).;materiales;m2;MX;MXN;30.708;;;"Precio base USD convertido; respaldo provisional, revisar con proveedor";2026-08-19;provisional;por_verificar;no;base;"Respaldo convertido desde el precio base USD; no es precio local confirmado."
MT-MALLA-FACH;Malla de fibra de vidrio antiálcalis para refuerzo de revestimiento continuo de fachada (SATE).;materiales;m2;EC;USD;1.8;;;"Precio base USD convertido; respaldo provisional, revisar con proveedor";2026-08-19;provisional;por_verificar;no;base;"Respaldo convertido desde el precio base USD; no es precio local confirmado."
MT-SUBESTRUCTURA;Subestructura de fachada ventilada en perfiles de aluminio, con anclajes y remates.;materiales;m2;CO;COP;56315.7;;;"Precio base USD convertido; respaldo provisional, revisar con proveedor";2026-08-19;provisional;por_verificar;no;base;"Respaldo convertido desde el precio base USD; no es precio local confirmado."
MT-SUBESTRUCTURA;Subestructura de fachada ventilada en perfiles de aluminio, con anclajes y remates.;materiales;m2;PE;PEN;60.66;;;"Precio base USD convertido; respaldo provisional, revisar con proveedor";2026-08-19;provisional;por_verificar;no;base;"Respaldo convertido desde el precio base USD; no es precio local confirmado."
MT-SUBESTRUCTURA;Subestructura de fachada ventilada en perfiles de aluminio, con anclajes y remates.;materiales;m2;MX;MXN;307.08;;;"Precio base USD convertido; respaldo provisional, revisar con proveedor";2026-08-19;provisional;por_verificar;no;base;"Respaldo convertido desde el precio base USD; no es precio local confirmado."
MT-SUBESTRUCTURA;Subestructura de fachada ventilada en perfiles de aluminio, con anclajes y remates.;materiales;m2;EC;USD;18;;;"Precio base USD convertido; respaldo provisional, revisar con proveedor";2026-08-19;provisional;por_verificar;no;base;"Respaldo convertido desde el precio base USD; no es precio local confirmado."
MT-LADRILLO-VISTO;Ladrillo caravista de arcilla para fachadas de ladrillo visto, con junta fina.;materiales;ud;CO;COP;938.595;;;"Precio base USD convertido; respaldo provisional, revisar con proveedor";2026-08-19;provisional;por_verificar;no;base;"Respaldo convertido desde el precio base USD; no es precio local confirmado."
MT-LADRILLO-VISTO;Ladrillo caravista de arcilla para fachadas de ladrillo visto, con junta fina.;materiales;ud;PE;PEN;1.011;;;"Precio base USD convertido; respaldo provisional, revisar con proveedor";2026-08-19;provisional;por_verificar;no;base;"Respaldo convertido desde el precio base USD; no es precio local confirmado."
MT-LADRILLO-VISTO;Ladrillo caravista de arcilla para fachadas de ladrillo visto, con junta fina.;materiales;ud;MX;MXN;5.118;;;"Precio base USD convertido; respaldo provisional, revisar con proveedor";2026-08-19;provisional;por_verificar;no;base;"Respaldo convertido desde el precio base USD; no es precio local confirmado."
MT-LADRILLO-VISTO;Ladrillo caravista de arcilla para fachadas de ladrillo visto, con junta fina.;materiales;ud;EC;USD;0.3;;;"Precio base USD convertido; respaldo provisional, revisar con proveedor";2026-08-19;provisional;por_verificar;no;base;"Respaldo convertido desde el precio base USD; no es precio local confirmado."
MT-PIEDRA-FACHADA;Aplacado de piedra natural ligera para fachada ventilada, con fijación mecánica.;materiales;m2;CO;COP;118888.7;;;"Precio base USD convertido; respaldo provisional, revisar con proveedor";2026-08-19;provisional;por_verificar;no;base;"Respaldo convertido desde el precio base USD; no es precio local confirmado."
MT-PIEDRA-FACHADA;Aplacado de piedra natural ligera para fachada ventilada, con fijación mecánica.;materiales;m2;PE;PEN;128.06;;;"Precio base USD convertido; respaldo provisional, revisar con proveedor";2026-08-19;provisional;por_verificar;no;base;"Respaldo convertido desde el precio base USD; no es precio local confirmado."
MT-PIEDRA-FACHADA;Aplacado de piedra natural ligera para fachada ventilada, con fijación mecánica.;materiales;m2;MX;MXN;648.28;;;"Precio base USD convertido; respaldo provisional, revisar con proveedor";2026-08-19;provisional;por_verificar;no;base;"Respaldo convertido desde el precio base USD; no es precio local confirmado."
MT-PIEDRA-FACHADA;Aplacado de piedra natural ligera para fachada ventilada, con fijación mecánica.;materiales;m2;EC;USD;38;;;"Precio base USD convertido; respaldo provisional, revisar con proveedor";2026-08-19;provisional;por_verificar;no;base;"Respaldo convertido desde el precio base USD; no es precio local confirmado."
MT-MASTIC-CORTAFUEGO;Masilla o mortero intumescente para sellado cortafuego de pasos de instalaciones en muros y losas.;materiales;kg;CO;COP;20336.225;;;"Precio base USD convertido; respaldo provisional, revisar con proveedor";2026-08-19;provisional;por_verificar;no;base;"Respaldo convertido desde el precio base USD; no es precio local confirmado."
MT-MASTIC-CORTAFUEGO;Masilla o mortero intumescente para sellado cortafuego de pasos de instalaciones en muros y losas.;materiales;kg;PE;PEN;21.905;;;"Precio base USD convertido; respaldo provisional, revisar con proveedor";2026-08-19;provisional;por_verificar;no;base;"Respaldo convertido desde el precio base USD; no es precio local confirmado."
MT-MASTIC-CORTAFUEGO;Masilla o mortero intumescente para sellado cortafuego de pasos de instalaciones en muros y losas.;materiales;kg;MX;MXN;110.89;;;"Precio base USD convertido; respaldo provisional, revisar con proveedor";2026-08-19;provisional;por_verificar;no;base;"Respaldo convertido desde el precio base USD; no es precio local confirmado."
MT-MASTIC-CORTAFUEGO;Masilla o mortero intumescente para sellado cortafuego de pasos de instalaciones en muros y losas.;materiales;kg;EC;USD;6.5;;;"Precio base USD convertido; respaldo provisional, revisar con proveedor";2026-08-19;provisional;por_verificar;no;base;"Respaldo convertido desde el precio base USD; no es precio local confirmado."
MT-BOMBA-AGUA;Bomba centrífuga de agua para suministro doméstico, con su control y accesorios de conexión.;materiales;ud;CO;COP;500584;;;"Precio base USD convertido; respaldo provisional, revisar con proveedor";2026-08-19;provisional;por_verificar;no;base;"Respaldo convertido desde el precio base USD; no es precio local confirmado."
MT-BOMBA-AGUA;Bomba centrífuga de agua para suministro doméstico, con su control y accesorios de conexión.;materiales;ud;PE;PEN;539.2;;;"Precio base USD convertido; respaldo provisional, revisar con proveedor";2026-08-19;provisional;por_verificar;no;base;"Respaldo convertido desde el precio base USD; no es precio local confirmado."
MT-BOMBA-AGUA;Bomba centrífuga de agua para suministro doméstico, con su control y accesorios de conexión.;materiales;ud;MX;MXN;2729.6;;;"Precio base USD convertido; respaldo provisional, revisar con proveedor";2026-08-19;provisional;por_verificar;no;base;"Respaldo convertido desde el precio base USD; no es precio local confirmado."
MT-BOMBA-AGUA;Bomba centrífuga de agua para suministro doméstico, con su control y accesorios de conexión.;materiales;ud;EC;USD;160;;;"Precio base USD convertido; respaldo provisional, revisar con proveedor";2026-08-19;provisional;por_verificar;no;base;"Respaldo convertido desde el precio base USD; no es precio local confirmado."
MT-HIDRONEUMATICO;Sistema hidroneumático con tanque de presión, bomba y control, para presión constante de agua.;materiales;ud;CO;COP;750876;;;"Precio base USD convertido; respaldo provisional, revisar con proveedor";2026-08-19;provisional;por_verificar;no;base;"Respaldo convertido desde el precio base USD; no es precio local confirmado."
MT-HIDRONEUMATICO;Sistema hidroneumático con tanque de presión, bomba y control, para presión constante de agua.;materiales;ud;PE;PEN;808.8;;;"Precio base USD convertido; respaldo provisional, revisar con proveedor";2026-08-19;provisional;por_verificar;no;base;"Respaldo convertido desde el precio base USD; no es precio local confirmado."
MT-HIDRONEUMATICO;Sistema hidroneumático con tanque de presión, bomba y control, para presión constante de agua.;materiales;ud;MX;MXN;4094.4;;;"Precio base USD convertido; respaldo provisional, revisar con proveedor";2026-08-19;provisional;por_verificar;no;base;"Respaldo convertido desde el precio base USD; no es precio local confirmado."
MT-HIDRONEUMATICO;Sistema hidroneumático con tanque de presión, bomba y control, para presión constante de agua.;materiales;ud;EC;USD;240;;;"Precio base USD convertido; respaldo provisional, revisar con proveedor";2026-08-19;provisional;por_verificar;no;base;"Respaldo convertido desde el precio base USD; no es precio local confirmado."
MT-PLANTA-ELEC;Planta eléctrica de respaldo con motor diésel o gasolina y tablero de arranque, para suministro de emergencia.;materiales;ud;CO;COP;3754380;;;"Precio base USD convertido; respaldo provisional, revisar con proveedor";2026-08-19;provisional;por_verificar;no;base;"Respaldo convertido desde el precio base USD; no es precio local confirmado."
MT-PLANTA-ELEC;Planta eléctrica de respaldo con motor diésel o gasolina y tablero de arranque, para suministro de emergencia.;materiales;ud;PE;PEN;4044;;;"Precio base USD convertido; respaldo provisional, revisar con proveedor";2026-08-19;provisional;por_verificar;no;base;"Respaldo convertido desde el precio base USD; no es precio local confirmado."
MT-PLANTA-ELEC;Planta eléctrica de respaldo con motor diésel o gasolina y tablero de arranque, para suministro de emergencia.;materiales;ud;MX;MXN;20472;;;"Precio base USD convertido; respaldo provisional, revisar con proveedor";2026-08-19;provisional;por_verificar;no;base;"Respaldo convertido desde el precio base USD; no es precio local confirmado."
MT-PLANTA-ELEC;Planta eléctrica de respaldo con motor diésel o gasolina y tablero de arranque, para suministro de emergencia.;materiales;ud;EC;USD;1200;;;"Precio base USD convertido; respaldo provisional, revisar con proveedor";2026-08-19;provisional;por_verificar;no;base;"Respaldo convertido desde el precio base USD; no es precio local confirmado."
MT-BATERIA;Batería de ciclo profundo para sistema de respaldo eléctrico, de plomo-ácido o litio.;materiales;ud;CO;COP;688303;;;"Precio base USD convertido; respaldo provisional, revisar con proveedor";2026-08-19;provisional;por_verificar;no;base;"Respaldo convertido desde el precio base USD; no es precio local confirmado."
MT-BATERIA;Batería de ciclo profundo para sistema de respaldo eléctrico, de plomo-ácido o litio.;materiales;ud;PE;PEN;741.4;;;"Precio base USD convertido; respaldo provisional, revisar con proveedor";2026-08-19;provisional;por_verificar;no;base;"Respaldo convertido desde el precio base USD; no es precio local confirmado."
MT-BATERIA;Batería de ciclo profundo para sistema de respaldo eléctrico, de plomo-ácido o litio.;materiales;ud;MX;MXN;3753.2;;;"Precio base USD convertido; respaldo provisional, revisar con proveedor";2026-08-19;provisional;por_verificar;no;base;"Respaldo convertido desde el precio base USD; no es precio local confirmado."
MT-BATERIA;Batería de ciclo profundo para sistema de respaldo eléctrico, de plomo-ácido o litio.;materiales;ud;EC;USD;220;;;"Precio base USD convertido; respaldo provisional, revisar con proveedor";2026-08-19;provisional;por_verificar;no;base;"Respaldo convertido desde el precio base USD; no es precio local confirmado."
MT-INVERSOR;Inversor de corriente para sistema de respaldo, con su control de carga.;materiales;ud;CO;COP;876022;;;"Precio base USD convertido; respaldo provisional, revisar con proveedor";2026-08-19;provisional;por_verificar;no;base;"Respaldo convertido desde el precio base USD; no es precio local confirmado."
MT-INVERSOR;Inversor de corriente para sistema de respaldo, con su control de carga.;materiales;ud;PE;PEN;943.6;;;"Precio base USD convertido; respaldo provisional, revisar con proveedor";2026-08-19;provisional;por_verificar;no;base;"Respaldo convertido desde el precio base USD; no es precio local confirmado."
MT-INVERSOR;Inversor de corriente para sistema de respaldo, con su control de carga.;materiales;ud;MX;MXN;4776.8;;;"Precio base USD convertido; respaldo provisional, revisar con proveedor";2026-08-19;provisional;por_verificar;no;base;"Respaldo convertido desde el precio base USD; no es precio local confirmado."
MT-INVERSOR;Inversor de corriente para sistema de respaldo, con su control de carga.;materiales;ud;EC;USD;280;;;"Precio base USD convertido; respaldo provisional, revisar con proveedor";2026-08-19;provisional;por_verificar;no;base;"Respaldo convertido desde el precio base USD; no es precio local confirmado."
MT-PANEL-SOLAR;Panel fotovoltaico para generación de energía, con su estructura de fijación.;materiales;ud;CO;COP;563157;;;"Precio base USD convertido; respaldo provisional, revisar con proveedor";2026-08-19;provisional;por_verificar;no;base;"Respaldo convertido desde el precio base USD; no es precio local confirmado."
MT-PANEL-SOLAR;Panel fotovoltaico para generación de energía, con su estructura de fijación.;materiales;ud;PE;PEN;606.6;;;"Precio base USD convertido; respaldo provisional, revisar con proveedor";2026-08-19;provisional;por_verificar;no;base;"Respaldo convertido desde el precio base USD; no es precio local confirmado."
MT-PANEL-SOLAR;Panel fotovoltaico para generación de energía, con su estructura de fijación.;materiales;ud;MX;MXN;3070.8;;;"Precio base USD convertido; respaldo provisional, revisar con proveedor";2026-08-19;provisional;por_verificar;no;base;"Respaldo convertido desde el precio base USD; no es precio local confirmado."
MT-PANEL-SOLAR;Panel fotovoltaico para generación de energía, con su estructura de fijación.;materiales;ud;EC;USD;180;;;"Precio base USD convertido; respaldo provisional, revisar con proveedor";2026-08-19;provisional;por_verificar;no;base;"Respaldo convertido desde el precio base USD; no es precio local confirmado."
MT-CAMARA-CCTV;Cámara de video vigilancia CCTV, con su soporte y cable de conexión.;materiales;ud;CO;COP;265935.25;;;"Precio base USD convertido; respaldo provisional, revisar con proveedor";2026-08-19;provisional;por_verificar;no;base;"Respaldo convertido desde el precio base USD; no es precio local confirmado."
MT-CAMARA-CCTV;Cámara de video vigilancia CCTV, con su soporte y cable de conexión.;materiales;ud;PE;PEN;286.45;;;"Precio base USD convertido; respaldo provisional, revisar con proveedor";2026-08-19;provisional;por_verificar;no;base;"Respaldo convertido desde el precio base USD; no es precio local confirmado."
MT-CAMARA-CCTV;Cámara de video vigilancia CCTV, con su soporte y cable de conexión.;materiales;ud;MX;MXN;1450.1;;;"Precio base USD convertido; respaldo provisional, revisar con proveedor";2026-08-19;provisional;por_verificar;no;base;"Respaldo convertido desde el precio base USD; no es precio local confirmado."
MT-CAMARA-CCTV;Cámara de video vigilancia CCTV, con su soporte y cable de conexión.;materiales;ud;EC;USD;85;;;"Precio base USD convertido; respaldo provisional, revisar con proveedor";2026-08-19;provisional;por_verificar;no;base;"Respaldo convertido desde el precio base USD; no es precio local confirmado."
MT-ALARMA;Central de alarma con teclado, sensores y sirena, para protección perimetral e interior.;materiales;ud;CO;COP;469297.5;;;"Precio base USD convertido; respaldo provisional, revisar con proveedor";2026-08-19;provisional;por_verificar;no;base;"Respaldo convertido desde el precio base USD; no es precio local confirmado."
MT-ALARMA;Central de alarma con teclado, sensores y sirena, para protección perimetral e interior.;materiales;ud;PE;PEN;505.5;;;"Precio base USD convertido; respaldo provisional, revisar con proveedor";2026-08-19;provisional;por_verificar;no;base;"Respaldo convertido desde el precio base USD; no es precio local confirmado."
MT-ALARMA;Central de alarma con teclado, sensores y sirena, para protección perimetral e interior.;materiales;ud;MX;MXN;2559;;;"Precio base USD convertido; respaldo provisional, revisar con proveedor";2026-08-19;provisional;por_verificar;no;base;"Respaldo convertido desde el precio base USD; no es precio local confirmado."
MT-ALARMA;Central de alarma con teclado, sensores y sirena, para protección perimetral e interior.;materiales;ud;EC;USD;150;;;"Precio base USD convertido; respaldo provisional, revisar con proveedor";2026-08-19;provisional;por_verificar;no;base;"Respaldo convertido desde el precio base USD; no es precio local confirmado."
MT-SOPORTE-ANTIVIB;Soporte antivibratorio de neopreno (silent block) para aislar equipos de bombas, compresores y maquinaria, con su tornillería.;materiales;ud;CO;COP;15643.25;;;"Precio base USD convertido; respaldo provisional, revisar con proveedor";2026-08-19;provisional;por_verificar;no;base;"Respaldo convertido desde el precio base USD; no es precio local confirmado."
MT-SOPORTE-ANTIVIB;Soporte antivibratorio de neopreno (silent block) para aislar equipos de bombas, compresores y maquinaria, con su tornillería.;materiales;ud;PE;PEN;16.85;;;"Precio base USD convertido; respaldo provisional, revisar con proveedor";2026-08-19;provisional;por_verificar;no;base;"Respaldo convertido desde el precio base USD; no es precio local confirmado."
MT-SOPORTE-ANTIVIB;Soporte antivibratorio de neopreno (silent block) para aislar equipos de bombas, compresores y maquinaria, con su tornillería.;materiales;ud;MX;MXN;85.3;;;"Precio base USD convertido; respaldo provisional, revisar con proveedor";2026-08-19;provisional;por_verificar;no;base;"Respaldo convertido desde el precio base USD; no es precio local confirmado."
MT-SOPORTE-ANTIVIB;Soporte antivibratorio de neopreno (silent block) para aislar equipos de bombas, compresores y maquinaria, con su tornillería.;materiales;ud;EC;USD;5;;;"Precio base USD convertido; respaldo provisional, revisar con proveedor";2026-08-19;provisional;por_verificar;no;base;"Respaldo convertido desde el precio base USD; no es precio local confirmado."
MQ-CORT-AGUA;Cortadora eléctrica de banco con disco de diamante y refrigeración por agua, incluida amortización y consumo.;maquinaria;h;CO;COP;10011.68;;;"Precio base USD convertido; respaldo provisional, revisar con proveedor";2026-08-19;provisional;por_verificar;no;base;"Respaldo convertido desde el precio base USD; no es precio local confirmado."
MQ-CORT-AGUA;Cortadora eléctrica de banco con disco de diamante y refrigeración por agua, incluida amortización y consumo.;maquinaria;h;PE;PEN;10.784;;;"Precio base USD convertido; respaldo provisional, revisar con proveedor";2026-08-19;provisional;por_verificar;no;base;"Respaldo convertido desde el precio base USD; no es precio local confirmado."
MQ-CORT-AGUA;Cortadora eléctrica de banco con disco de diamante y refrigeración por agua, incluida amortización y consumo.;maquinaria;h;MX;MXN;54.592;;;"Precio base USD convertido; respaldo provisional, revisar con proveedor";2026-08-19;provisional;por_verificar;no;base;"Respaldo convertido desde el precio base USD; no es precio local confirmado."
MQ-CORT-AGUA;Cortadora eléctrica de banco con disco de diamante y refrigeración por agua, incluida amortización y consumo.;maquinaria;h;EC;USD;3.2;;;"Precio base USD convertido; respaldo provisional, revisar con proveedor";2026-08-19;provisional;por_verificar;no;base;"Respaldo convertido desde el precio base USD; no es precio local confirmado."
MQ-BATID;Batidora mezcladora eléctrica de doble varilla para amasado de morteros y adhesivos.;maquinaria;h;CO;COP;5005.84;;;"Precio base USD convertido; respaldo provisional, revisar con proveedor";2026-08-19;provisional;por_verificar;no;base;"Respaldo convertido desde el precio base USD; no es precio local confirmado."
MQ-BATID;Batidora mezcladora eléctrica de doble varilla para amasado de morteros y adhesivos.;maquinaria;h;PE;PEN;5.392;;;"Precio base USD convertido; respaldo provisional, revisar con proveedor";2026-08-19;provisional;por_verificar;no;base;"Respaldo convertido desde el precio base USD; no es precio local confirmado."
MQ-BATID;Batidora mezcladora eléctrica de doble varilla para amasado de morteros y adhesivos.;maquinaria;h;MX;MXN;27.296;;;"Precio base USD convertido; respaldo provisional, revisar con proveedor";2026-08-19;provisional;por_verificar;no;base;"Respaldo convertido desde el precio base USD; no es precio local confirmado."
MQ-BATID;Batidora mezcladora eléctrica de doble varilla para amasado de morteros y adhesivos.;maquinaria;h;EC;USD;1.6;;;"Precio base USD convertido; respaldo provisional, revisar con proveedor";2026-08-19;provisional;por_verificar;no;base;"Respaldo convertido desde el precio base USD; no es precio local confirmado."
MQ-MART-ELEC;Martillo eléctrico de demolición de 5 kg, incluida amortización y consumo.;maquinaria;h;CO;COP;12201.735;;;"Precio base USD convertido; respaldo provisional, revisar con proveedor";2026-08-19;provisional;por_verificar;no;base;"Respaldo convertido desde el precio base USD; no es precio local confirmado."
MQ-MART-ELEC;Martillo eléctrico de demolición de 5 kg, incluida amortización y consumo.;maquinaria;h;PE;PEN;13.143;;;"Precio base USD convertido; respaldo provisional, revisar con proveedor";2026-08-19;provisional;por_verificar;no;base;"Respaldo convertido desde el precio base USD; no es precio local confirmado."
MQ-MART-ELEC;Martillo eléctrico de demolición de 5 kg, incluida amortización y consumo.;maquinaria;h;MX;MXN;66.534;;;"Precio base USD convertido; respaldo provisional, revisar con proveedor";2026-08-19;provisional;por_verificar;no;base;"Respaldo convertido desde el precio base USD; no es precio local confirmado."
MQ-MART-ELEC;Martillo eléctrico de demolición de 5 kg, incluida amortización y consumo.;maquinaria;h;EC;USD;3.9;;;"Precio base USD convertido; respaldo provisional, revisar con proveedor";2026-08-19;provisional;por_verificar;no;base;"Respaldo convertido desde el precio base USD; no es precio local confirmado."
MQ-ASPIR;Aspirador industrial con filtro de polvo fino para limpieza de soporte y control de polvo.;maquinaria;h;CO;COP;6570.165;;;"Precio base USD convertido; respaldo provisional, revisar con proveedor";2026-08-19;provisional;por_verificar;no;base;"Respaldo convertido desde el precio base USD; no es precio local confirmado."
MQ-ASPIR;Aspirador industrial con filtro de polvo fino para limpieza de soporte y control de polvo.;maquinaria;h;PE;PEN;7.077;;;"Precio base USD convertido; respaldo provisional, revisar con proveedor";2026-08-19;provisional;por_verificar;no;base;"Respaldo convertido desde el precio base USD; no es precio local confirmado."
MQ-ASPIR;Aspirador industrial con filtro de polvo fino para limpieza de soporte y control de polvo.;maquinaria;h;MX;MXN;35.826;;;"Precio base USD convertido; respaldo provisional, revisar con proveedor";2026-08-19;provisional;por_verificar;no;base;"Respaldo convertido desde el precio base USD; no es precio local confirmado."
MQ-ASPIR;Aspirador industrial con filtro de polvo fino para limpieza de soporte y control de polvo.;maquinaria;h;EC;USD;2.1;;;"Precio base USD convertido; respaldo provisional, revisar con proveedor";2026-08-19;provisional;por_verificar;no;base;"Respaldo convertido desde el precio base USD; no es precio local confirmado."
MQ-VENT-SUC;Juego de ventosas de elevación para manipulación de piezas de gran formato.;maquinaria;h;CO;COP;8760.22;;;"Precio base USD convertido; respaldo provisional, revisar con proveedor";2026-08-19;provisional;por_verificar;no;base;"Respaldo convertido desde el precio base USD; no es precio local confirmado."
MQ-VENT-SUC;Juego de ventosas de elevación para manipulación de piezas de gran formato.;maquinaria;h;PE;PEN;9.436;;;"Precio base USD convertido; respaldo provisional, revisar con proveedor";2026-08-19;provisional;por_verificar;no;base;"Respaldo convertido desde el precio base USD; no es precio local confirmado."
MQ-VENT-SUC;Juego de ventosas de elevación para manipulación de piezas de gran formato.;maquinaria;h;MX;MXN;47.768;;;"Precio base USD convertido; respaldo provisional, revisar con proveedor";2026-08-19;provisional;por_verificar;no;base;"Respaldo convertido desde el precio base USD; no es precio local confirmado."
MQ-VENT-SUC;Juego de ventosas de elevación para manipulación de piezas de gran formato.;maquinaria;h;EC;USD;2.8;;;"Precio base USD convertido; respaldo provisional, revisar con proveedor";2026-08-19;provisional;por_verificar;no;base;"Respaldo convertido desde el precio base USD; no es precio local confirmado."
MQ-ATORN;Atornilladora eléctrica para placa de yeso laminado, incluida amortización y consumo.;maquinaria;h;CO;COP;4380.11;;;"Precio base USD convertido; respaldo provisional, revisar con proveedor";2026-08-19;provisional;por_verificar;no;base;"Respaldo convertido desde el precio base USD; no es precio local confirmado."
MQ-ATORN;Atornilladora eléctrica para placa de yeso laminado, incluida amortización y consumo.;maquinaria;h;PE;PEN;4.718;;;"Precio base USD convertido; respaldo provisional, revisar con proveedor";2026-08-19;provisional;por_verificar;no;base;"Respaldo convertido desde el precio base USD; no es precio local confirmado."
MQ-ATORN;Atornilladora eléctrica para placa de yeso laminado, incluida amortización y consumo.;maquinaria;h;MX;MXN;23.884;;;"Precio base USD convertido; respaldo provisional, revisar con proveedor";2026-08-19;provisional;por_verificar;no;base;"Respaldo convertido desde el precio base USD; no es precio local confirmado."
MQ-ATORN;Atornilladora eléctrica para placa de yeso laminado, incluida amortización y consumo.;maquinaria;h;EC;USD;1.4;;;"Precio base USD convertido; respaldo provisional, revisar con proveedor";2026-08-19;provisional;por_verificar;no;base;"Respaldo convertido desde el precio base USD; no es precio local confirmado."
MQ-LIJAD;Lijadora de pared con aspiración para acabado de juntas.;maquinaria;h;CO;COP;6570.165;;;"Precio base USD convertido; respaldo provisional, revisar con proveedor";2026-08-19;provisional;por_verificar;no;base;"Respaldo convertido desde el precio base USD; no es precio local confirmado."
MQ-LIJAD;Lijadora de pared con aspiración para acabado de juntas.;maquinaria;h;PE;PEN;7.077;;;"Precio base USD convertido; respaldo provisional, revisar con proveedor";2026-08-19;provisional;por_verificar;no;base;"Respaldo convertido desde el precio base USD; no es precio local confirmado."
MQ-LIJAD;Lijadora de pared con aspiración para acabado de juntas.;maquinaria;h;MX;MXN;35.826;;;"Precio base USD convertido; respaldo provisional, revisar con proveedor";2026-08-19;provisional;por_verificar;no;base;"Respaldo convertido desde el precio base USD; no es precio local confirmado."
MQ-LIJAD;Lijadora de pared con aspiración para acabado de juntas.;maquinaria;h;EC;USD;2.1;;;"Precio base USD convertido; respaldo provisional, revisar con proveedor";2026-08-19;provisional;por_verificar;no;base;"Respaldo convertido desde el precio base USD; no es precio local confirmado."
MQ-ROZAD;Rozadora eléctrica de doble disco de diamante con captación de polvo.;maquinaria;h;CO;COP;13140.33;;;"Precio base USD convertido; respaldo provisional, revisar con proveedor";2026-08-19;provisional;por_verificar;no;base;"Respaldo convertido desde el precio base USD; no es precio local confirmado."
MQ-ROZAD;Rozadora eléctrica de doble disco de diamante con captación de polvo.;maquinaria;h;PE;PEN;14.154;;;"Precio base USD convertido; respaldo provisional, revisar con proveedor";2026-08-19;provisional;por_verificar;no;base;"Respaldo convertido desde el precio base USD; no es precio local confirmado."
MQ-ROZAD;Rozadora eléctrica de doble disco de diamante con captación de polvo.;maquinaria;h;MX;MXN;71.652;;;"Precio base USD convertido; respaldo provisional, revisar con proveedor";2026-08-19;provisional;por_verificar;no;base;"Respaldo convertido desde el precio base USD; no es precio local confirmado."
MQ-ROZAD;Rozadora eléctrica de doble disco de diamante con captación de polvo.;maquinaria;h;EC;USD;4.2;;;"Precio base USD convertido; respaldo provisional, revisar con proveedor";2026-08-19;provisional;por_verificar;no;base;"Respaldo convertido desde el precio base USD; no es precio local confirmado."
MQ-TERMOF;Termofusora para tubería de polipropileno PPR, incluida amortización.;maquinaria;h;CO;COP;5631.57;;;"Precio base USD convertido; respaldo provisional, revisar con proveedor";2026-08-19;provisional;por_verificar;no;base;"Respaldo convertido desde el precio base USD; no es precio local confirmado."
MQ-TERMOF;Termofusora para tubería de polipropileno PPR, incluida amortización.;maquinaria;h;PE;PEN;6.066;;;"Precio base USD convertido; respaldo provisional, revisar con proveedor";2026-08-19;provisional;por_verificar;no;base;"Respaldo convertido desde el precio base USD; no es precio local confirmado."
MQ-TERMOF;Termofusora para tubería de polipropileno PPR, incluida amortización.;maquinaria;h;MX;MXN;30.708;;;"Precio base USD convertido; respaldo provisional, revisar con proveedor";2026-08-19;provisional;por_verificar;no;base;"Respaldo convertido desde el precio base USD; no es precio local confirmado."
MQ-TERMOF;Termofusora para tubería de polipropileno PPR, incluida amortización.;maquinaria;h;EC;USD;1.8;;;"Precio base USD convertido; respaldo provisional, revisar con proveedor";2026-08-19;provisional;por_verificar;no;base;"Respaldo convertido desde el precio base USD; no es precio local confirmado."
MQ-RODILLO;Equipo de aplicación de pintura: rodillos, brochas, cubetas y andamio bajo.;maquinaria;h;CO;COP;2815.785;;;"Precio base USD convertido; respaldo provisional, revisar con proveedor";2026-08-19;provisional;por_verificar;no;base;"Respaldo convertido desde el precio base USD; no es precio local confirmado."
MQ-RODILLO;Equipo de aplicación de pintura: rodillos, brochas, cubetas y andamio bajo.;maquinaria;h;PE;PEN;3.033;;;"Precio base USD convertido; respaldo provisional, revisar con proveedor";2026-08-19;provisional;por_verificar;no;base;"Respaldo convertido desde el precio base USD; no es precio local confirmado."
MQ-RODILLO;Equipo de aplicación de pintura: rodillos, brochas, cubetas y andamio bajo.;maquinaria;h;MX;MXN;15.354;;;"Precio base USD convertido; respaldo provisional, revisar con proveedor";2026-08-19;provisional;por_verificar;no;base;"Respaldo convertido desde el precio base USD; no es precio local confirmado."
MQ-RODILLO;Equipo de aplicación de pintura: rodillos, brochas, cubetas y andamio bajo.;maquinaria;h;EC;USD;0.9;;;"Precio base USD convertido; respaldo provisional, revisar con proveedor";2026-08-19;provisional;por_verificar;no;base;"Respaldo convertido desde el precio base USD; no es precio local confirmado."
MQ-VOLQ;Camión volqueta de 6 m³ con chofer, para transporte de escombro a vertedero.;maquinaria;h;CO;COP;56315.7;;;"Precio base USD convertido; respaldo provisional, revisar con proveedor";2026-08-19;provisional;por_verificar;no;base;"Respaldo convertido desde el precio base USD; no es precio local confirmado."
MQ-VOLQ;Camión volqueta de 6 m³ con chofer, para transporte de escombro a vertedero.;maquinaria;h;PE;PEN;60.66;;;"Precio base USD convertido; respaldo provisional, revisar con proveedor";2026-08-19;provisional;por_verificar;no;base;"Respaldo convertido desde el precio base USD; no es precio local confirmado."
MQ-VOLQ;Camión volqueta de 6 m³ con chofer, para transporte de escombro a vertedero.;maquinaria;h;MX;MXN;307.08;;;"Precio base USD convertido; respaldo provisional, revisar con proveedor";2026-08-19;provisional;por_verificar;no;base;"Respaldo convertido desde el precio base USD; no es precio local confirmado."
MQ-VOLQ;Camión volqueta de 6 m³ con chofer, para transporte de escombro a vertedero.;maquinaria;h;EC;USD;18;;;"Precio base USD convertido; respaldo provisional, revisar con proveedor";2026-08-19;provisional;por_verificar;no;base;"Respaldo convertido desde el precio base USD; no es precio local confirmado."
MQ-MEZCL;Mezcladora de concreto y mortero de 1 saco, incluida amortización y combustible.;maquinaria;h;CO;COP;11263.14;;;"Precio base USD convertido; respaldo provisional, revisar con proveedor";2026-08-19;provisional;por_verificar;no;base;"Respaldo convertido desde el precio base USD; no es precio local confirmado."
MQ-MEZCL;Mezcladora de concreto y mortero de 1 saco, incluida amortización y combustible.;maquinaria;h;PE;PEN;12.132;;;"Precio base USD convertido; respaldo provisional, revisar con proveedor";2026-08-19;provisional;por_verificar;no;base;"Respaldo convertido desde el precio base USD; no es precio local confirmado."
MQ-MEZCL;Mezcladora de concreto y mortero de 1 saco, incluida amortización y combustible.;maquinaria;h;MX;MXN;61.416;;;"Precio base USD convertido; respaldo provisional, revisar con proveedor";2026-08-19;provisional;por_verificar;no;base;"Respaldo convertido desde el precio base USD; no es precio local confirmado."
MQ-MEZCL;Mezcladora de concreto y mortero de 1 saco, incluida amortización y combustible.;maquinaria;h;EC;USD;3.6;;;"Precio base USD convertido; respaldo provisional, revisar con proveedor";2026-08-19;provisional;por_verificar;no;base;"Respaldo convertido desde el precio base USD; no es precio local confirmado."
MQ-MART-NEUM;Martillo neumático con compresor de aire, para demolición de concreto y pisos de alta dureza.;maquinaria;h;CO;COP;37543.8;;;"Precio base USD convertido; respaldo provisional, revisar con proveedor";2026-08-19;provisional;por_verificar;no;base;"Respaldo convertido desde el precio base USD; no es precio local confirmado."
MQ-MART-NEUM;Martillo neumático con compresor de aire, para demolición de concreto y pisos de alta dureza.;maquinaria;h;PE;PEN;40.44;;;"Precio base USD convertido; respaldo provisional, revisar con proveedor";2026-08-19;provisional;por_verificar;no;base;"Respaldo convertido desde el precio base USD; no es precio local confirmado."
MQ-MART-NEUM;Martillo neumático con compresor de aire, para demolición de concreto y pisos de alta dureza.;maquinaria;h;MX;MXN;204.72;;;"Precio base USD convertido; respaldo provisional, revisar con proveedor";2026-08-19;provisional;por_verificar;no;base;"Respaldo convertido desde el precio base USD; no es precio local confirmado."
MQ-MART-NEUM;Martillo neumático con compresor de aire, para demolición de concreto y pisos de alta dureza.;maquinaria;h;EC;USD;12;;;"Precio base USD convertido; respaldo provisional, revisar con proveedor";2026-08-19;provisional;por_verificar;no;base;"Respaldo convertido desde el precio base USD; no es precio local confirmado."
MQ-AMOLA;Amoladora angular con disco de diamante, para corte perimetral y de juntas.;maquinaria;h;CO;COP;7508.76;;;"Precio base USD convertido; respaldo provisional, revisar con proveedor";2026-08-19;provisional;por_verificar;no;base;"Respaldo convertido desde el precio base USD; no es precio local confirmado."
MQ-AMOLA;Amoladora angular con disco de diamante, para corte perimetral y de juntas.;maquinaria;h;PE;PEN;8.088;;;"Precio base USD convertido; respaldo provisional, revisar con proveedor";2026-08-19;provisional;por_verificar;no;base;"Respaldo convertido desde el precio base USD; no es precio local confirmado."
MQ-AMOLA;Amoladora angular con disco de diamante, para corte perimetral y de juntas.;maquinaria;h;MX;MXN;40.944;;;"Precio base USD convertido; respaldo provisional, revisar con proveedor";2026-08-19;provisional;por_verificar;no;base;"Respaldo convertido desde el precio base USD; no es precio local confirmado."
MQ-AMOLA;Amoladora angular con disco de diamante, para corte perimetral y de juntas.;maquinaria;h;EC;USD;2.4;;;"Precio base USD convertido; respaldo provisional, revisar con proveedor";2026-08-19;provisional;por_verificar;no;base;"Respaldo convertido desde el precio base USD; no es precio local confirmado."
MQ-ANDAMIO;Andamio tubular o de borriquetas para trabajos en altura, incluido montaje y desmontaje amortizados.;maquinaria;h;CO;COP;5944.435;;;"Precio base USD convertido; respaldo provisional, revisar con proveedor";2026-08-19;provisional;por_verificar;no;base;"Respaldo convertido desde el precio base USD; no es precio local confirmado."
MQ-ANDAMIO;Andamio tubular o de borriquetas para trabajos en altura, incluido montaje y desmontaje amortizados.;maquinaria;h;PE;PEN;6.403;;;"Precio base USD convertido; respaldo provisional, revisar con proveedor";2026-08-19;provisional;por_verificar;no;base;"Respaldo convertido desde el precio base USD; no es precio local confirmado."
MQ-ANDAMIO;Andamio tubular o de borriquetas para trabajos en altura, incluido montaje y desmontaje amortizados.;maquinaria;h;MX;MXN;32.414;;;"Precio base USD convertido; respaldo provisional, revisar con proveedor";2026-08-19;provisional;por_verificar;no;base;"Respaldo convertido desde el precio base USD; no es precio local confirmado."
MQ-ANDAMIO;Andamio tubular o de borriquetas para trabajos en altura, incluido montaje y desmontaje amortizados.;maquinaria;h;EC;USD;1.9;;;"Precio base USD convertido; respaldo provisional, revisar con proveedor";2026-08-19;provisional;por_verificar;no;base;"Respaldo convertido desde el precio base USD; no es precio local confirmado."
MQ-RETRO;Retroexcavadora o minicargadora con martillo hidráulico y operador.;maquinaria;h;CO;COP;109502.75;;;"Precio base USD convertido; respaldo provisional, revisar con proveedor";2026-08-19;provisional;por_verificar;no;base;"Respaldo convertido desde el precio base USD; no es precio local confirmado."
MQ-RETRO;Retroexcavadora o minicargadora con martillo hidráulico y operador.;maquinaria;h;PE;PEN;117.95;;;"Precio base USD convertido; respaldo provisional, revisar con proveedor";2026-08-19;provisional;por_verificar;no;base;"Respaldo convertido desde el precio base USD; no es precio local confirmado."
MQ-RETRO;Retroexcavadora o minicargadora con martillo hidráulico y operador.;maquinaria;h;MX;MXN;597.1;;;"Precio base USD convertido; respaldo provisional, revisar con proveedor";2026-08-19;provisional;por_verificar;no;base;"Respaldo convertido desde el precio base USD; no es precio local confirmado."
MQ-RETRO;Retroexcavadora o minicargadora con martillo hidráulico y operador.;maquinaria;h;EC;USD;35;;;"Precio base USD convertido; respaldo provisional, revisar con proveedor";2026-08-19;provisional;por_verificar;no;base;"Respaldo convertido desde el precio base USD; no es precio local confirmado."
MQ-OXICORTE;Equipo de oxicorte para desguace de estructuras y elementos metálicos.;maquinaria;h;CO;COP;15017.52;;;"Precio base USD convertido; respaldo provisional, revisar con proveedor";2026-08-19;provisional;por_verificar;no;base;"Respaldo convertido desde el precio base USD; no es precio local confirmado."
MQ-OXICORTE;Equipo de oxicorte para desguace de estructuras y elementos metálicos.;maquinaria;h;PE;PEN;16.176;;;"Precio base USD convertido; respaldo provisional, revisar con proveedor";2026-08-19;provisional;por_verificar;no;base;"Respaldo convertido desde el precio base USD; no es precio local confirmado."
MQ-OXICORTE;Equipo de oxicorte para desguace de estructuras y elementos metálicos.;maquinaria;h;MX;MXN;81.888;;;"Precio base USD convertido; respaldo provisional, revisar con proveedor";2026-08-19;provisional;por_verificar;no;base;"Respaldo convertido desde el precio base USD; no es precio local confirmado."
MQ-OXICORTE;Equipo de oxicorte para desguace de estructuras y elementos metálicos.;maquinaria;h;EC;USD;4.8;;;"Precio base USD convertido; respaldo provisional, revisar con proveedor";2026-08-19;provisional;por_verificar;no;base;"Respaldo convertido desde el precio base USD; no es precio local confirmado."
MQ-SIERRA;Sierra circular o motosierra para corte de elementos de madera.;maquinaria;h;CO;COP;9073.085;;;"Precio base USD convertido; respaldo provisional, revisar con proveedor";2026-08-19;provisional;por_verificar;no;base;"Respaldo convertido desde el precio base USD; no es precio local confirmado."
MQ-SIERRA;Sierra circular o motosierra para corte de elementos de madera.;maquinaria;h;PE;PEN;9.773;;;"Precio base USD convertido; respaldo provisional, revisar con proveedor";2026-08-19;provisional;por_verificar;no;base;"Respaldo convertido desde el precio base USD; no es precio local confirmado."
MQ-SIERRA;Sierra circular o motosierra para corte de elementos de madera.;maquinaria;h;MX;MXN;49.474;;;"Precio base USD convertido; respaldo provisional, revisar con proveedor";2026-08-19;provisional;por_verificar;no;base;"Respaldo convertido desde el precio base USD; no es precio local confirmado."
MQ-SIERRA;Sierra circular o motosierra para corte de elementos de madera.;maquinaria;h;EC;USD;2.9;;;"Precio base USD convertido; respaldo provisional, revisar con proveedor";2026-08-19;provisional;por_verificar;no;base;"Respaldo convertido desde el precio base USD; no es precio local confirmado."
MQ-MONTAC;Montacargas o pluma de obra para bajada de material desde plantas altas.;maquinaria;h;CO;COP;29722.175;;;"Precio base USD convertido; respaldo provisional, revisar con proveedor";2026-08-19;provisional;por_verificar;no;base;"Respaldo convertido desde el precio base USD; no es precio local confirmado."
MQ-MONTAC;Montacargas o pluma de obra para bajada de material desde plantas altas.;maquinaria;h;PE;PEN;32.015;;;"Precio base USD convertido; respaldo provisional, revisar con proveedor";2026-08-19;provisional;por_verificar;no;base;"Respaldo convertido desde el precio base USD; no es precio local confirmado."
MQ-MONTAC;Montacargas o pluma de obra para bajada de material desde plantas altas.;maquinaria;h;MX;MXN;162.07;;;"Precio base USD convertido; respaldo provisional, revisar con proveedor";2026-08-19;provisional;por_verificar;no;base;"Respaldo convertido desde el precio base USD; no es precio local confirmado."
MQ-MONTAC;Montacargas o pluma de obra para bajada de material desde plantas altas.;maquinaria;h;EC;USD;9.5;;;"Precio base USD convertido; respaldo provisional, revisar con proveedor";2026-08-19;provisional;por_verificar;no;base;"Respaldo convertido desde el precio base USD; no es precio local confirmado."
MQ-DETECTOR;Detector electrónico de instalaciones empotradas, para localizar tuberías, cables y armaduras sin picar.;maquinaria;h;CO;COP;8134.49;;;"Precio base USD convertido; respaldo provisional, revisar con proveedor";2026-08-19;provisional;por_verificar;no;base;"Respaldo convertido desde el precio base USD; no es precio local confirmado."
MQ-DETECTOR;Detector electrónico de instalaciones empotradas, para localizar tuberías, cables y armaduras sin picar.;maquinaria;h;PE;PEN;8.762;;;"Precio base USD convertido; respaldo provisional, revisar con proveedor";2026-08-19;provisional;por_verificar;no;base;"Respaldo convertido desde el precio base USD; no es precio local confirmado."
MQ-DETECTOR;Detector electrónico de instalaciones empotradas, para localizar tuberías, cables y armaduras sin picar.;maquinaria;h;MX;MXN;44.356;;;"Precio base USD convertido; respaldo provisional, revisar con proveedor";2026-08-19;provisional;por_verificar;no;base;"Respaldo convertido desde el precio base USD; no es precio local confirmado."
MQ-DETECTOR;Detector electrónico de instalaciones empotradas, para localizar tuberías, cables y armaduras sin picar.;maquinaria;h;EC;USD;2.6;;;"Precio base USD convertido; respaldo provisional, revisar con proveedor";2026-08-19;provisional;por_verificar;no;base;"Respaldo convertido desde el precio base USD; no es precio local confirmado."
MQ-TALADRO;Taladro percutor con brocas, incluida amortización y consumo.;maquinaria;h;CO;COP;4692.975;;;"Precio base USD convertido; respaldo provisional, revisar con proveedor";2026-08-19;provisional;por_verificar;no;base;"Respaldo convertido desde el precio base USD; no es precio local confirmado."
MQ-TALADRO;Taladro percutor con brocas, incluida amortización y consumo.;maquinaria;h;PE;PEN;5.055;;;"Precio base USD convertido; respaldo provisional, revisar con proveedor";2026-08-19;provisional;por_verificar;no;base;"Respaldo convertido desde el precio base USD; no es precio local confirmado."
MQ-TALADRO;Taladro percutor con brocas, incluida amortización y consumo.;maquinaria;h;MX;MXN;25.59;;;"Precio base USD convertido; respaldo provisional, revisar con proveedor";2026-08-19;provisional;por_verificar;no;base;"Respaldo convertido desde el precio base USD; no es precio local confirmado."
MQ-TALADRO;Taladro percutor con brocas, incluida amortización y consumo.;maquinaria;h;EC;USD;1.5;;;"Precio base USD convertido; respaldo provisional, revisar con proveedor";2026-08-19;provisional;por_verificar;no;base;"Respaldo convertido desde el precio base USD; no es precio local confirmado."
MQ-NIVEL-LASER;Nivel láser autonivelante y equipo de medición para replanteo.;maquinaria;h;CO;COP;6883.03;;;"Precio base USD convertido; respaldo provisional, revisar con proveedor";2026-08-19;provisional;por_verificar;no;base;"Respaldo convertido desde el precio base USD; no es precio local confirmado."
MQ-NIVEL-LASER;Nivel láser autonivelante y equipo de medición para replanteo.;maquinaria;h;PE;PEN;7.414;;;"Precio base USD convertido; respaldo provisional, revisar con proveedor";2026-08-19;provisional;por_verificar;no;base;"Respaldo convertido desde el precio base USD; no es precio local confirmado."
MQ-NIVEL-LASER;Nivel láser autonivelante y equipo de medición para replanteo.;maquinaria;h;MX;MXN;37.532;;;"Precio base USD convertido; respaldo provisional, revisar con proveedor";2026-08-19;provisional;por_verificar;no;base;"Respaldo convertido desde el precio base USD; no es precio local confirmado."
MQ-NIVEL-LASER;Nivel láser autonivelante y equipo de medición para replanteo.;maquinaria;h;EC;USD;2.2;;;"Precio base USD convertido; respaldo provisional, revisar con proveedor";2026-08-19;provisional;por_verificar;no;base;"Respaldo convertido desde el precio base USD; no es precio local confirmado."
MQ-BANO-PORT;Alquiler mensual de baño portátil de obra, incluido su mantenimiento y vaciado periódico.;maquinaria;ud;CO;COP;172075.75;;;"Precio base USD convertido; respaldo provisional, revisar con proveedor";2026-08-19;provisional;por_verificar;no;base;"Respaldo convertido desde el precio base USD; no es precio local confirmado."
MQ-BANO-PORT;Alquiler mensual de baño portátil de obra, incluido su mantenimiento y vaciado periódico.;maquinaria;ud;PE;PEN;185.35;;;"Precio base USD convertido; respaldo provisional, revisar con proveedor";2026-08-19;provisional;por_verificar;no;base;"Respaldo convertido desde el precio base USD; no es precio local confirmado."
MQ-BANO-PORT;Alquiler mensual de baño portátil de obra, incluido su mantenimiento y vaciado periódico.;maquinaria;ud;MX;MXN;938.3;;;"Precio base USD convertido; respaldo provisional, revisar con proveedor";2026-08-19;provisional;por_verificar;no;base;"Respaldo convertido desde el precio base USD; no es precio local confirmado."
MQ-BANO-PORT;Alquiler mensual de baño portátil de obra, incluido su mantenimiento y vaciado periódico.;maquinaria;ud;EC;USD;55;;;"Precio base USD convertido; respaldo provisional, revisar con proveedor";2026-08-19;provisional;por_verificar;no;base;"Respaldo convertido desde el precio base USD; no es precio local confirmado."
MQ-COMPACT-SALTO;Compactador vibratorio de impacto tipo canguro, para compactación de zanjas y espacios reducidos.;maquinaria;h;CO;COP;14078.925;;;"Precio base USD convertido; respaldo provisional, revisar con proveedor";2026-08-19;provisional;por_verificar;no;base;"Respaldo convertido desde el precio base USD; no es precio local confirmado."
MQ-COMPACT-SALTO;Compactador vibratorio de impacto tipo canguro, para compactación de zanjas y espacios reducidos.;maquinaria;h;PE;PEN;15.165;;;"Precio base USD convertido; respaldo provisional, revisar con proveedor";2026-08-19;provisional;por_verificar;no;base;"Respaldo convertido desde el precio base USD; no es precio local confirmado."
MQ-COMPACT-SALTO;Compactador vibratorio de impacto tipo canguro, para compactación de zanjas y espacios reducidos.;maquinaria;h;MX;MXN;76.77;;;"Precio base USD convertido; respaldo provisional, revisar con proveedor";2026-08-19;provisional;por_verificar;no;base;"Respaldo convertido desde el precio base USD; no es precio local confirmado."
MQ-COMPACT-SALTO;Compactador vibratorio de impacto tipo canguro, para compactación de zanjas y espacios reducidos.;maquinaria;h;EC;USD;4.5;;;"Precio base USD convertido; respaldo provisional, revisar con proveedor";2026-08-19;provisional;por_verificar;no;base;"Respaldo convertido desde el precio base USD; no es precio local confirmado."
MQ-PLANCHA-COMP;Plancha compactadora vibratoria, para compactación de superficies y bases.;maquinaria;h;CO;COP;11888.87;;;"Precio base USD convertido; respaldo provisional, revisar con proveedor";2026-08-19;provisional;por_verificar;no;base;"Respaldo convertido desde el precio base USD; no es precio local confirmado."
MQ-PLANCHA-COMP;Plancha compactadora vibratoria, para compactación de superficies y bases.;maquinaria;h;PE;PEN;12.806;;;"Precio base USD convertido; respaldo provisional, revisar con proveedor";2026-08-19;provisional;por_verificar;no;base;"Respaldo convertido desde el precio base USD; no es precio local confirmado."
MQ-PLANCHA-COMP;Plancha compactadora vibratoria, para compactación de superficies y bases.;maquinaria;h;MX;MXN;64.828;;;"Precio base USD convertido; respaldo provisional, revisar con proveedor";2026-08-19;provisional;por_verificar;no;base;"Respaldo convertido desde el precio base USD; no es precio local confirmado."
MQ-PLANCHA-COMP;Plancha compactadora vibratoria, para compactación de superficies y bases.;maquinaria;h;EC;USD;3.8;;;"Precio base USD convertido; respaldo provisional, revisar con proveedor";2026-08-19;provisional;por_verificar;no;base;"Respaldo convertido desde el precio base USD; no es precio local confirmado."
MQ-BOMBA-ACHI;Bomba sumergible de achique con manguera de descarga, para agotamiento de excavaciones.;maquinaria;h;CO;COP;7508.76;;;"Precio base USD convertido; respaldo provisional, revisar con proveedor";2026-08-19;provisional;por_verificar;no;base;"Respaldo convertido desde el precio base USD; no es precio local confirmado."
MQ-BOMBA-ACHI;Bomba sumergible de achique con manguera de descarga, para agotamiento de excavaciones.;maquinaria;h;PE;PEN;8.088;;;"Precio base USD convertido; respaldo provisional, revisar con proveedor";2026-08-19;provisional;por_verificar;no;base;"Respaldo convertido desde el precio base USD; no es precio local confirmado."
MQ-BOMBA-ACHI;Bomba sumergible de achique con manguera de descarga, para agotamiento de excavaciones.;maquinaria;h;MX;MXN;40.944;;;"Precio base USD convertido; respaldo provisional, revisar con proveedor";2026-08-19;provisional;por_verificar;no;base;"Respaldo convertido desde el precio base USD; no es precio local confirmado."
MQ-BOMBA-ACHI;Bomba sumergible de achique con manguera de descarga, para agotamiento de excavaciones.;maquinaria;h;EC;USD;2.4;;;"Precio base USD convertido; respaldo provisional, revisar con proveedor";2026-08-19;provisional;por_verificar;no;base;"Respaldo convertido desde el precio base USD; no es precio local confirmado."
MQ-DESBROZ;Desbrozadora de motor con hilo y disco, para limpieza de vegetación.;maquinaria;h;CO;COP;8447.355;;;"Precio base USD convertido; respaldo provisional, revisar con proveedor";2026-08-19;provisional;por_verificar;no;base;"Respaldo convertido desde el precio base USD; no es precio local confirmado."
MQ-DESBROZ;Desbrozadora de motor con hilo y disco, para limpieza de vegetación.;maquinaria;h;PE;PEN;9.099;;;"Precio base USD convertido; respaldo provisional, revisar con proveedor";2026-08-19;provisional;por_verificar;no;base;"Respaldo convertido desde el precio base USD; no es precio local confirmado."
MQ-DESBROZ;Desbrozadora de motor con hilo y disco, para limpieza de vegetación.;maquinaria;h;MX;MXN;46.062;;;"Precio base USD convertido; respaldo provisional, revisar con proveedor";2026-08-19;provisional;por_verificar;no;base;"Respaldo convertido desde el precio base USD; no es precio local confirmado."
MQ-DESBROZ;Desbrozadora de motor con hilo y disco, para limpieza de vegetación.;maquinaria;h;EC;USD;2.7;;;"Precio base USD convertido; respaldo provisional, revisar con proveedor";2026-08-19;provisional;por_verificar;no;base;"Respaldo convertido desde el precio base USD; no es precio local confirmado."
MQ-VIBRADOR;Vibrador de aguja con motor, para compactación de concreto.;maquinaria;h;CO;COP;10637.41;;;"Precio base USD convertido; respaldo provisional, revisar con proveedor";2026-08-19;provisional;por_verificar;no;base;"Respaldo convertido desde el precio base USD; no es precio local confirmado."
MQ-VIBRADOR;Vibrador de aguja con motor, para compactación de concreto.;maquinaria;h;PE;PEN;11.458;;;"Precio base USD convertido; respaldo provisional, revisar con proveedor";2026-08-19;provisional;por_verificar;no;base;"Respaldo convertido desde el precio base USD; no es precio local confirmado."
MQ-VIBRADOR;Vibrador de aguja con motor, para compactación de concreto.;maquinaria;h;MX;MXN;58.004;;;"Precio base USD convertido; respaldo provisional, revisar con proveedor";2026-08-19;provisional;por_verificar;no;base;"Respaldo convertido desde el precio base USD; no es precio local confirmado."
MQ-VIBRADOR;Vibrador de aguja con motor, para compactación de concreto.;maquinaria;h;EC;USD;3.4;;;"Precio base USD convertido; respaldo provisional, revisar con proveedor";2026-08-19;provisional;por_verificar;no;base;"Respaldo convertido desde el precio base USD; no es precio local confirmado."
MQ-CIZALLA;Cizalla y dobladora de cabillas, incluida su amortización.;maquinaria;h;CO;COP;6570.165;;;"Precio base USD convertido; respaldo provisional, revisar con proveedor";2026-08-19;provisional;por_verificar;no;base;"Respaldo convertido desde el precio base USD; no es precio local confirmado."
MQ-CIZALLA;Cizalla y dobladora de cabillas, incluida su amortización.;maquinaria;h;PE;PEN;7.077;;;"Precio base USD convertido; respaldo provisional, revisar con proveedor";2026-08-19;provisional;por_verificar;no;base;"Respaldo convertido desde el precio base USD; no es precio local confirmado."
MQ-CIZALLA;Cizalla y dobladora de cabillas, incluida su amortización.;maquinaria;h;MX;MXN;35.826;;;"Precio base USD convertido; respaldo provisional, revisar con proveedor";2026-08-19;provisional;por_verificar;no;base;"Respaldo convertido desde el precio base USD; no es precio local confirmado."
MQ-CIZALLA;Cizalla y dobladora de cabillas, incluida su amortización.;maquinaria;h;EC;USD;2.1;;;"Precio base USD convertido; respaldo provisional, revisar con proveedor";2026-08-19;provisional;por_verificar;no;base;"Respaldo convertido desde el precio base USD; no es precio local confirmado."
MQ-BOMBA-CONC;Bomba de concreto con su operador, para vaciados de difícil acceso o gran volumen.;maquinaria;h;CO;COP;140789.25;;;"Precio base USD convertido; respaldo provisional, revisar con proveedor";2026-08-19;provisional;por_verificar;no;base;"Respaldo convertido desde el precio base USD; no es precio local confirmado."
MQ-BOMBA-CONC;Bomba de concreto con su operador, para vaciados de difícil acceso o gran volumen.;maquinaria;h;PE;PEN;151.65;;;"Precio base USD convertido; respaldo provisional, revisar con proveedor";2026-08-19;provisional;por_verificar;no;base;"Respaldo convertido desde el precio base USD; no es precio local confirmado."
MQ-BOMBA-CONC;Bomba de concreto con su operador, para vaciados de difícil acceso o gran volumen.;maquinaria;h;MX;MXN;767.7;;;"Precio base USD convertido; respaldo provisional, revisar con proveedor";2026-08-19;provisional;por_verificar;no;base;"Respaldo convertido desde el precio base USD; no es precio local confirmado."
MQ-BOMBA-CONC;Bomba de concreto con su operador, para vaciados de difícil acceso o gran volumen.;maquinaria;h;EC;USD;45;;;"Precio base USD convertido; respaldo provisional, revisar con proveedor";2026-08-19;provisional;por_verificar;no;base;"Respaldo convertido desde el precio base USD; no es precio local confirmado."
MQ-PERF-PILOTE;Equipo de perforación rotatoria para pilotes vaciados en sitio, con operador.;maquinaria;h;CO;COP;172075.75;;;"Precio base USD convertido; respaldo provisional, revisar con proveedor";2026-08-19;provisional;por_verificar;no;base;"Respaldo convertido desde el precio base USD; no es precio local confirmado."
MQ-PERF-PILOTE;Equipo de perforación rotatoria para pilotes vaciados en sitio, con operador.;maquinaria;h;PE;PEN;185.35;;;"Precio base USD convertido; respaldo provisional, revisar con proveedor";2026-08-19;provisional;por_verificar;no;base;"Respaldo convertido desde el precio base USD; no es precio local confirmado."
MQ-PERF-PILOTE;Equipo de perforación rotatoria para pilotes vaciados en sitio, con operador.;maquinaria;h;MX;MXN;938.3;;;"Precio base USD convertido; respaldo provisional, revisar con proveedor";2026-08-19;provisional;por_verificar;no;base;"Respaldo convertido desde el precio base USD; no es precio local confirmado."
MQ-PERF-PILOTE;Equipo de perforación rotatoria para pilotes vaciados en sitio, con operador.;maquinaria;h;EC;USD;55;;;"Precio base USD convertido; respaldo provisional, revisar con proveedor";2026-08-19;provisional;por_verificar;no;base;"Respaldo convertido desde el precio base USD; no es precio local confirmado."
MQ-ALISADORA;Alisadora mecánica de concreto tipo helicóptero, para acabado de losas.;maquinaria;h;CO;COP;16268.98;;;"Precio base USD convertido; respaldo provisional, revisar con proveedor";2026-08-19;provisional;por_verificar;no;base;"Respaldo convertido desde el precio base USD; no es precio local confirmado."
MQ-ALISADORA;Alisadora mecánica de concreto tipo helicóptero, para acabado de losas.;maquinaria;h;PE;PEN;17.524;;;"Precio base USD convertido; respaldo provisional, revisar con proveedor";2026-08-19;provisional;por_verificar;no;base;"Respaldo convertido desde el precio base USD; no es precio local confirmado."
MQ-ALISADORA;Alisadora mecánica de concreto tipo helicóptero, para acabado de losas.;maquinaria;h;MX;MXN;88.712;;;"Precio base USD convertido; respaldo provisional, revisar con proveedor";2026-08-19;provisional;por_verificar;no;base;"Respaldo convertido desde el precio base USD; no es precio local confirmado."
MQ-ALISADORA;Alisadora mecánica de concreto tipo helicóptero, para acabado de losas.;maquinaria;h;EC;USD;5.2;;;"Precio base USD convertido; respaldo provisional, revisar con proveedor";2026-08-19;provisional;por_verificar;no;base;"Respaldo convertido desde el precio base USD; no es precio local confirmado."
MQ-SOLDADORA;Equipo de soldadura eléctrica por arco con sus accesorios, incluida amortización y consumo.;maquinaria;h;CO;COP;11263.14;;;"Precio base USD convertido; respaldo provisional, revisar con proveedor";2026-08-19;provisional;por_verificar;no;base;"Respaldo convertido desde el precio base USD; no es precio local confirmado."
MQ-SOLDADORA;Equipo de soldadura eléctrica por arco con sus accesorios, incluida amortización y consumo.;maquinaria;h;PE;PEN;12.132;;;"Precio base USD convertido; respaldo provisional, revisar con proveedor";2026-08-19;provisional;por_verificar;no;base;"Respaldo convertido desde el precio base USD; no es precio local confirmado."
MQ-SOLDADORA;Equipo de soldadura eléctrica por arco con sus accesorios, incluida amortización y consumo.;maquinaria;h;MX;MXN;61.416;;;"Precio base USD convertido; respaldo provisional, revisar con proveedor";2026-08-19;provisional;por_verificar;no;base;"Respaldo convertido desde el precio base USD; no es precio local confirmado."
MQ-SOLDADORA;Equipo de soldadura eléctrica por arco con sus accesorios, incluida amortización y consumo.;maquinaria;h;EC;USD;3.6;;;"Precio base USD convertido; respaldo provisional, revisar con proveedor";2026-08-19;provisional;por_verificar;no;base;"Respaldo convertido desde el precio base USD; no es precio local confirmado."
MQ-GRUA;Camión grúa o grúa móvil con operador, para izado y montaje de elementos estructurales.;maquinaria;h;CO;COP;150175.2;;;"Precio base USD convertido; respaldo provisional, revisar con proveedor";2026-08-19;provisional;por_verificar;no;base;"Respaldo convertido desde el precio base USD; no es precio local confirmado."
MQ-GRUA;Camión grúa o grúa móvil con operador, para izado y montaje de elementos estructurales.;maquinaria;h;PE;PEN;161.76;;;"Precio base USD convertido; respaldo provisional, revisar con proveedor";2026-08-19;provisional;por_verificar;no;base;"Respaldo convertido desde el precio base USD; no es precio local confirmado."
MQ-GRUA;Camión grúa o grúa móvil con operador, para izado y montaje de elementos estructurales.;maquinaria;h;MX;MXN;818.88;;;"Precio base USD convertido; respaldo provisional, revisar con proveedor";2026-08-19;provisional;por_verificar;no;base;"Respaldo convertido desde el precio base USD; no es precio local confirmado."
MQ-GRUA;Camión grúa o grúa móvil con operador, para izado y montaje de elementos estructurales.;maquinaria;h;EC;USD;48;;;"Precio base USD convertido; respaldo provisional, revisar con proveedor";2026-08-19;provisional;por_verificar;no;base;"Respaldo convertido desde el precio base USD; no es precio local confirmado."
MQ-INYECTORA;Equipo de inyección de resinas a baja presión, con sus boquillas y mangueras.;maquinaria;h;CO;COP;13140.33;;;"Precio base USD convertido; respaldo provisional, revisar con proveedor";2026-08-19;provisional;por_verificar;no;base;"Respaldo convertido desde el precio base USD; no es precio local confirmado."
MQ-INYECTORA;Equipo de inyección de resinas a baja presión, con sus boquillas y mangueras.;maquinaria;h;PE;PEN;14.154;;;"Precio base USD convertido; respaldo provisional, revisar con proveedor";2026-08-19;provisional;por_verificar;no;base;"Respaldo convertido desde el precio base USD; no es precio local confirmado."
MQ-INYECTORA;Equipo de inyección de resinas a baja presión, con sus boquillas y mangueras.;maquinaria;h;MX;MXN;71.652;;;"Precio base USD convertido; respaldo provisional, revisar con proveedor";2026-08-19;provisional;por_verificar;no;base;"Respaldo convertido desde el precio base USD; no es precio local confirmado."
MQ-INYECTORA;Equipo de inyección de resinas a baja presión, con sus boquillas y mangueras.;maquinaria;h;EC;USD;4.2;;;"Precio base USD convertido; respaldo provisional, revisar con proveedor";2026-08-19;provisional;por_verificar;no;base;"Respaldo convertido desde el precio base USD; no es precio local confirmado."
MQ-ESMERIL;Esmeriladora y cepillo de púas para limpieza y preparación de superficies metálicas.;maquinaria;h;CO;COP;7195.895;;;"Precio base USD convertido; respaldo provisional, revisar con proveedor";2026-08-19;provisional;por_verificar;no;base;"Respaldo convertido desde el precio base USD; no es precio local confirmado."
MQ-ESMERIL;Esmeriladora y cepillo de púas para limpieza y preparación de superficies metálicas.;maquinaria;h;PE;PEN;7.751;;;"Precio base USD convertido; respaldo provisional, revisar con proveedor";2026-08-19;provisional;por_verificar;no;base;"Respaldo convertido desde el precio base USD; no es precio local confirmado."
MQ-ESMERIL;Esmeriladora y cepillo de púas para limpieza y preparación de superficies metálicas.;maquinaria;h;MX;MXN;39.238;;;"Precio base USD convertido; respaldo provisional, revisar con proveedor";2026-08-19;provisional;por_verificar;no;base;"Respaldo convertido desde el precio base USD; no es precio local confirmado."
MQ-ESMERIL;Esmeriladora y cepillo de púas para limpieza y preparación de superficies metálicas.;maquinaria;h;EC;USD;2.3;;;"Precio base USD convertido; respaldo provisional, revisar con proveedor";2026-08-19;provisional;por_verificar;no;base;"Respaldo convertido desde el precio base USD; no es precio local confirmado."
MQ-PROYECT-MORT;Máquina de proyección de mortero y pasta de yeso, con su compresor y mangueras.;maquinaria;h;CO;COP;21274.82;;;"Precio base USD convertido; respaldo provisional, revisar con proveedor";2026-08-19;provisional;por_verificar;no;base;"Respaldo convertido desde el precio base USD; no es precio local confirmado."
MQ-PROYECT-MORT;Máquina de proyección de mortero y pasta de yeso, con su compresor y mangueras.;maquinaria;h;PE;PEN;22.916;;;"Precio base USD convertido; respaldo provisional, revisar con proveedor";2026-08-19;provisional;por_verificar;no;base;"Respaldo convertido desde el precio base USD; no es precio local confirmado."
MQ-PROYECT-MORT;Máquina de proyección de mortero y pasta de yeso, con su compresor y mangueras.;maquinaria;h;MX;MXN;116.008;;;"Precio base USD convertido; respaldo provisional, revisar con proveedor";2026-08-19;provisional;por_verificar;no;base;"Respaldo convertido desde el precio base USD; no es precio local confirmado."
MQ-PROYECT-MORT;Máquina de proyección de mortero y pasta de yeso, con su compresor y mangueras.;maquinaria;h;EC;USD;6.8;;;"Precio base USD convertido; respaldo provisional, revisar con proveedor";2026-08-19;provisional;por_verificar;no;base;"Respaldo convertido desde el precio base USD; no es precio local confirmado."
MQ-PULIDORA;Pulidora y abrillantadora de piedra natural con aporte de agua.;maquinaria;h;CO;COP;14078.925;;;"Precio base USD convertido; respaldo provisional, revisar con proveedor";2026-08-19;provisional;por_verificar;no;base;"Respaldo convertido desde el precio base USD; no es precio local confirmado."
MQ-PULIDORA;Pulidora y abrillantadora de piedra natural con aporte de agua.;maquinaria;h;PE;PEN;15.165;;;"Precio base USD convertido; respaldo provisional, revisar con proveedor";2026-08-19;provisional;por_verificar;no;base;"Respaldo convertido desde el precio base USD; no es precio local confirmado."
MQ-PULIDORA;Pulidora y abrillantadora de piedra natural con aporte de agua.;maquinaria;h;MX;MXN;76.77;;;"Precio base USD convertido; respaldo provisional, revisar con proveedor";2026-08-19;provisional;por_verificar;no;base;"Respaldo convertido desde el precio base USD; no es precio local confirmado."
MQ-PULIDORA;Pulidora y abrillantadora de piedra natural con aporte de agua.;maquinaria;h;EC;USD;4.5;;;"Precio base USD convertido; respaldo provisional, revisar con proveedor";2026-08-19;provisional;por_verificar;no;base;"Respaldo convertido desde el precio base USD; no es precio local confirmado."
MQ-LIJAD-PISO;Lijadora de banda y orilladora para pisos de madera, con aspiración.;maquinaria;h;CO;COP;20336.225;;;"Precio base USD convertido; respaldo provisional, revisar con proveedor";2026-08-19;provisional;por_verificar;no;base;"Respaldo convertido desde el precio base USD; no es precio local confirmado."
MQ-LIJAD-PISO;Lijadora de banda y orilladora para pisos de madera, con aspiración.;maquinaria;h;PE;PEN;21.905;;;"Precio base USD convertido; respaldo provisional, revisar con proveedor";2026-08-19;provisional;por_verificar;no;base;"Respaldo convertido desde el precio base USD; no es precio local confirmado."
MQ-LIJAD-PISO;Lijadora de banda y orilladora para pisos de madera, con aspiración.;maquinaria;h;MX;MXN;110.89;;;"Precio base USD convertido; respaldo provisional, revisar con proveedor";2026-08-19;provisional;por_verificar;no;base;"Respaldo convertido desde el precio base USD; no es precio local confirmado."
MQ-LIJAD-PISO;Lijadora de banda y orilladora para pisos de madera, con aspiración.;maquinaria;h;EC;USD;6.5;;;"Precio base USD convertido; respaldo provisional, revisar con proveedor";2026-08-19;provisional;por_verificar;no;base;"Respaldo convertido desde el precio base USD; no es precio local confirmado."
MQ-ESTAMP;Juego de moldes estampadores y rodillos para concreto impreso.;maquinaria;h;CO;COP;15017.52;;;"Precio base USD convertido; respaldo provisional, revisar con proveedor";2026-08-19;provisional;por_verificar;no;base;"Respaldo convertido desde el precio base USD; no es precio local confirmado."
MQ-ESTAMP;Juego de moldes estampadores y rodillos para concreto impreso.;maquinaria;h;PE;PEN;16.176;;;"Precio base USD convertido; respaldo provisional, revisar con proveedor";2026-08-19;provisional;por_verificar;no;base;"Respaldo convertido desde el precio base USD; no es precio local confirmado."
MQ-ESTAMP;Juego de moldes estampadores y rodillos para concreto impreso.;maquinaria;h;MX;MXN;81.888;;;"Precio base USD convertido; respaldo provisional, revisar con proveedor";2026-08-19;provisional;por_verificar;no;base;"Respaldo convertido desde el precio base USD; no es precio local confirmado."
MQ-ESTAMP;Juego de moldes estampadores y rodillos para concreto impreso.;maquinaria;h;EC;USD;4.8;;;"Precio base USD convertido; respaldo provisional, revisar con proveedor";2026-08-19;provisional;por_verificar;no;base;"Respaldo convertido desde el precio base USD; no es precio local confirmado."
MQ-RECUP-GAS;Equipo de recuperación de gas refrigerante y bomba de vacío para climatización.;maquinaria;h;CO;COP;20336.225;;;"Precio base USD convertido; respaldo provisional, revisar con proveedor";2026-08-19;provisional;por_verificar;no;base;"Respaldo convertido desde el precio base USD; no es precio local confirmado."
MQ-RECUP-GAS;Equipo de recuperación de gas refrigerante y bomba de vacío para climatización.;maquinaria;h;PE;PEN;21.905;;;"Precio base USD convertido; respaldo provisional, revisar con proveedor";2026-08-19;provisional;por_verificar;no;base;"Respaldo convertido desde el precio base USD; no es precio local confirmado."
MQ-RECUP-GAS;Equipo de recuperación de gas refrigerante y bomba de vacío para climatización.;maquinaria;h;MX;MXN;110.89;;;"Precio base USD convertido; respaldo provisional, revisar con proveedor";2026-08-19;provisional;por_verificar;no;base;"Respaldo convertido desde el precio base USD; no es precio local confirmado."
MQ-RECUP-GAS;Equipo de recuperación de gas refrigerante y bomba de vacío para climatización.;maquinaria;h;EC;USD;6.5;;;"Precio base USD convertido; respaldo provisional, revisar con proveedor";2026-08-19;provisional;por_verificar;no;base;"Respaldo convertido desde el precio base USD; no es precio local confirmado."
MQ-HIDROLAV;Hidrolavadora de presión para limpieza de fachadas, pisos y acabados.;maquinaria;h;CO;COP;13140.33;;;"Precio base USD convertido; respaldo provisional, revisar con proveedor";2026-08-19;provisional;por_verificar;no;base;"Respaldo convertido desde el precio base USD; no es precio local confirmado."
MQ-HIDROLAV;Hidrolavadora de presión para limpieza de fachadas, pisos y acabados.;maquinaria;h;PE;PEN;14.154;;;"Precio base USD convertido; respaldo provisional, revisar con proveedor";2026-08-19;provisional;por_verificar;no;base;"Respaldo convertido desde el precio base USD; no es precio local confirmado."
MQ-HIDROLAV;Hidrolavadora de presión para limpieza de fachadas, pisos y acabados.;maquinaria;h;MX;MXN;71.652;;;"Precio base USD convertido; respaldo provisional, revisar con proveedor";2026-08-19;provisional;por_verificar;no;base;"Respaldo convertido desde el precio base USD; no es precio local confirmado."
MQ-HIDROLAV;Hidrolavadora de presión para limpieza de fachadas, pisos y acabados.;maquinaria;h;EC;USD;4.2;;;"Precio base USD convertido; respaldo provisional, revisar con proveedor";2026-08-19;provisional;por_verificar;no;base;"Respaldo convertido desde el precio base USD; no es precio local confirmado."
MQ-DOBLAD-TUBO;Dobladora y abocardadora de tubería de cobre para climatización y gas.;maquinaria;h;CO;COP;8134.49;;;"Precio base USD convertido; respaldo provisional, revisar con proveedor";2026-08-19;provisional;por_verificar;no;base;"Respaldo convertido desde el precio base USD; no es precio local confirmado."
MQ-DOBLAD-TUBO;Dobladora y abocardadora de tubería de cobre para climatización y gas.;maquinaria;h;PE;PEN;8.762;;;"Precio base USD convertido; respaldo provisional, revisar con proveedor";2026-08-19;provisional;por_verificar;no;base;"Respaldo convertido desde el precio base USD; no es precio local confirmado."
MQ-DOBLAD-TUBO;Dobladora y abocardadora de tubería de cobre para climatización y gas.;maquinaria;h;MX;MXN;44.356;;;"Precio base USD convertido; respaldo provisional, revisar con proveedor";2026-08-19;provisional;por_verificar;no;base;"Respaldo convertido desde el precio base USD; no es precio local confirmado."
MQ-DOBLAD-TUBO;Dobladora y abocardadora de tubería de cobre para climatización y gas.;maquinaria;h;EC;USD;2.6;;;"Precio base USD convertido; respaldo provisional, revisar con proveedor";2026-08-19;provisional;por_verificar;no;base;"Respaldo convertido desde el precio base USD; no es precio local confirmado."
MQ-TELUROMETRO;Medidor de resistencia de puesta a tierra (telurómetro) con sus picas y cables de prueba.;maquinaria;h;CO;COP;37543.8;;;"Precio base USD convertido; respaldo provisional, revisar con proveedor";2026-08-19;provisional;por_verificar;no;base;"Respaldo convertido desde el precio base USD; no es precio local confirmado."
MQ-TELUROMETRO;Medidor de resistencia de puesta a tierra (telurómetro) con sus picas y cables de prueba.;maquinaria;h;PE;PEN;40.44;;;"Precio base USD convertido; respaldo provisional, revisar con proveedor";2026-08-19;provisional;por_verificar;no;base;"Respaldo convertido desde el precio base USD; no es precio local confirmado."
MQ-TELUROMETRO;Medidor de resistencia de puesta a tierra (telurómetro) con sus picas y cables de prueba.;maquinaria;h;MX;MXN;204.72;;;"Precio base USD convertido; respaldo provisional, revisar con proveedor";2026-08-19;provisional;por_verificar;no;base;"Respaldo convertido desde el precio base USD; no es precio local confirmado."
MQ-TELUROMETRO;Medidor de resistencia de puesta a tierra (telurómetro) con sus picas y cables de prueba.;maquinaria;h;EC;USD;12;;;"Precio base USD convertido; respaldo provisional, revisar con proveedor";2026-08-19;provisional;por_verificar;no;base;"Respaldo convertido desde el precio base USD; no es precio local confirmado."
